[06lug2025 12:43:55.566] [main/INFO] [cpw.mods.modlauncher.Launcher/MODLAUNCHER]: ModLauncher running: args [--mod, immersiveores, --all, --output, D:\Programmazione\Mod\Immersive Ores\NEOFORGE\1.21.1\src\generated\resources, --existing, D:\Programmazione\Mod\Immersive Ores\NEOFORGE\1.21.1\src\main\resources, --launchTarget, forgedatauserdev, --assetIndex, asset-index, --assetsDir, C:\Users\rosar\.gradle\caches\minecraft\assets, --gameDir, ., --fml.neoForgeVersion, 21.1.161, --fml.fmlVersion, 4.0.38, --fml.mcVersion, 1.21.1, --fml.neoFormVersion, 20240808.144430]
[06lug2025 12:43:55.572] [main/INFO] [cpw.mods.modlauncher.Launcher/MODLAUNCHER]: JVM identified as Amazon.com Inc. OpenJDK 64-Bit Server VM 21.0.6+7-LTS
[06lug2025 12:43:55.575] [main/INFO] [cpw.mods.modlauncher.Launcher/MODLAUNCHER]: ModLauncher 11.0.4+main.d2e20e43 starting: java version 21.0.6 by Amazon.com Inc.; OS Windows 11 arch amd64 version 10.0
[06lug2025 12:43:55.625] [main/DEBUG] [cpw.mods.modlauncher.LaunchServiceHandler/MODLAUNCHER]: Found launch services [minecraft,forgeclient,forgedatauserdev,testharness,forgeserverdev,forgeserveruserdev,forgejunitdev,forgeclientdev,forgeclientuserdev,forgeserver,forgejunituserdev,forgedatadev]
[06lug2025 12:43:55.659] [main/DEBUG] [cpw.mods.modlauncher.LaunchPluginHandler/MODLAUNCHER]: Found launch plugins: [mixin,slf4jfixer,runtime_enum_extender,accesstransformer,runtimedistcleaner]
[06lug2025 12:43:55.666] [main/DEBUG] [cpw.mods.modlauncher.TransformationServicesHandler/MODLAUNCHER]: Discovering transformation services
[06lug2025 12:43:55.670] [main/DEBUG] [net.neoforged.fml.loading.FMLPaths/CORE]: Path GAMEDIR is D:\Programmazione\Mod\Immersive Ores\NEOFORGE\1.21.1\runs\templateData
[06lug2025 12:43:55.671] [main/DEBUG] [net.neoforged.fml.loading.FMLPaths/CORE]: Path MODSDIR is D:\Programmazione\Mod\Immersive Ores\NEOFORGE\1.21.1\runs\templateData\mods
[06lug2025 12:43:55.671] [main/DEBUG] [net.neoforged.fml.loading.FMLPaths/CORE]: Path CONFIGDIR is D:\Programmazione\Mod\Immersive Ores\NEOFORGE\1.21.1\runs\templateData\config
[06lug2025 12:43:55.671] [main/DEBUG] [net.neoforged.fml.loading.FMLPaths/CORE]: Path FMLCONFIG is D:\Programmazione\Mod\Immersive Ores\NEOFORGE\1.21.1\runs\templateData\config\fml.toml
[06lug2025 12:43:55.694] [main/WARN] [net.neoforged.fml.loading.FMLConfig/CORE]: Configuration file D:\Programmazione\Mod\Immersive Ores\NEOFORGE\1.21.1\runs\templateData\config\fml.toml is not correct. Correcting
[06lug2025 12:43:55.705] [main/TRACE] [net.neoforged.fml.loading.FMLConfig/CORE]: Loaded FML config from D:\Programmazione\Mod\Immersive Ores\NEOFORGE\1.21.1\runs\templateData\config\fml.toml
[06lug2025 12:43:55.706] [main/TRACE] [net.neoforged.fml.loading.FMLConfig/CORE]: FMLConfig disableConfigWatcher is false
[06lug2025 12:43:55.706] [main/TRACE] [net.neoforged.fml.loading.FMLConfig/CORE]: FMLConfig earlyWindowControl is true
[06lug2025 12:43:55.706] [main/TRACE] [net.neoforged.fml.loading.FMLConfig/CORE]: FMLConfig maxThreads is 16
[06lug2025 12:43:55.706] [main/TRACE] [net.neoforged.fml.loading.FMLConfig/CORE]: FMLConfig versionCheck is true
[06lug2025 12:43:55.706] [main/TRACE] [net.neoforged.fml.loading.FMLConfig/CORE]: FMLConfig defaultConfigPath is defaultconfigs
[06lug2025 12:43:55.706] [main/TRACE] [net.neoforged.fml.loading.FMLConfig/CORE]: FMLConfig disableOptimizedDFU is true
[06lug2025 12:43:55.707] [main/TRACE] [net.neoforged.fml.loading.FMLConfig/CORE]: FMLConfig earlyWindowProvider is fmlearlywindow
[06lug2025 12:43:55.707] [main/TRACE] [net.neoforged.fml.loading.FMLConfig/CORE]: FMLConfig earlyWindowWidth is 854
[06lug2025 12:43:55.707] [main/TRACE] [net.neoforged.fml.loading.FMLConfig/CORE]: FMLConfig earlyWindowHeight is 480
[06lug2025 12:43:55.707] [main/TRACE] [net.neoforged.fml.loading.FMLConfig/CORE]: FMLConfig earlyWindowFBScale is 1
[06lug2025 12:43:55.707] [main/TRACE] [net.neoforged.fml.loading.FMLConfig/CORE]: FMLConfig earlyWindowMaximized is false
[06lug2025 12:43:55.707] [main/TRACE] [net.neoforged.fml.loading.FMLConfig/CORE]: FMLConfig earlyWindowSkipGLVersions is []
[06lug2025 12:43:55.707] [main/TRACE] [net.neoforged.fml.loading.FMLConfig/CORE]: FMLConfig earlyWindowSquir is false
[06lug2025 12:43:55.714] [main/DEBUG] [net.neoforged.fml.loading.targets.CommonLaunchHandler/CORE]: Got mod coordinates 1.21.1%%D:\Programmazione\Mod\Immersive Ores\NEOFORGE\1.21.1\build\resources\main;1.21.1%%D:\Programmazione\Mod\Immersive Ores\NEOFORGE\1.21.1\build\classes\java\main from env
[06lug2025 12:43:55.717] [main/DEBUG] [net.neoforged.fml.loading.targets.CommonLaunchHandler/CORE]: Found supplied mod coordinates [{1.21.1=[D:\Programmazione\Mod\Immersive Ores\NEOFORGE\1.21.1\build\resources\main, D:\Programmazione\Mod\Immersive Ores\NEOFORGE\1.21.1\build\classes\java\main]}]
[06lug2025 12:43:55.721] [main/DEBUG] [cpw.mods.modlauncher.TransformationServicesHandler/MODLAUNCHER]: Found additional transformation services from discovery services: 
[06lug2025 12:43:55.726] [main/INFO] [net.neoforged.fml.loading.ImmediateWindowHandler/]: ImmediateWindowProvider not loading because launch target is forgedatauserdev
[06lug2025 12:43:55.734] [main/DEBUG] [cpw.mods.modlauncher.TransformationServicesHandler/MODLAUNCHER]: Found transformer services : [mixin,fml]
[06lug2025 12:43:55.734] [main/DEBUG] [cpw.mods.modlauncher.TransformationServicesHandler/MODLAUNCHER]: Transformation services loading
[06lug2025 12:43:55.734] [main/DEBUG] [cpw.mods.modlauncher.TransformationServiceDecorator/MODLAUNCHER]: Loading service mixin
[06lug2025 12:43:55.734] [main/DEBUG] [cpw.mods.modlauncher.TransformationServiceDecorator/MODLAUNCHER]: Loaded service mixin
[06lug2025 12:43:55.734] [main/DEBUG] [cpw.mods.modlauncher.TransformationServiceDecorator/MODLAUNCHER]: Loading service fml
[06lug2025 12:43:55.735] [main/DEBUG] [net.neoforged.fml.loading.FMLLoader/CORE]: FML 4.0.38 loading
[06lug2025 12:43:55.735] [main/DEBUG] [net.neoforged.fml.loading.FMLLoader/CORE]: FML found ModLauncher version : 11.0.4+main.d2e20e43
[06lug2025 12:43:55.735] [main/DEBUG] [net.neoforged.fml.loading.FMLLoader/CORE]: FML found AccessTransformer version : 10.0.1+139da711
[06lug2025 12:43:55.736] [main/DEBUG] [net.neoforged.fml.loading.FMLLoader/CORE]: FML found EventBus version : null
[06lug2025 12:43:55.736] [main/DEBUG] [net.neoforged.fml.loading.FMLLoader/CORE]: Found Runtime Dist Cleaner
[06lug2025 12:43:55.736] [main/DEBUG] [cpw.mods.modlauncher.TransformationServiceDecorator/MODLAUNCHER]: Loaded service fml
[06lug2025 12:43:55.737] [main/DEBUG] [cpw.mods.modlauncher.TransformationServicesHandler/MODLAUNCHER]: Configuring option handling for services
[06lug2025 12:43:55.754] [main/DEBUG] [net.neoforged.fml.loading.FMLServiceProvider/CORE]: Received command line version data  : VersionInfo[neoForgeVersion=21.1.161, fmlVersion=4.0.38, mcVersion=1.21.1, neoFormVersion=20240808.144430]
[06lug2025 12:43:55.754] [main/DEBUG] [cpw.mods.modlauncher.TransformationServicesHandler/MODLAUNCHER]: Transformation services initializing
[06lug2025 12:43:55.754] [main/DEBUG] [cpw.mods.modlauncher.TransformationServiceDecorator/MODLAUNCHER]: Initializing transformation service mixin
[06lug2025 12:43:55.766] [main/DEBUG] [mixin/]: MixinService [ModLauncher] was successfully booted in cpw.mods.cl.ModuleClassLoader@161b062a
[06lug2025 12:43:55.780] [main/INFO] [mixin/]: SpongePowered MIXIN Subsystem Version=0.8.7 Source=union:/C:/Users/rosar/.gradle/caches/modules-2/files-2.1/net.fabricmc/sponge-mixin/0.15.2+mixin.0.8.7/2af2f021d8e02a0220dc27a7a72b4666d66d44ca/sponge-mixin-0.15.2+mixin.0.8.7.jar%23135!/ Service=ModLauncher Env=CLIENT
[06lug2025 12:43:55.782] [main/DEBUG] [mixin/]: Initialising Mixin Platform Manager
[06lug2025 12:43:55.783] [main/DEBUG] [mixin/]: Adding mixin platform agents for container ModLauncher Root Container(ModLauncher:4f56a0a2)
[06lug2025 12:43:55.783] [main/DEBUG] [mixin/]: Instancing new MixinPlatformAgentMinecraftForge for ModLauncher Root Container(ModLauncher:4f56a0a2)
[06lug2025 12:43:55.783] [main/DEBUG] [mixin/]: MixinPlatformAgentMinecraftForge rejected container ModLauncher Root Container(ModLauncher:4f56a0a2)
[06lug2025 12:43:55.784] [main/DEBUG] [mixin/]: Instancing new MixinPlatformAgentDefault for ModLauncher Root Container(ModLauncher:4f56a0a2)
[06lug2025 12:43:55.784] [main/DEBUG] [mixin/]: MixinPlatformAgentDefault accepted container ModLauncher Root Container(ModLauncher:4f56a0a2)
[06lug2025 12:43:55.785] [main/DEBUG] [cpw.mods.modlauncher.TransformationServiceDecorator/MODLAUNCHER]: Initialized transformation service mixin
[06lug2025 12:43:55.785] [main/DEBUG] [cpw.mods.modlauncher.TransformationServiceDecorator/MODLAUNCHER]: Initializing transformation service fml
[06lug2025 12:43:55.785] [main/DEBUG] [net.neoforged.fml.loading.FMLServiceProvider/CORE]: Setting up basic FML game directories
[06lug2025 12:43:55.786] [main/DEBUG] [net.neoforged.fml.loading.FMLPaths/CORE]: Path GAMEDIR is D:\Programmazione\Mod\Immersive Ores\NEOFORGE\1.21.1\runs\templateData
[06lug2025 12:43:55.786] [main/DEBUG] [net.neoforged.fml.loading.FMLPaths/CORE]: Path MODSDIR is D:\Programmazione\Mod\Immersive Ores\NEOFORGE\1.21.1\runs\templateData\mods
[06lug2025 12:43:55.786] [main/DEBUG] [net.neoforged.fml.loading.FMLPaths/CORE]: Path CONFIGDIR is D:\Programmazione\Mod\Immersive Ores\NEOFORGE\1.21.1\runs\templateData\config
[06lug2025 12:43:55.787] [main/DEBUG] [net.neoforged.fml.loading.FMLPaths/CORE]: Path FMLCONFIG is D:\Programmazione\Mod\Immersive Ores\NEOFORGE\1.21.1\runs\templateData\config\fml.toml
[06lug2025 12:43:55.787] [main/DEBUG] [net.neoforged.fml.loading.FMLServiceProvider/CORE]: Loading configuration
[06lug2025 12:43:55.788] [main/WARN] [net.neoforged.fml.loading.FMLConfig/CORE]: Configuration file D:\Programmazione\Mod\Immersive Ores\NEOFORGE\1.21.1\runs\templateData\config\fml.toml is not correct. Correcting
[06lug2025 12:43:55.788] [main/TRACE] [net.neoforged.fml.loading.FMLConfig/CORE]: Loaded FML config from D:\Programmazione\Mod\Immersive Ores\NEOFORGE\1.21.1\runs\templateData\config\fml.toml
[06lug2025 12:43:55.788] [main/TRACE] [net.neoforged.fml.loading.FMLConfig/CORE]: FMLConfig disableConfigWatcher is false
[06lug2025 12:43:55.788] [main/TRACE] [net.neoforged.fml.loading.FMLConfig/CORE]: FMLConfig earlyWindowControl is true
[06lug2025 12:43:55.790] [main/TRACE] [net.neoforged.fml.loading.FMLConfig/CORE]: FMLConfig maxThreads is 16
[06lug2025 12:43:55.790] [main/TRACE] [net.neoforged.fml.loading.FMLConfig/CORE]: FMLConfig versionCheck is true
[06lug2025 12:43:55.790] [main/TRACE] [net.neoforged.fml.loading.FMLConfig/CORE]: FMLConfig defaultConfigPath is defaultconfigs
[06lug2025 12:43:55.790] [main/TRACE] [net.neoforged.fml.loading.FMLConfig/CORE]: FMLConfig disableOptimizedDFU is true
[06lug2025 12:43:55.790] [main/TRACE] [net.neoforged.fml.loading.FMLConfig/CORE]: FMLConfig earlyWindowProvider is fmlearlywindow
[06lug2025 12:43:55.790] [main/TRACE] [net.neoforged.fml.loading.FMLConfig/CORE]: FMLConfig earlyWindowWidth is 854
[06lug2025 12:43:55.790] [main/TRACE] [net.neoforged.fml.loading.FMLConfig/CORE]: FMLConfig earlyWindowHeight is 480
[06lug2025 12:43:55.790] [main/TRACE] [net.neoforged.fml.loading.FMLConfig/CORE]: FMLConfig earlyWindowFBScale is 1
[06lug2025 12:43:55.790] [main/TRACE] [net.neoforged.fml.loading.FMLConfig/CORE]: FMLConfig earlyWindowMaximized is false
[06lug2025 12:43:55.790] [main/TRACE] [net.neoforged.fml.loading.FMLConfig/CORE]: FMLConfig earlyWindowSkipGLVersions is []
[06lug2025 12:43:55.790] [main/TRACE] [net.neoforged.fml.loading.FMLConfig/CORE]: FMLConfig earlyWindowSquir is false
[06lug2025 12:43:55.792] [main/DEBUG] [net.neoforged.fml.loading.LaunchContext/SCAN]: Located paths when launch context was created: [C:\Users\rosar\.gradle\caches\modules-2\files-2.1\net.neoforged.fancymodloader\earlydisplay\4.0.38\4b040bd68cf05bc5f6025161e4187fcfd6168241\earlydisplay-4.0.38.jar, C:\Users\rosar\.gradle\caches\modules-2\files-2.1\org.lwjgl\lwjgl-jemalloc\3.3.3\b543467b7ff3c6920539a88ee602d34098628be5\lwjgl-jemalloc-3.3.3.jar, C:\Users\rosar\.gradle\caches\modules-2\files-2.1\net.neoforged.fancymodloader\loader\4.0.38\93c846ca0115811833d7f7351641f11aebf88ff4\loader-4.0.38.jar, C:\Users\rosar\.gradle\caches\modules-2\files-2.1\it.unimi.dsi\fastutil\8.5.12\c24946d46824bd528054bface3231d2ecb7e95e8\fastutil-8.5.12.jar, C:\Users\rosar\.gradle\caches\modules-2\files-2.1\com.mojang\text2speech\1.17.9\3cad216e3a7f0c19b4b394388bc9ffc446f13b14\text2speech-1.17.9.jar, C:\Users\rosar\.gradle\caches\modules-2\files-2.1\net.fabricmc\sponge-mixin\0.15.2+mixin.0.8.7\2af2f021d8e02a0220dc27a7a72b4666d66d44ca\sponge-mixin-0.15.2+mixin.0.8.7.jar, C:\Users\rosar\.gradle\caches\modules-2\files-2.1\com.google.code.gson\gson\2.10.1\b3add478d4382b78ea20b1671390a858002feb6c\gson-2.10.1.jar, C:\Users\rosar\.gradle\caches\modules-2\files-2.1\net.neoforged\JarJarMetadata\0.4.1\f8da03683dc81694556dc3e177c5e3bb77ae6fcb\JarJarMetadata-0.4.1.jar, C:\Users\rosar\.gradle\caches\modules-2\files-2.1\com.mojang\authlib\6.0.54\de8bc95660e1b2fe8793fd427a7a10dcec5b3ea7\authlib-6.0.54.jar, C:\Users\rosar\.gradle\caches\modules-2\files-2.1\net.neoforged\mergetool\2.0.3\1275202cbbb248f49345cf6787ce299afd9a02fb\mergetool-2.0.3-api.jar, C:\Users\rosar\.gradle\caches\modules-2\files-2.1\net.jodah\typetools\0.6.3\a01aaa6ddaea9ec07ec4f209487b7a46a526283a\typetools-0.6.3.jar, C:\Users\rosar\.gradle\caches\modules-2\files-2.1\net.minecraftforge\srgutils\0.4.15\ca408b131759478f164e010fae0d73997e125fb5\srgutils-0.4.15.jar, C:\Users\rosar\.gradle\caches\modules-2\files-2.1\com.electronwill.night-config\core\3.8.0\2498dd2b3120dd49e963e2feab8fa5d0c5f80e0a\core-3.8.0.jar, C:\Users\rosar\.gradle\caches\modules-2\files-2.1\net.neoforged\coremods\7.0.3\9147e6f638b4272b3bd5fc8f92ad37802512c6c\coremods-7.0.3.jar, C:\Users\rosar\.gradle\caches\modules-2\files-2.1\org.openjdk.nashorn\nashorn-core\15.4\f67f5ffaa5f5130cf6fb9b133da00c7df3b532a5\nashorn-core-15.4.jar, D:\Programmazione\Mod\Immersive Ores\NEOFORGE\1.21.1\.gradle\repositories\ng_dummy_ng\net\minecraft\client\1.21.1\client-1.21.1-client-extra.jar, C:\Users\rosar\.gradle\caches\modules-2\files-2.1\org.apache.logging.log4j\log4j-core\2.22.1\7183a25510a02ad00cc6a95d3b3d2a7d3c5a8dc4\log4j-core-2.22.1.jar, C:\Users\rosar\.gradle\caches\modules-2\files-2.1\commons-codec\commons-codec\1.16.0\4e3eb3d79888d76b54e28b350915b5dc3919c9de\commons-codec-1.16.0.jar, C:\Users\rosar\.gradle\caches\modules-2\files-2.1\com.google.guava\guava\32.1.2-jre\5e64ec7e056456bef3a4bc4c6fdaef71e8ab6318\guava-32.1.2-jre.jar, C:\Users\rosar\.gradle\caches\modules-2\files-2.1\ca.weblite\java-objc-bridge\1.1\1227f9e0666314f9de41477e3ec277e542ed7f7b\java-objc-bridge-1.1.jar, C:\Users\rosar\.gradle\caches\modules-2\files-2.1\org.apache.commons\commons-compress\1.26.0\659feffdd12280201c8aacb8f7be94f9a883c824\commons-compress-1.26.0.jar, C:\Users\rosar\.gradle\caches\modules-2\files-2.1\org.jcraft\jorbis\0.0.17\8872d22b293e8f5d7d56ff92be966e6dc28ebdc6\jorbis-0.0.17.jar, C:\Users\rosar\.gradle\caches\modules-2\files-2.1\org.lwjgl\lwjgl\3.3.3\29589b5f87ed335a6c7e7ee6a5775f81f97ecb84\lwjgl-3.3.3.jar, C:\Users\rosar\.gradle\caches\modules-2\files-2.1\org.lwjgl\lwjgl\3.3.3\9e670718e050aeaeea0c2d5b907cffb142f2e58f\lwjgl-3.3.3-natives-windows-x86.jar, C:\Users\rosar\.gradle\caches\modules-2\files-2.1\org.jetbrains\annotations\24.1.0\7af6a669488450c4a07c2c3254e2151df42d7d04\annotations-24.1.0.jar, C:\Users\rosar\.gradle\caches\modules-2\files-2.1\org.apache.maven\maven-artifact\3.8.5\4433f50c07debefaed0553bd0068f4f48d449313\maven-artifact-3.8.5.jar, C:\Users\rosar\.gradle\caches\modules-2\files-2.1\com.google.code.findbugs\jsr305\3.0.2\25ea2e8b0c338a877313bd4672d3fe056ea78f0d\jsr305-3.0.2.jar, C:\Users\rosar\.gradle\caches\modules-2\files-2.1\com.google.errorprone\error_prone_annotations\2.18.0\89b684257096f548fa39a7df9fdaa409d4d4df91\error_prone_annotations-2.18.0.jar, C:\Users\rosar\.gradle\caches\modules-2\files-2.1\io.netty\netty-resolver\4.1.97.Final\cec8348108dc76c47cf87c669d514be52c922144\netty-resolver-4.1.97.Final.jar, C:\Users\rosar\.gradle\caches\modules-2\files-2.1\org.lwjgl\lwjgl-openal\3.3.3\daada81ceb5fc0c291fbfdd4433cb8d9423577f2\lwjgl-openal-3.3.3.jar, C:\Users\rosar\.gradle\caches\modules-2\files-2.1\net.minecrell\terminalconsoleappender\1.3.0\b562e9bb61235c9520e26282cdee71f8f802d1fc\terminalconsoleappender-1.3.0.jar, C:\Users\rosar\.gradle\caches\modules-2\files-2.1\org.lwjgl\lwjgl-opengl\3.3.3\2f6b0147078396a58979125a4c947664e98293a\lwjgl-opengl-3.3.3.jar, C:\Users\rosar\.gradle\caches\modules-2\files-2.1\io.netty\netty-handler\4.1.97.Final\abb86c6906bf512bf2b797a41cd7d2e8d3cd7c36\netty-handler-4.1.97.Final.jar, C:\Users\rosar\.gradle\caches\modules-2\files-2.1\com.google.guava\listenablefuture\9999.0-empty-to-avoid-conflict-with-guava\b421526c5f297295adef1c886e5246c39d4ac629\listenablefuture-9999.0-empty-to-avoid-conflict-with-guava.jar, C:\Users\rosar\.gradle\caches\modules-2\files-2.1\org.apache.commons\commons-lang3\3.14.0\1ed471194b02f2c6cb734a0cd6f6f107c673afae\commons-lang3-3.14.0.jar, C:\Users\rosar\.gradle\caches\modules-2\files-2.1\org.antlr\antlr4-runtime\4.13.1\17125bae1d965624e265ef49552f6465a2bfa307\antlr4-runtime-4.13.1.jar, C:\Users\rosar\.gradle\caches\modules-2\files-2.1\cpw.mods\modlauncher\11.0.4\6619d4812a3c092310d521ebc4c9503727563df7\modlauncher-11.0.4.jar, C:\Users\rosar\.gradle\caches\modules-2\files-2.1\io.netty\netty-common\4.1.97.Final\7cceacaf11df8dc63f23d0fb58e9d4640fc88404\netty-common-4.1.97.Final.jar, C:\Users\rosar\.gradle\caches\modules-2\files-2.1\net.neoforged\bus\8.0.2\163c9ef7c4bcca6d850c34e95261b606af91fe06\bus-8.0.2.jar, C:\Users\rosar\.gradle\caches\modules-2\files-2.1\org.lwjgl\lwjgl-stb\3.3.3\1d9facdf6541de114b0f963be33505b7679c78cb\lwjgl-stb-3.3.3-natives-windows.jar, C:\Users\rosar\.gradle\caches\modules-2\files-2.1\io.netty\netty-transport\4.1.97.Final\f37380d23c9bb079bc702910833b2fd532c9abd0\netty-transport-4.1.97.Final.jar, C:\Users\rosar\.gradle\caches\modules-2\files-2.1\commons-io\commons-io\2.15.1\f11560da189ab563a5c8e351941415430e9304ea\commons-io-2.15.1.jar, C:\Users\rosar\.gradle\caches\modules-2\files-2.1\com.electronwill.night-config\toml\3.8.0\861dbcf2757dd6701c98b3949198549ccb5f62ff\toml-3.8.0.jar, C:\Users\rosar\.gradle\caches\modules-2\files-2.1\net.neoforged\JarJarSelector\0.4.1\fb3cc7a58af22ad2880adb98af6d518128c47dae\JarJarSelector-0.4.1.jar, C:\Users\rosar\.gradle\caches\modules-2\files-2.1\org.lz4\lz4-java\1.8.0\4b986a99445e49ea5fbf5d149c4b63f6ed6c6780\lz4-java-1.8.0.jar, C:\Users\rosar\.gradle\caches\modules-2\files-2.1\org.lwjgl\lwjgl-glfw\3.3.3\32334f3fd5270a59bad9939a93115acb6de36dcf\lwjgl-glfw-3.3.3-natives-windows-x86.jar, C:\Users\rosar\.gradle\caches\modules-2\files-2.1\org.apache.httpcomponents\httpcore\4.4.16\51cf043c87253c9f58b539c9f7e44c8894223850\httpcore-4.4.16.jar, C:\Users\rosar\.gradle\caches\modules-2\files-2.1\org.slf4j\slf4j-api\2.0.9\7cf2726fdcfbc8610f9a71fb3ed639871f315340\slf4j-api-2.0.9.jar, C:\Users\rosar\.gradle\caches\modules-2\files-2.1\io.netty\netty-codec\4.1.97.Final\384ba4d75670befbedb45c4d3b497a93639c206d\netty-codec-4.1.97.Final.jar, C:\Users\rosar\.gradle\caches\modules-2\files-2.1\net.neoforged.accesstransformers\at-modlauncher\10.0.1\5aba50202aceead086bc09fbc2751c9f05cb4890\at-modlauncher-10.0.1.jar, C:\Users\rosar\.gradle\caches\modules-2\files-2.1\com.mojang\datafixerupper\8.0.16\67d4de6d7f95d89bcf5862995fb854ebaec02a34\datafixerupper-8.0.16.jar, C:\Users\rosar\.gradle\caches\modules-2\files-2.1\net.neoforged\neoform\1.21.1-20240808.144430\811e2bd86fa2cda2812e5e8e51d718ea8bd6d3f4\neoform-1.21.1-20240808.144430.zip, C:\Users\rosar\.gradle\caches\modules-2\files-2.1\com.google.guava\failureaccess\1.0.1\1dcf1de382a0bf95a3d8b0849546c88bac1292c9\failureaccess-1.0.1.jar, C:\Users\rosar\.gradle\caches\modules-2\files-2.1\net.neoforged\accesstransformers\10.0.1\fd83b5725f76eae9115e9355fa1c456a6a441400\accesstransformers-10.0.1.jar, C:\Users\rosar\.gradle\caches\modules-2\files-2.1\commons-logging\commons-logging\1.2\4bfc12adfe4842bf07b657f0369c4cb522955686\commons-logging-1.2.jar, C:\Users\rosar\.gradle\caches\modules-2\files-2.1\io.netty\netty-transport-classes-epoll\4.1.97.Final\795da37ded759e862457a82d9d92c4d39ce8ecee\netty-transport-classes-epoll-4.1.97.Final.jar, C:\Users\rosar\.gradle\caches\modules-2\files-2.1\org.checkerframework\checker-qual\3.33.0\de2b60b62da487644fc11f734e73c8b0b431238f\checker-qual-3.33.0.jar, C:\Users\rosar\.gradle\caches\modules-2\files-2.1\com.google.j2objc\j2objc-annotations\2.8\c85270e307e7b822f1086b93689124b89768e273\j2objc-annotations-2.8.jar, C:\Users\rosar\.gradle\caches\modules-2\files-2.1\org.lwjgl\lwjgl-jemalloc\3.3.3\426222fc027602a5f21b9c0fe79cde6a4c7a011f\lwjgl-jemalloc-3.3.3-natives-windows.jar, C:\Users\rosar\.gradle\caches\modules-2\files-2.1\com.mojang\patchy\2.2.10\da05971b07cbb379d002cf7eaec6a2048211fefc\patchy-2.2.10.jar, C:\Users\rosar\.gradle\caches\modules-2\files-2.1\org.joml\joml\1.10.5\22566d58af70ad3d72308bab63b8339906deb649\joml-1.10.5.jar, C:\Users\rosar\.gradle\caches\modules-2\files-2.1\org.jline\jline-terminal\3.20.0\d0ddcc708ddf527a3454c941b7b9225cc83a15ff\jline-terminal-3.20.0.jar, C:\Users\rosar\.gradle\caches\modules-2\files-2.1\org.codehaus.plexus\plexus-utils\3.3.0\cf43b5391de623b36fe066a21127baef82c64022\plexus-utils-3.3.0.jar, C:\Users\rosar\.gradle\caches\modules-2\files-2.1\org.lwjgl\lwjgl-stb\3.3.3\25dd6161988d7e65f71d5065c99902402ee32746\lwjgl-stb-3.3.3.jar, C:\Users\rosar\.gradle\caches\modules-2\files-2.1\com.mojang\logging\1.2.7\24cb95ffb0e3433fd6e844c04e68009e504ca1c0\logging-1.2.7.jar, C:\Users\rosar\.gradle\caches\modules-2\files-2.1\org.lwjgl\lwjgl-glfw\3.3.3\efa1eb78c5ccd840e9f329717109b5e892d72f8e\lwjgl-glfw-3.3.3.jar, C:\Users\rosar\.gradle\caches\modules-2\files-2.1\com.ibm.icu\icu4j\73.2\61ad4ef7f9131fcf6d25c34b817f90d6da06c9e9\icu4j-73.2.jar, C:\Users\rosar\.gradle\caches\modules-2\files-2.1\net.java.dev.jna\jna\5.14.0\67bf3eaea4f0718cb376a181a629e5f88fa1c9dd\jna-5.14.0.jar, C:\Users\rosar\.gradle\caches\modules-2\files-2.1\org.apache.logging.log4j\log4j-api\2.22.1\bea6fede6328fabafd7e68363161a7ea6605abd1\log4j-api-2.22.1.jar, C:\Users\rosar\.gradle\caches\modules-2\files-2.1\com.machinezoo.noexception\noexception\1.7.1\b65330c98e38a1f915fa54a6e5eca496505e3f0a\noexception-1.7.1.jar, C:\Users\rosar\.gradle\caches\modules-2\files-2.1\io.netty\netty-transport-native-unix-common\4.1.97.Final\d469d84265ab70095b01b40886cabdd433b6e664\netty-transport-native-unix-common-4.1.97.Final.jar, C:\Users\rosar\.gradle\caches\modules-2\files-2.1\net.java.dev.jna\jna-platform\5.14.0\28934d48aed814f11e4c584da55c49fa7032b31b\jna-platform-5.14.0.jar, C:\Users\rosar\.gradle\caches\modules-2\files-2.1\org.apache.logging.log4j\log4j-slf4j2-impl\2.22.1\d7e6693c2606cb7e7335047d7bb96dec52db5665\log4j-slf4j2-impl-2.22.1.jar, C:\Users\rosar\.gradle\caches\modules-2\files-2.1\net.sf.jopt-simple\jopt-simple\5.0.4\4fdac2fbe92dfad86aa6e9301736f6b4342a3f5c\jopt-simple-5.0.4.jar, C:\Users\rosar\.gradle\caches\modules-2\files-2.1\com.github.oshi\oshi-core\6.4.10\b1d8ab82d11d92fd639b56d639f8f46f739dd5fa\oshi-core-6.4.10.jar, C:\Users\rosar\.gradle\caches\modules-2\files-2.1\org.lwjgl\lwjgl-freetype\3.3.3\15a8c1de7f51d07a92eae7ce1222557073a0c0c3\lwjgl-freetype-3.3.3-natives-windows-x86.jar, C:\Users\rosar\.gradle\caches\modules-2\files-2.1\org.lwjgl\lwjgl-openal\3.3.3\87b8d5050e3adb46bb58fe1cb2669a4a48fce10d\lwjgl-openal-3.3.3-natives-windows-x86.jar, C:\Users\rosar\.gradle\caches\modules-2\files-2.1\org.jline\jline-reader\3.20.0\8f15415b022a25b473e8e16c28ae913186ffb9c4\jline-reader-3.20.0.jar, C:\Users\rosar\.gradle\caches\modules-2\files-2.1\org.lwjgl\lwjgl-tinyfd\3.3.3\82d755ca94b102e9ca77283b9e2dc46d1b15fbe5\lwjgl-tinyfd-3.3.3.jar, C:\Users\rosar\.gradle\caches\modules-2\files-2.1\org.lwjgl\lwjgl-tinyfd\3.3.3\a6697981b0449a5087c1d546fc08b4f73e8f98c9\lwjgl-tinyfd-3.3.3-natives-windows.jar, C:\Users\rosar\.gradle\caches\modules-2\files-2.1\io.netty\netty-buffer\4.1.97.Final\f8f3d8644afa5e6e1a40a3a6aeb9d9aa970ecb4f\netty-buffer-4.1.97.Final.jar, C:\Users\rosar\.gradle\caches\modules-2\files-2.1\org.lwjgl\lwjgl-opengl\3.3.3\65e956d3735a1abdc82eff4baec1b61174697d4b\lwjgl-opengl-3.3.3-natives-windows-arm64.jar, C:\Users\rosar\.gradle\caches\modules-2\files-2.1\org.apache.httpcomponents\httpclient\4.5.13\e5f6cae5ca7ecaac1ec2827a9e2d65ae2869cada\httpclient-4.5.13.jar, C:\Users\rosar\.gradle\caches\modules-2\files-2.1\com.mojang\brigadier\1.3.10\d15b53a14cf20fdcaa98f731af5dda654452c010\brigadier-1.3.10.jar, C:\Users\rosar\.gradle\caches\modules-2\files-2.1\org.lwjgl\lwjgl-freetype\3.3.3\a0db6c84a8becc8ca05f9dbfa985edc348a824c7\lwjgl-freetype-3.3.3.jar, C:\Users\rosar\.gradle\caches\modules-2\files-2.1\com.mojang\blocklist\1.0.10\5c685c5ffa94c4cd39496c7184c1d122e515ecef\blocklist-1.0.10.jar]
[06lug2025 12:43:55.793] [main/DEBUG] [net.neoforged.fml.loading.FMLServiceProvider/CORE]: Preparing launch handler
[06lug2025 12:43:55.793] [main/DEBUG] [net.neoforged.fml.loading.FMLLoader/CORE]: Using forgedatauserdev as launch service
[06lug2025 12:43:55.793] [main/DEBUG] [net.neoforged.fml.common.asm.RuntimeDistCleaner/DISTXFORM]: Configuring for Dist CLIENT
[06lug2025 12:43:55.794] [main/DEBUG] [cpw.mods.modlauncher.TransformationServiceDecorator/MODLAUNCHER]: Initialized transformation service fml
[06lug2025 12:43:55.795] [main/DEBUG] [cpw.mods.modlauncher.TransformationServicesHandler/MODLAUNCHER]: Transformation services begin scanning
[06lug2025 12:43:55.795] [main/DEBUG] [cpw.mods.modlauncher.TransformationServiceDecorator/MODLAUNCHER]: Beginning scan trigger - transformation service mixin
[06lug2025 12:43:55.795] [main/DEBUG] [cpw.mods.modlauncher.TransformationServiceDecorator/MODLAUNCHER]: End scan trigger - transformation service mixin
[06lug2025 12:43:55.795] [main/DEBUG] [cpw.mods.modlauncher.TransformationServiceDecorator/MODLAUNCHER]: Beginning scan trigger - transformation service fml
[06lug2025 12:43:55.795] [main/DEBUG] [net.neoforged.fml.loading.FMLServiceProvider/CORE]: Initiating mod scan
[06lug2025 12:43:55.798] [main/DEBUG] [net.neoforged.fml.loading.targets.CommonLaunchHandler/CORE]: Got mod coordinates 1.21.1%%D:\Programmazione\Mod\Immersive Ores\NEOFORGE\1.21.1\build\resources\main;1.21.1%%D:\Programmazione\Mod\Immersive Ores\NEOFORGE\1.21.1\build\classes\java\main from env
[06lug2025 12:43:55.798] [main/DEBUG] [net.neoforged.fml.loading.targets.CommonLaunchHandler/CORE]: Found supplied mod coordinates [{1.21.1=[D:\Programmazione\Mod\Immersive Ores\NEOFORGE\1.21.1\build\resources\main, D:\Programmazione\Mod\Immersive Ores\NEOFORGE\1.21.1\build\classes\java\main]}]
[06lug2025 12:43:55.807] [main/DEBUG] [net.neoforged.fml.util.ServiceLoaderUtil/CORE]: Found 4 implementations of IModFileCandidateLocator:
[06lug2025 12:43:55.807] [main/DEBUG] [net.neoforged.fml.util.ServiceLoaderUtil/CORE]: 	       0 - [built-in] net.neoforged.fml.loading.moddiscovery.locators.NeoForgeDevProvider from loader-4.0.38.jar
[06lug2025 12:43:55.808] [main/DEBUG] [net.neoforged.fml.util.ServiceLoaderUtil/CORE]: 	       0 - net.neoforged.fml.loading.moddiscovery.locators.ModsFolderLocator from loader-4.0.38.jar
[06lug2025 12:43:55.808] [main/DEBUG] [net.neoforged.fml.util.ServiceLoaderUtil/CORE]: 	       0 - net.neoforged.fml.loading.moddiscovery.locators.MavenDirectoryLocator from loader-4.0.38.jar
[06lug2025 12:43:55.808] [main/DEBUG] [net.neoforged.fml.util.ServiceLoaderUtil/CORE]: 	   -1000 - [built-in] net.neoforged.fml.loading.moddiscovery.locators.UserdevLocator from loader-4.0.38.jar
[06lug2025 12:43:55.810] [main/DEBUG] [net.neoforged.fml.util.ServiceLoaderUtil/CORE]: Found 2 implementations of IModFileReader:
[06lug2025 12:43:55.810] [main/DEBUG] [net.neoforged.fml.util.ServiceLoaderUtil/CORE]: 	       0 - net.neoforged.fml.loading.moddiscovery.readers.JarModsDotTomlModFileReader from loader-4.0.38.jar
[06lug2025 12:43:55.810] [main/DEBUG] [net.neoforged.fml.util.ServiceLoaderUtil/CORE]: 	   -1000 - net.neoforged.fml.loading.moddiscovery.readers.NestedLibraryModReader from loader-4.0.38.jar
[06lug2025 12:43:55.811] [main/DEBUG] [net.neoforged.fml.util.ServiceLoaderUtil/CORE]: Found 1 implementations of IDependencyLocator:
[06lug2025 12:43:55.811] [main/DEBUG] [net.neoforged.fml.util.ServiceLoaderUtil/CORE]: 	       0 - net.neoforged.fml.loading.moddiscovery.locators.JarInJarDependencyLocator from loader-4.0.38.jar
[06lug2025 12:43:55.811] [main/DEBUG] [net.neoforged.fml.loading.moddiscovery.ModDiscoverer/SCAN]: Scanning for mods and other resources to load. We know 4 ways to find mods
[06lug2025 12:43:55.812] [main/DEBUG] [net.neoforged.fml.loading.moddiscovery.ModDiscoverer/SCAN]: Trying locator neoforge devenv provider ([D:\Programmazione\Mod\Immersive Ores\NEOFORGE\1.21.1\.gradle\repositories\ng_dummy_ng\net\neoforged\neoforge\21.1.161\neoforge-21.1.161.jar])
[06lug2025 12:43:55.940] [main/DEBUG] [net.neoforged.fml.loading.moddiscovery.ModFileInfo/LOADING]: Found valid mod file neoforge-21.1.161.jar with {minecraft} mods - versions {1.21.1}
[06lug2025 12:43:55.941] [main/INFO] [net.neoforged.fml.loading.moddiscovery.ModDiscoverer/SCAN]: Found mod file "neoforge-21.1.161.jar" [locator: neoforge devenv provider ([D:\Programmazione\Mod\Immersive Ores\NEOFORGE\1.21.1\.gradle\repositories\ng_dummy_ng\net\neoforged\neoforge\21.1.161\neoforge-21.1.161.jar])]
[06lug2025 12:43:55.947] [main/DEBUG] [net.neoforged.fml.loading.moddiscovery.readers.JarModsDotTomlModFileReader/SCAN]: Found META-INF/neoforge.mods.toml mod of type null: D:\Programmazione\Mod\Immersive Ores\NEOFORGE\1.21.1\.gradle\repositories\ng_dummy_ng\net\neoforged\neoforge\21.1.161\neoforge-21.1.161.jar
[06lug2025 12:43:55.947] [main/DEBUG] [net.neoforged.fml.loading.moddiscovery.ModFileParser/LOADING]: Considering mod file candidate D:\Programmazione\Mod\Immersive Ores\NEOFORGE\1.21.1\.gradle\repositories\ng_dummy_ng\net\neoforged\neoforge\21.1.161\neoforge-21.1.161.jar
[06lug2025 12:43:55.959] [main/DEBUG] [net.neoforged.fml.loading.moddiscovery.ModFileInfo/LOADING]: Found valid mod file neoforge-21.1.161.jar with {neoforge} mods - versions {21.1.161}
[06lug2025 12:43:55.959] [main/INFO] [net.neoforged.fml.loading.moddiscovery.ModDiscoverer/SCAN]: Found mod file "neoforge-21.1.161.jar" [locator: neoforge devenv provider ([D:\Programmazione\Mod\Immersive Ores\NEOFORGE\1.21.1\.gradle\repositories\ng_dummy_ng\net\neoforged\neoforge\21.1.161\neoforge-21.1.161.jar])]
[06lug2025 12:43:55.959] [main/DEBUG] [net.neoforged.fml.loading.moddiscovery.ModDiscoverer/SCAN]: Locator neoforge devenv provider ([D:\Programmazione\Mod\Immersive Ores\NEOFORGE\1.21.1\.gradle\repositories\ng_dummy_ng\net\neoforged\neoforge\21.1.161\neoforge-21.1.161.jar]) found 2 mods, 0 warnings, 0 errors and skipped 0 candidates
[06lug2025 12:43:55.960] [main/DEBUG] [net.neoforged.fml.loading.moddiscovery.ModDiscoverer/SCAN]: Trying locator {mods folder locator at D:\Programmazione\Mod\Immersive Ores\NEOFORGE\1.21.1\runs\templateData\mods}
[06lug2025 12:43:55.960] [main/DEBUG] [net.neoforged.fml.loading.moddiscovery.locators.ModsFolderLocator/SCAN]: Scanning mods dir D:\Programmazione\Mod\Immersive Ores\NEOFORGE\1.21.1\runs\templateData\mods for mods
[06lug2025 12:43:55.961] [main/DEBUG] [net.neoforged.fml.loading.moddiscovery.ModDiscoverer/SCAN]: Locator {mods folder locator at D:\Programmazione\Mod\Immersive Ores\NEOFORGE\1.21.1\runs\templateData\mods} found 0 mods, 0 warnings, 0 errors and skipped 0 candidates
[06lug2025 12:43:55.961] [main/DEBUG] [net.neoforged.fml.loading.moddiscovery.ModDiscoverer/SCAN]: Trying locator maven libs
[06lug2025 12:43:55.964] [main/DEBUG] [net.neoforged.fml.loading.moddiscovery.ModListHandler/CORE]: Found mod coordinates from lists: []
[06lug2025 12:43:55.964] [main/DEBUG] [net.neoforged.fml.loading.moddiscovery.ModDiscoverer/SCAN]: Locator maven libs found 0 mods, 0 warnings, 0 errors and skipped 0 candidates
[06lug2025 12:43:55.964] [main/DEBUG] [net.neoforged.fml.loading.moddiscovery.ModDiscoverer/SCAN]: Trying locator userdev mods and services
[06lug2025 12:43:55.968] [main/DEBUG] [net.neoforged.fml.loading.moddiscovery.readers.JarModsDotTomlModFileReader/SCAN]: Found META-INF/neoforge.mods.toml mod of type null: D:\Programmazione\Mod\Immersive Ores\NEOFORGE\1.21.1\build\resources\main
[06lug2025 12:43:55.968] [main/DEBUG] [net.neoforged.fml.loading.moddiscovery.ModFileParser/LOADING]: Considering mod file candidate D:\Programmazione\Mod\Immersive Ores\NEOFORGE\1.21.1\build\resources\main
[06lug2025 12:43:55.979] [main/DEBUG] [net.neoforged.fml.loading.moddiscovery.ModFileInfo/LOADING]: Found valid mod file main with {immersiveores} mods - versions {1.21.1-1.0.9}
[06lug2025 12:43:55.980] [main/INFO] [net.neoforged.fml.loading.moddiscovery.ModDiscoverer/SCAN]: Found mod file "main" [locator: userdev mods and services, reader: mod manifest]
[06lug2025 12:43:55.990] [main/DEBUG] [net.neoforged.fml.loading.moddiscovery.readers.JarModsDotTomlModFileReader/SCAN]: Found META-INF/neoforge.mods.toml mod of type null: D:\Programmazione\Mod\Immersive Ores\NEOFORGE\1.21.1\.gradle\repositories\ng_dummy_ng\net\neoforged\neoforge\21.1.161\neoforge-21.1.161.jar
[06lug2025 12:43:55.990] [main/DEBUG] [net.neoforged.fml.loading.moddiscovery.ModFileParser/LOADING]: Considering mod file candidate D:\Programmazione\Mod\Immersive Ores\NEOFORGE\1.21.1\.gradle\repositories\ng_dummy_ng\net\neoforged\neoforge\21.1.161\neoforge-21.1.161.jar
[06lug2025 12:43:55.992] [main/DEBUG] [net.neoforged.fml.loading.moddiscovery.ModFileInfo/LOADING]: Found valid mod file neoforge-21.1.161.jar with {neoforge} mods - versions {21.1.161}
[06lug2025 12:43:55.992] [main/INFO] [net.neoforged.fml.loading.moddiscovery.ModDiscoverer/SCAN]: Found mod file "neoforge-21.1.161.jar" [locator: userdev mods and services, reader: mod manifest]
[06lug2025 12:43:55.994] [main/DEBUG] [net.neoforged.fml.loading.moddiscovery.readers.JarModsDotTomlModFileReader/SCAN]: Found META-INF/neoforge.mods.toml mod of type null: C:\Users\rosar\.gradle\caches\modules-2\files-2.1\dev.architectury\architectury-neoforge\13.0.6\38a50ea8b2f951521359628f4fb1699e5dae944e\architectury-neoforge-13.0.6.jar
[06lug2025 12:43:55.994] [main/DEBUG] [net.neoforged.fml.loading.moddiscovery.ModFileParser/LOADING]: Considering mod file candidate C:\Users\rosar\.gradle\caches\modules-2\files-2.1\dev.architectury\architectury-neoforge\13.0.6\38a50ea8b2f951521359628f4fb1699e5dae944e\architectury-neoforge-13.0.6.jar
[06lug2025 12:43:55.995] [main/DEBUG] [net.neoforged.fml.loading.moddiscovery.ModFileInfo/LOADING]: Found valid mod file architectury-neoforge-13.0.6.jar with {architectury} mods - versions {13.0.6}
[06lug2025 12:43:55.995] [main/INFO] [net.neoforged.fml.loading.moddiscovery.ModDiscoverer/SCAN]: Found mod file "architectury-neoforge-13.0.6.jar" [locator: userdev mods and services, reader: mod manifest]
[06lug2025 12:43:55.997] [main/DEBUG] [net.neoforged.fml.loading.moddiscovery.readers.JarModsDotTomlModFileReader/SCAN]: Found META-INF/neoforge.mods.toml mod of type null: C:\Users\rosar\.gradle\caches\modules-2\files-2.1\me.shedaniel\RoughlyEnoughItems-neoforge\16.0.799\dbb0da2aea27ade998ca12208737525663e85683\RoughlyEnoughItems-neoforge-16.0.799.jar
[06lug2025 12:43:55.997] [main/DEBUG] [net.neoforged.fml.loading.moddiscovery.ModFileParser/LOADING]: Considering mod file candidate C:\Users\rosar\.gradle\caches\modules-2\files-2.1\me.shedaniel\RoughlyEnoughItems-neoforge\16.0.799\dbb0da2aea27ade998ca12208737525663e85683\RoughlyEnoughItems-neoforge-16.0.799.jar
[06lug2025 12:43:55.998] [main/DEBUG] [net.neoforged.fml.loading.moddiscovery.ModFileInfo/LOADING]: Found valid mod file RoughlyEnoughItems-neoforge-16.0.799.jar with {roughlyenoughitems} mods - versions {16.0.799}
[06lug2025 12:43:56.000] [main/INFO] [net.neoforged.fml.loading.moddiscovery.ModDiscoverer/SCAN]: Found mod file "RoughlyEnoughItems-neoforge-16.0.799.jar" [locator: userdev mods and services, reader: mod manifest]
[06lug2025 12:43:56.002] [main/DEBUG] [net.neoforged.fml.loading.moddiscovery.readers.JarModsDotTomlModFileReader/SCAN]: Found META-INF/neoforge.mods.toml mod of type null: C:\Users\rosar\.gradle\caches\modules-2\files-2.1\mezz.jei\jei-1.21.1-neoforge\19.21.0.247\4d9ed6b03c67148ffe7406a84deb168a632e0a60\jei-1.21.1-neoforge-19.21.0.247.jar
[06lug2025 12:43:56.002] [main/DEBUG] [net.neoforged.fml.loading.moddiscovery.ModFileParser/LOADING]: Considering mod file candidate C:\Users\rosar\.gradle\caches\modules-2\files-2.1\mezz.jei\jei-1.21.1-neoforge\19.21.0.247\4d9ed6b03c67148ffe7406a84deb168a632e0a60\jei-1.21.1-neoforge-19.21.0.247.jar
[06lug2025 12:43:56.003] [main/DEBUG] [net.neoforged.fml.loading.moddiscovery.ModFileInfo/LOADING]: Found valid mod file jei-1.21.1-neoforge-19.21.0.247.jar with {jei} mods - versions {19.21.0.247}
[06lug2025 12:43:56.003] [main/INFO] [net.neoforged.fml.loading.moddiscovery.ModDiscoverer/SCAN]: Found mod file "jei-1.21.1-neoforge-19.21.0.247.jar" [locator: userdev mods and services, reader: mod manifest]
[06lug2025 12:43:56.005] [main/DEBUG] [net.neoforged.fml.loading.moddiscovery.readers.JarModsDotTomlModFileReader/SCAN]: Found META-INF/neoforge.mods.toml mod of type null: C:\Users\rosar\.gradle\caches\modules-2\files-2.1\me.shedaniel.cloth\cloth-config-neoforge\15.0.130\4ff6b51cfb5c6cac437b18067d991a0f5f8743a7\cloth-config-neoforge-15.0.130-neoforge.jar
[06lug2025 12:43:56.005] [main/DEBUG] [net.neoforged.fml.loading.moddiscovery.ModFileParser/LOADING]: Considering mod file candidate C:\Users\rosar\.gradle\caches\modules-2\files-2.1\me.shedaniel.cloth\cloth-config-neoforge\15.0.130\4ff6b51cfb5c6cac437b18067d991a0f5f8743a7\cloth-config-neoforge-15.0.130-neoforge.jar
[06lug2025 12:43:56.006] [main/DEBUG] [net.neoforged.fml.loading.moddiscovery.ModFileInfo/LOADING]: Found valid mod file cloth-config-neoforge-15.0.130-neoforge.jar with {cloth_config} mods - versions {15.0.130}
[06lug2025 12:43:56.007] [main/INFO] [net.neoforged.fml.loading.moddiscovery.ModDiscoverer/SCAN]: Found mod file "cloth-config-neoforge-15.0.130-neoforge.jar" [locator: userdev mods and services, reader: mod manifest]
[06lug2025 12:43:56.017] [main/DEBUG] [net.neoforged.fml.loading.moddiscovery.ModDiscoverer/]: Skipping C:\Users\rosar\.gradle\caches\modules-2\files-2.1\net.neoforged.fancymodloader\earlydisplay\4.0.38\4b040bd68cf05bc5f6025161e4187fcfd6168241\earlydisplay-4.0.38.jar because it was already located earlier
[06lug2025 12:43:56.017] [main/DEBUG] [net.neoforged.fml.loading.moddiscovery.ModDiscoverer/]: Skipping C:\Users\rosar\.gradle\caches\modules-2\files-2.1\net.neoforged.fancymodloader\loader\4.0.38\93c846ca0115811833d7f7351641f11aebf88ff4\loader-4.0.38.jar because it was already located earlier
[06lug2025 12:43:56.017] [main/DEBUG] [net.neoforged.fml.loading.moddiscovery.ModDiscoverer/]: Skipping C:\Users\rosar\.gradle\caches\modules-2\files-2.1\net.neoforged\coremods\7.0.3\9147e6f638b4272b3bd5fc8f92ad37802512c6c\coremods-7.0.3.jar because it was already located earlier
[06lug2025 12:43:56.017] [main/DEBUG] [net.neoforged.fml.loading.moddiscovery.ModDiscoverer/]: Skipping C:\Users\rosar\.gradle\caches\modules-2\files-2.1\cpw.mods\modlauncher\11.0.4\6619d4812a3c092310d521ebc4c9503727563df7\modlauncher-11.0.4.jar because it was already located earlier
[06lug2025 12:43:56.017] [main/DEBUG] [net.neoforged.fml.loading.moddiscovery.ModDiscoverer/]: Skipping C:\Users\rosar\.gradle\caches\modules-2\files-2.1\net.neoforged.accesstransformers\at-modlauncher\10.0.1\5aba50202aceead086bc09fbc2751c9f05cb4890\at-modlauncher-10.0.1.jar because it was already located earlier
[06lug2025 12:43:56.017] [main/DEBUG] [net.neoforged.fml.loading.moddiscovery.ModDiscoverer/]: Skipping C:\Users\rosar\.gradle\caches\modules-2\files-2.1\net.neoforged\accesstransformers\10.0.1\fd83b5725f76eae9115e9355fa1c456a6a441400\accesstransformers-10.0.1.jar because it was already located earlier
[06lug2025 12:43:56.017] [main/DEBUG] [net.neoforged.fml.loading.moddiscovery.ModDiscoverer/]: Skipping C:\Users\rosar\.gradle\caches\modules-2\files-2.1\org.openjdk.nashorn\nashorn-core\15.4\f67f5ffaa5f5130cf6fb9b133da00c7df3b532a5\nashorn-core-15.4.jar because it was already located earlier
[06lug2025 12:43:56.017] [main/DEBUG] [net.neoforged.fml.loading.moddiscovery.ModDiscoverer/]: Skipping C:\Users\rosar\.gradle\caches\modules-2\files-2.1\net.neoforged\mergetool\2.0.3\1275202cbbb248f49345cf6787ce299afd9a02fb\mergetool-2.0.3-api.jar because it was already located earlier
[06lug2025 12:43:56.017] [main/DEBUG] [net.neoforged.fml.loading.moddiscovery.ModDiscoverer/]: Skipping C:\Users\rosar\.gradle\caches\modules-2\files-2.1\net.neoforged\bus\8.0.2\163c9ef7c4bcca6d850c34e95261b606af91fe06\bus-8.0.2.jar because it was already located earlier
[06lug2025 12:43:56.017] [main/DEBUG] [net.neoforged.fml.loading.moddiscovery.ModDiscoverer/]: Skipping C:\Users\rosar\.gradle\caches\modules-2\files-2.1\com.electronwill.night-config\toml\3.8.0\861dbcf2757dd6701c98b3949198549ccb5f62ff\toml-3.8.0.jar because it was already located earlier
[06lug2025 12:43:56.017] [main/DEBUG] [net.neoforged.fml.loading.moddiscovery.ModDiscoverer/]: Skipping C:\Users\rosar\.gradle\caches\modules-2\files-2.1\com.electronwill.night-config\core\3.8.0\2498dd2b3120dd49e963e2feab8fa5d0c5f80e0a\core-3.8.0.jar because it was already located earlier
[06lug2025 12:43:56.017] [main/DEBUG] [net.neoforged.fml.loading.moddiscovery.ModDiscoverer/]: Skipping C:\Users\rosar\.gradle\caches\modules-2\files-2.1\net.neoforged\JarJarSelector\0.4.1\fb3cc7a58af22ad2880adb98af6d518128c47dae\JarJarSelector-0.4.1.jar because it was already located earlier
[06lug2025 12:43:56.018] [main/DEBUG] [net.neoforged.fml.loading.moddiscovery.ModDiscoverer/]: Skipping C:\Users\rosar\.gradle\caches\modules-2\files-2.1\net.neoforged\JarJarMetadata\0.4.1\f8da03683dc81694556dc3e177c5e3bb77ae6fcb\JarJarMetadata-0.4.1.jar because it was already located earlier
[06lug2025 12:43:56.018] [main/DEBUG] [net.neoforged.fml.loading.moddiscovery.ModDiscoverer/]: Skipping C:\Users\rosar\.gradle\caches\modules-2\files-2.1\org.apache.maven\maven-artifact\3.8.5\4433f50c07debefaed0553bd0068f4f48d449313\maven-artifact-3.8.5.jar because it was already located earlier
[06lug2025 12:43:56.018] [main/DEBUG] [net.neoforged.fml.loading.moddiscovery.ModDiscoverer/]: Skipping C:\Users\rosar\.gradle\caches\modules-2\files-2.1\net.jodah\typetools\0.6.3\a01aaa6ddaea9ec07ec4f209487b7a46a526283a\typetools-0.6.3.jar because it was already located earlier
[06lug2025 12:43:56.018] [main/DEBUG] [net.neoforged.fml.loading.moddiscovery.ModDiscoverer/]: Skipping C:\Users\rosar\.gradle\caches\modules-2\files-2.1\net.minecrell\terminalconsoleappender\1.3.0\b562e9bb61235c9520e26282cdee71f8f802d1fc\terminalconsoleappender-1.3.0.jar because it was already located earlier
[06lug2025 12:43:56.018] [main/DEBUG] [net.neoforged.fml.loading.moddiscovery.ModDiscoverer/]: Skipping C:\Users\rosar\.gradle\caches\modules-2\files-2.1\net.fabricmc\sponge-mixin\0.15.2+mixin.0.8.7\2af2f021d8e02a0220dc27a7a72b4666d66d44ca\sponge-mixin-0.15.2+mixin.0.8.7.jar because it was already located earlier
[06lug2025 12:43:56.018] [main/DEBUG] [net.neoforged.fml.loading.moddiscovery.ModDiscoverer/]: Skipping C:\Users\rosar\.gradle\caches\modules-2\files-2.1\com.mojang\authlib\6.0.54\de8bc95660e1b2fe8793fd427a7a10dcec5b3ea7\authlib-6.0.54.jar because it was already located earlier
[06lug2025 12:43:56.018] [main/DEBUG] [net.neoforged.fml.loading.moddiscovery.ModDiscoverer/]: Skipping C:\Users\rosar\.gradle\caches\modules-2\files-2.1\org.apache.commons\commons-compress\1.26.0\659feffdd12280201c8aacb8f7be94f9a883c824\commons-compress-1.26.0.jar because it was already located earlier
[06lug2025 12:43:56.018] [main/DEBUG] [net.neoforged.fml.loading.moddiscovery.ModDiscoverer/]: Skipping C:\Users\rosar\.gradle\caches\modules-2\files-2.1\org.apache.commons\commons-lang3\3.14.0\1ed471194b02f2c6cb734a0cd6f6f107c673afae\commons-lang3-3.14.0.jar because it was already located earlier
[06lug2025 12:43:56.018] [main/DEBUG] [net.neoforged.fml.loading.moddiscovery.ModDiscoverer/]: Skipping C:\Users\rosar\.gradle\caches\modules-2\files-2.1\com.mojang\logging\1.2.7\24cb95ffb0e3433fd6e844c04e68009e504ca1c0\logging-1.2.7.jar because it was already located earlier
[06lug2025 12:43:56.018] [main/DEBUG] [net.neoforged.fml.loading.moddiscovery.ModDiscoverer/]: Skipping C:\Users\rosar\.gradle\caches\modules-2\files-2.1\org.apache.logging.log4j\log4j-slf4j2-impl\2.22.1\d7e6693c2606cb7e7335047d7bb96dec52db5665\log4j-slf4j2-impl-2.22.1.jar because it was already located earlier
[06lug2025 12:43:56.018] [main/DEBUG] [net.neoforged.fml.loading.moddiscovery.ModDiscoverer/]: Skipping C:\Users\rosar\.gradle\caches\modules-2\files-2.1\org.apache.logging.log4j\log4j-core\2.22.1\7183a25510a02ad00cc6a95d3b3d2a7d3c5a8dc4\log4j-core-2.22.1.jar because it was already located earlier
[06lug2025 12:43:56.018] [main/DEBUG] [net.neoforged.fml.loading.moddiscovery.ModDiscoverer/]: Skipping C:\Users\rosar\.gradle\caches\modules-2\files-2.1\org.apache.logging.log4j\log4j-api\2.22.1\bea6fede6328fabafd7e68363161a7ea6605abd1\log4j-api-2.22.1.jar because it was already located earlier
[06lug2025 12:43:56.020] [main/DEBUG] [net.neoforged.fml.loading.moddiscovery.readers.JarModsDotTomlModFileReader/SCAN]: Found META-INF/MANIFEST.MF mod of type GAMELIBRARY: C:\Users\rosar\.gradle\caches\modules-2\files-2.1\io.github.llamalad7\mixinextras-neoforge\0.4.1\eff97772ecd0dcf8e52cdbafd3b3ccec425f8314\mixinextras-neoforge-0.4.1.jar
[06lug2025 12:43:56.022] [main/INFO] [net.neoforged.fml.loading.moddiscovery.ModDiscoverer/SCAN]: Found gamelibrary file "mixinextras-neoforge-0.4.1.jar" [locator: userdev mods and services, reader: mod manifest]
[06lug2025 12:43:56.022] [main/DEBUG] [net.neoforged.fml.loading.moddiscovery.ModDiscoverer/]: Skipping C:\Users\rosar\.gradle\caches\modules-2\files-2.1\com.github.oshi\oshi-core\6.4.10\b1d8ab82d11d92fd639b56d639f8f46f739dd5fa\oshi-core-6.4.10.jar because it was already located earlier
[06lug2025 12:43:56.022] [main/DEBUG] [net.neoforged.fml.loading.moddiscovery.ModDiscoverer/]: Skipping C:\Users\rosar\.gradle\caches\modules-2\files-2.1\com.mojang\datafixerupper\8.0.16\67d4de6d7f95d89bcf5862995fb854ebaec02a34\datafixerupper-8.0.16.jar because it was already located earlier
[06lug2025 12:43:56.022] [main/DEBUG] [net.neoforged.fml.loading.moddiscovery.ModDiscoverer/]: Skipping C:\Users\rosar\.gradle\caches\modules-2\files-2.1\com.mojang\text2speech\1.17.9\3cad216e3a7f0c19b4b394388bc9ffc446f13b14\text2speech-1.17.9.jar because it was already located earlier
[06lug2025 12:43:56.022] [main/DEBUG] [net.neoforged.fml.loading.moddiscovery.ModDiscoverer/]: Skipping C:\Users\rosar\.gradle\caches\modules-2\files-2.1\org.slf4j\slf4j-api\2.0.9\7cf2726fdcfbc8610f9a71fb3ed639871f315340\slf4j-api-2.0.9.jar because it was already located earlier
[06lug2025 12:43:56.022] [main/DEBUG] [net.neoforged.fml.loading.moddiscovery.ModDiscoverer/]: Skipping C:\Users\rosar\.gradle\caches\modules-2\files-2.1\com.google.code.gson\gson\2.10.1\b3add478d4382b78ea20b1671390a858002feb6c\gson-2.10.1.jar because it was already located earlier
[06lug2025 12:43:56.022] [main/DEBUG] [net.neoforged.fml.loading.moddiscovery.ModDiscoverer/]: Skipping C:\Users\rosar\.gradle\caches\modules-2\files-2.1\com.mojang\patchy\2.2.10\da05971b07cbb379d002cf7eaec6a2048211fefc\patchy-2.2.10.jar because it was already located earlier
[06lug2025 12:43:56.022] [main/DEBUG] [net.neoforged.fml.loading.moddiscovery.ModDiscoverer/]: Skipping C:\Users\rosar\.gradle\caches\modules-2\files-2.1\com.google.guava\guava\32.1.2-jre\5e64ec7e056456bef3a4bc4c6fdaef71e8ab6318\guava-32.1.2-jre.jar because it was already located earlier
[06lug2025 12:43:56.023] [main/DEBUG] [net.neoforged.fml.loading.moddiscovery.ModDiscoverer/]: Skipping C:\Users\rosar\.gradle\caches\modules-2\files-2.1\com.google.guava\failureaccess\1.0.1\1dcf1de382a0bf95a3d8b0849546c88bac1292c9\failureaccess-1.0.1.jar because it was already located earlier
[06lug2025 12:43:56.023] [main/DEBUG] [net.neoforged.fml.loading.moddiscovery.ModDiscoverer/]: Skipping C:\Users\rosar\.gradle\caches\modules-2\files-2.1\com.google.guava\listenablefuture\9999.0-empty-to-avoid-conflict-with-guava\b421526c5f297295adef1c886e5246c39d4ac629\listenablefuture-9999.0-empty-to-avoid-conflict-with-guava.jar because it was already located earlier
[06lug2025 12:43:56.023] [main/DEBUG] [net.neoforged.fml.loading.moddiscovery.ModDiscoverer/]: Skipping C:\Users\rosar\.gradle\caches\modules-2\files-2.1\com.google.code.findbugs\jsr305\3.0.2\25ea2e8b0c338a877313bd4672d3fe056ea78f0d\jsr305-3.0.2.jar because it was already located earlier
[06lug2025 12:43:56.023] [main/DEBUG] [net.neoforged.fml.loading.moddiscovery.ModDiscoverer/]: Skipping C:\Users\rosar\.gradle\caches\modules-2\files-2.1\org.checkerframework\checker-qual\3.33.0\de2b60b62da487644fc11f734e73c8b0b431238f\checker-qual-3.33.0.jar because it was already located earlier
[06lug2025 12:43:56.023] [main/DEBUG] [net.neoforged.fml.loading.moddiscovery.ModDiscoverer/]: Skipping C:\Users\rosar\.gradle\caches\modules-2\files-2.1\com.google.errorprone\error_prone_annotations\2.18.0\89b684257096f548fa39a7df9fdaa409d4d4df91\error_prone_annotations-2.18.0.jar because it was already located earlier
[06lug2025 12:43:56.023] [main/DEBUG] [net.neoforged.fml.loading.moddiscovery.ModDiscoverer/]: Skipping C:\Users\rosar\.gradle\caches\modules-2\files-2.1\com.google.j2objc\j2objc-annotations\2.8\c85270e307e7b822f1086b93689124b89768e273\j2objc-annotations-2.8.jar because it was already located earlier
[06lug2025 12:43:56.023] [main/DEBUG] [net.neoforged.fml.loading.moddiscovery.ModDiscoverer/]: Skipping C:\Users\rosar\.gradle\caches\modules-2\files-2.1\commons-io\commons-io\2.15.1\f11560da189ab563a5c8e351941415430e9304ea\commons-io-2.15.1.jar because it was already located earlier
[06lug2025 12:43:56.023] [main/DEBUG] [net.neoforged.fml.loading.moddiscovery.ModDiscoverer/]: Skipping C:\Users\rosar\.gradle\caches\modules-2\files-2.1\net.sf.jopt-simple\jopt-simple\5.0.4\4fdac2fbe92dfad86aa6e9301736f6b4342a3f5c\jopt-simple-5.0.4.jar because it was already located earlier
[06lug2025 12:43:56.023] [main/DEBUG] [net.neoforged.fml.loading.moddiscovery.ModDiscoverer/]: Skipping C:\Users\rosar\.gradle\caches\modules-2\files-2.1\net.minecraftforge\srgutils\0.4.15\ca408b131759478f164e010fae0d73997e125fb5\srgutils-0.4.15.jar because it was already located earlier
[06lug2025 12:43:56.023] [main/DEBUG] [net.neoforged.fml.loading.moddiscovery.ModDiscoverer/]: Skipping C:\Users\rosar\.gradle\caches\modules-2\files-2.1\org.antlr\antlr4-runtime\4.13.1\17125bae1d965624e265ef49552f6465a2bfa307\antlr4-runtime-4.13.1.jar because it was already located earlier
[06lug2025 12:43:56.023] [main/DEBUG] [net.neoforged.fml.loading.moddiscovery.ModDiscoverer/]: Skipping C:\Users\rosar\.gradle\caches\modules-2\files-2.1\org.jline\jline-reader\3.20.0\8f15415b022a25b473e8e16c28ae913186ffb9c4\jline-reader-3.20.0.jar because it was already located earlier
[06lug2025 12:43:56.024] [main/DEBUG] [net.neoforged.fml.loading.moddiscovery.ModDiscoverer/]: Skipping C:\Users\rosar\.gradle\caches\modules-2\files-2.1\org.jline\jline-terminal\3.20.0\d0ddcc708ddf527a3454c941b7b9225cc83a15ff\jline-terminal-3.20.0.jar because it was already located earlier
[06lug2025 12:43:56.024] [main/DEBUG] [net.neoforged.fml.loading.moddiscovery.ModDiscoverer/]: Skipping C:\Users\rosar\.gradle\caches\modules-2\files-2.1\org.codehaus.plexus\plexus-utils\3.3.0\cf43b5391de623b36fe066a21127baef82c64022\plexus-utils-3.3.0.jar because it was already located earlier
[06lug2025 12:43:56.024] [main/DEBUG] [net.neoforged.fml.loading.moddiscovery.ModDiscoverer/]: Skipping C:\Users\rosar\.gradle\caches\modules-2\files-2.1\com.machinezoo.noexception\noexception\1.7.1\b65330c98e38a1f915fa54a6e5eca496505e3f0a\noexception-1.7.1.jar because it was already located earlier
[06lug2025 12:43:56.024] [main/DEBUG] [net.neoforged.fml.loading.moddiscovery.ModDiscoverer/]: Skipping D:\Programmazione\Mod\Immersive Ores\NEOFORGE\1.21.1\.gradle\repositories\ng_dummy_ng\net\minecraft\client\1.21.1\client-1.21.1-client-extra.jar because it was already located earlier
[06lug2025 12:43:56.024] [main/DEBUG] [net.neoforged.fml.loading.moddiscovery.ModDiscoverer/]: Skipping C:\Users\rosar\.gradle\caches\modules-2\files-2.1\com.ibm.icu\icu4j\73.2\61ad4ef7f9131fcf6d25c34b817f90d6da06c9e9\icu4j-73.2.jar because it was already located earlier
[06lug2025 12:43:56.024] [main/DEBUG] [net.neoforged.fml.loading.moddiscovery.ModDiscoverer/]: Skipping C:\Users\rosar\.gradle\caches\modules-2\files-2.1\com.mojang\blocklist\1.0.10\5c685c5ffa94c4cd39496c7184c1d122e515ecef\blocklist-1.0.10.jar because it was already located earlier
[06lug2025 12:43:56.024] [main/DEBUG] [net.neoforged.fml.loading.moddiscovery.ModDiscoverer/]: Skipping C:\Users\rosar\.gradle\caches\modules-2\files-2.1\com.mojang\brigadier\1.3.10\d15b53a14cf20fdcaa98f731af5dda654452c010\brigadier-1.3.10.jar because it was already located earlier
[06lug2025 12:43:56.024] [main/DEBUG] [net.neoforged.fml.loading.moddiscovery.ModDiscoverer/]: Skipping C:\Users\rosar\.gradle\caches\modules-2\files-2.1\org.apache.httpcomponents\httpclient\4.5.13\e5f6cae5ca7ecaac1ec2827a9e2d65ae2869cada\httpclient-4.5.13.jar because it was already located earlier
[06lug2025 12:43:56.024] [main/DEBUG] [net.neoforged.fml.loading.moddiscovery.ModDiscoverer/]: Skipping C:\Users\rosar\.gradle\caches\modules-2\files-2.1\commons-codec\commons-codec\1.16.0\4e3eb3d79888d76b54e28b350915b5dc3919c9de\commons-codec-1.16.0.jar because it was already located earlier
[06lug2025 12:43:56.024] [main/DEBUG] [net.neoforged.fml.loading.moddiscovery.ModDiscoverer/]: Skipping C:\Users\rosar\.gradle\caches\modules-2\files-2.1\commons-logging\commons-logging\1.2\4bfc12adfe4842bf07b657f0369c4cb522955686\commons-logging-1.2.jar because it was already located earlier
[06lug2025 12:43:56.024] [main/DEBUG] [net.neoforged.fml.loading.moddiscovery.ModDiscoverer/]: Skipping C:\Users\rosar\.gradle\caches\modules-2\files-2.1\io.netty\netty-handler\4.1.97.Final\abb86c6906bf512bf2b797a41cd7d2e8d3cd7c36\netty-handler-4.1.97.Final.jar because it was already located earlier
[06lug2025 12:43:56.024] [main/DEBUG] [net.neoforged.fml.loading.moddiscovery.ModDiscoverer/]: Skipping C:\Users\rosar\.gradle\caches\modules-2\files-2.1\io.netty\netty-codec\4.1.97.Final\384ba4d75670befbedb45c4d3b497a93639c206d\netty-codec-4.1.97.Final.jar because it was already located earlier
[06lug2025 12:43:56.024] [main/DEBUG] [net.neoforged.fml.loading.moddiscovery.ModDiscoverer/]: Skipping C:\Users\rosar\.gradle\caches\modules-2\files-2.1\io.netty\netty-transport-classes-epoll\4.1.97.Final\795da37ded759e862457a82d9d92c4d39ce8ecee\netty-transport-classes-epoll-4.1.97.Final.jar because it was already located earlier
[06lug2025 12:43:56.024] [main/DEBUG] [net.neoforged.fml.loading.moddiscovery.ModDiscoverer/]: Skipping C:\Users\rosar\.gradle\caches\modules-2\files-2.1\io.netty\netty-transport-native-unix-common\4.1.97.Final\d469d84265ab70095b01b40886cabdd433b6e664\netty-transport-native-unix-common-4.1.97.Final.jar because it was already located earlier
[06lug2025 12:43:56.024] [main/DEBUG] [net.neoforged.fml.loading.moddiscovery.ModDiscoverer/]: Skipping C:\Users\rosar\.gradle\caches\modules-2\files-2.1\io.netty\netty-transport\4.1.97.Final\f37380d23c9bb079bc702910833b2fd532c9abd0\netty-transport-4.1.97.Final.jar because it was already located earlier
[06lug2025 12:43:56.024] [main/DEBUG] [net.neoforged.fml.loading.moddiscovery.ModDiscoverer/]: Skipping C:\Users\rosar\.gradle\caches\modules-2\files-2.1\io.netty\netty-buffer\4.1.97.Final\f8f3d8644afa5e6e1a40a3a6aeb9d9aa970ecb4f\netty-buffer-4.1.97.Final.jar because it was already located earlier
[06lug2025 12:43:56.025] [main/DEBUG] [net.neoforged.fml.loading.moddiscovery.ModDiscoverer/]: Skipping C:\Users\rosar\.gradle\caches\modules-2\files-2.1\io.netty\netty-resolver\4.1.97.Final\cec8348108dc76c47cf87c669d514be52c922144\netty-resolver-4.1.97.Final.jar because it was already located earlier
[06lug2025 12:43:56.025] [main/DEBUG] [net.neoforged.fml.loading.moddiscovery.ModDiscoverer/]: Skipping C:\Users\rosar\.gradle\caches\modules-2\files-2.1\io.netty\netty-common\4.1.97.Final\7cceacaf11df8dc63f23d0fb58e9d4640fc88404\netty-common-4.1.97.Final.jar because it was already located earlier
[06lug2025 12:43:56.025] [main/DEBUG] [net.neoforged.fml.loading.moddiscovery.ModDiscoverer/]: Skipping C:\Users\rosar\.gradle\caches\modules-2\files-2.1\it.unimi.dsi\fastutil\8.5.12\c24946d46824bd528054bface3231d2ecb7e95e8\fastutil-8.5.12.jar because it was already located earlier
[06lug2025 12:43:56.025] [main/DEBUG] [net.neoforged.fml.loading.moddiscovery.ModDiscoverer/]: Skipping C:\Users\rosar\.gradle\caches\modules-2\files-2.1\net.java.dev.jna\jna-platform\5.14.0\28934d48aed814f11e4c584da55c49fa7032b31b\jna-platform-5.14.0.jar because it was already located earlier
[06lug2025 12:43:56.025] [main/DEBUG] [net.neoforged.fml.loading.moddiscovery.ModDiscoverer/]: Skipping C:\Users\rosar\.gradle\caches\modules-2\files-2.1\ca.weblite\java-objc-bridge\1.1\1227f9e0666314f9de41477e3ec277e542ed7f7b\java-objc-bridge-1.1.jar because it was already located earlier
[06lug2025 12:43:56.025] [main/DEBUG] [net.neoforged.fml.loading.moddiscovery.ModDiscoverer/]: Skipping C:\Users\rosar\.gradle\caches\modules-2\files-2.1\net.java.dev.jna\jna\5.14.0\67bf3eaea4f0718cb376a181a629e5f88fa1c9dd\jna-5.14.0.jar because it was already located earlier
[06lug2025 12:43:56.025] [main/DEBUG] [net.neoforged.fml.loading.moddiscovery.ModDiscoverer/]: Skipping C:\Users\rosar\.gradle\caches\modules-2\files-2.1\org.apache.httpcomponents\httpcore\4.4.16\51cf043c87253c9f58b539c9f7e44c8894223850\httpcore-4.4.16.jar because it was already located earlier
[06lug2025 12:43:56.025] [main/DEBUG] [net.neoforged.fml.loading.moddiscovery.ModDiscoverer/]: Skipping C:\Users\rosar\.gradle\caches\modules-2\files-2.1\org.jcraft\jorbis\0.0.17\8872d22b293e8f5d7d56ff92be966e6dc28ebdc6\jorbis-0.0.17.jar because it was already located earlier
[06lug2025 12:43:56.025] [main/DEBUG] [net.neoforged.fml.loading.moddiscovery.ModDiscoverer/]: Skipping C:\Users\rosar\.gradle\caches\modules-2\files-2.1\org.joml\joml\1.10.5\22566d58af70ad3d72308bab63b8339906deb649\joml-1.10.5.jar because it was already located earlier
[06lug2025 12:43:56.025] [main/DEBUG] [net.neoforged.fml.loading.moddiscovery.ModDiscoverer/]: Skipping C:\Users\rosar\.gradle\caches\modules-2\files-2.1\org.lwjgl\lwjgl-freetype\3.3.3\a0db6c84a8becc8ca05f9dbfa985edc348a824c7\lwjgl-freetype-3.3.3.jar because it was already located earlier
[06lug2025 12:43:56.028] [main/DEBUG] [net.neoforged.fml.loading.moddiscovery.ModDiscoverer/]: Skipping C:\Users\rosar\.gradle\caches\modules-2\files-2.1\org.lwjgl\lwjgl-freetype\3.3.3\15a8c1de7f51d07a92eae7ce1222557073a0c0c3\lwjgl-freetype-3.3.3-natives-windows-x86.jar because it was already located earlier
[06lug2025 12:43:56.028] [main/DEBUG] [net.neoforged.fml.loading.moddiscovery.ModDiscoverer/]: Skipping C:\Users\rosar\.gradle\caches\modules-2\files-2.1\org.lwjgl\lwjgl-glfw\3.3.3\efa1eb78c5ccd840e9f329717109b5e892d72f8e\lwjgl-glfw-3.3.3.jar because it was already located earlier
[06lug2025 12:43:56.032] [main/DEBUG] [net.neoforged.fml.loading.moddiscovery.ModDiscoverer/]: Skipping C:\Users\rosar\.gradle\caches\modules-2\files-2.1\org.lwjgl\lwjgl-glfw\3.3.3\32334f3fd5270a59bad9939a93115acb6de36dcf\lwjgl-glfw-3.3.3-natives-windows-x86.jar because it was already located earlier
[06lug2025 12:43:56.032] [main/DEBUG] [net.neoforged.fml.loading.moddiscovery.ModDiscoverer/]: Skipping C:\Users\rosar\.gradle\caches\modules-2\files-2.1\org.lwjgl\lwjgl-jemalloc\3.3.3\b543467b7ff3c6920539a88ee602d34098628be5\lwjgl-jemalloc-3.3.3.jar because it was already located earlier
[06lug2025 12:43:56.032] [main/DEBUG] [net.neoforged.fml.loading.moddiscovery.ModDiscoverer/]: Skipping C:\Users\rosar\.gradle\caches\modules-2\files-2.1\org.lwjgl\lwjgl-jemalloc\3.3.3\426222fc027602a5f21b9c0fe79cde6a4c7a011f\lwjgl-jemalloc-3.3.3-natives-windows.jar because it was already located earlier
[06lug2025 12:43:56.048] [main/DEBUG] [net.neoforged.fml.loading.moddiscovery.ModDiscoverer/]: Skipping C:\Users\rosar\.gradle\caches\modules-2\files-2.1\org.lwjgl\lwjgl-openal\3.3.3\daada81ceb5fc0c291fbfdd4433cb8d9423577f2\lwjgl-openal-3.3.3.jar because it was already located earlier
[06lug2025 12:43:56.053] [main/DEBUG] [net.neoforged.fml.loading.moddiscovery.ModDiscoverer/]: Skipping C:\Users\rosar\.gradle\caches\modules-2\files-2.1\org.lwjgl\lwjgl-openal\3.3.3\87b8d5050e3adb46bb58fe1cb2669a4a48fce10d\lwjgl-openal-3.3.3-natives-windows-x86.jar because it was already located earlier
[06lug2025 12:43:56.054] [main/DEBUG] [net.neoforged.fml.loading.moddiscovery.ModDiscoverer/]: Skipping C:\Users\rosar\.gradle\caches\modules-2\files-2.1\org.lwjgl\lwjgl-opengl\3.3.3\2f6b0147078396a58979125a4c947664e98293a\lwjgl-opengl-3.3.3.jar because it was already located earlier
[06lug2025 12:43:56.056] [main/DEBUG] [net.neoforged.fml.loading.moddiscovery.ModDiscoverer/]: Skipping C:\Users\rosar\.gradle\caches\modules-2\files-2.1\org.lwjgl\lwjgl-opengl\3.3.3\65e956d3735a1abdc82eff4baec1b61174697d4b\lwjgl-opengl-3.3.3-natives-windows-arm64.jar because it was already located earlier
[06lug2025 12:43:56.059] [main/DEBUG] [net.neoforged.fml.loading.moddiscovery.ModDiscoverer/]: Skipping C:\Users\rosar\.gradle\caches\modules-2\files-2.1\org.lwjgl\lwjgl-stb\3.3.3\25dd6161988d7e65f71d5065c99902402ee32746\lwjgl-stb-3.3.3.jar because it was already located earlier
[06lug2025 12:43:56.059] [main/DEBUG] [net.neoforged.fml.loading.moddiscovery.ModDiscoverer/]: Skipping C:\Users\rosar\.gradle\caches\modules-2\files-2.1\org.lwjgl\lwjgl-stb\3.3.3\1d9facdf6541de114b0f963be33505b7679c78cb\lwjgl-stb-3.3.3-natives-windows.jar because it was already located earlier
[06lug2025 12:43:56.066] [main/DEBUG] [net.neoforged.fml.loading.moddiscovery.ModDiscoverer/]: Skipping C:\Users\rosar\.gradle\caches\modules-2\files-2.1\org.lwjgl\lwjgl-tinyfd\3.3.3\82d755ca94b102e9ca77283b9e2dc46d1b15fbe5\lwjgl-tinyfd-3.3.3.jar because it was already located earlier
[06lug2025 12:43:56.066] [main/DEBUG] [net.neoforged.fml.loading.moddiscovery.ModDiscoverer/]: Skipping C:\Users\rosar\.gradle\caches\modules-2\files-2.1\org.lwjgl\lwjgl-tinyfd\3.3.3\a6697981b0449a5087c1d546fc08b4f73e8f98c9\lwjgl-tinyfd-3.3.3-natives-windows.jar because it was already located earlier
[06lug2025 12:43:56.071] [main/DEBUG] [net.neoforged.fml.loading.moddiscovery.ModDiscoverer/]: Skipping C:\Users\rosar\.gradle\caches\modules-2\files-2.1\org.lwjgl\lwjgl\3.3.3\29589b5f87ed335a6c7e7ee6a5775f81f97ecb84\lwjgl-3.3.3.jar because it was already located earlier
[06lug2025 12:43:56.076] [main/DEBUG] [net.neoforged.fml.loading.moddiscovery.ModDiscoverer/]: Skipping C:\Users\rosar\.gradle\caches\modules-2\files-2.1\org.lwjgl\lwjgl\3.3.3\9e670718e050aeaeea0c2d5b907cffb142f2e58f\lwjgl-3.3.3-natives-windows-x86.jar because it was already located earlier
[06lug2025 12:43:56.076] [main/DEBUG] [net.neoforged.fml.loading.moddiscovery.ModDiscoverer/]: Skipping C:\Users\rosar\.gradle\caches\modules-2\files-2.1\org.lz4\lz4-java\1.8.0\4b986a99445e49ea5fbf5d149c4b63f6ed6c6780\lz4-java-1.8.0.jar because it was already located earlier
[06lug2025 12:43:56.076] [main/DEBUG] [net.neoforged.fml.loading.moddiscovery.ModDiscoverer/]: Skipping C:\Users\rosar\.gradle\caches\modules-2\files-2.1\org.jetbrains\annotations\24.1.0\7af6a669488450c4a07c2c3254e2151df42d7d04\annotations-24.1.0.jar because it was already located earlier
[06lug2025 12:43:56.076] [main/DEBUG] [net.neoforged.fml.loading.moddiscovery.ModDiscoverer/SCAN]: Locator userdev mods and services found 7 mods, 0 warnings, 0 errors and skipped 85 candidates
[06lug2025 12:43:56.078] [main/DEBUG] [net.neoforged.fml.loading.UniqueModListBuilder/]: Found 2 mods for first modid neoforge, selecting most recent based on version data
[06lug2025 12:43:56.080] [main/DEBUG] [net.neoforged.fml.loading.UniqueModListBuilder/]: Selected file neoforge-21.1.161.jar for modid neoforge with version 21.1.161
[06lug2025 12:43:56.084] [main/DEBUG] [net.neoforged.fml.loading.moddiscovery.ModDiscoverer/SCAN]: Successfully Loaded 8 mods. Attempting to load dependencies...
[06lug2025 12:43:56.084] [main/DEBUG] [net.neoforged.fml.loading.moddiscovery.ModDiscoverer/SCAN]: Trying locator jarinjar
[06lug2025 12:43:56.087] [main/TRACE] [net.neoforged.fml.loading.moddiscovery.locators.JarInJarDependencyLocator/]: Failed to load resource META-INF\jarjar\metadata.json from neoforge-21.1.161.jar, it does not contain dependency information.
[06lug2025 12:43:56.087] [main/TRACE] [net.neoforged.fml.loading.moddiscovery.locators.JarInJarDependencyLocator/]: Failed to load resource META-INF\jarjar\metadata.json from mixinextras-neoforge-0.4.1.jar, it does not contain dependency information.
[06lug2025 12:43:56.087] [main/TRACE] [net.neoforged.fml.loading.moddiscovery.locators.JarInJarDependencyLocator/]: Failed to load resource META-INF\jarjar\metadata.json from RoughlyEnoughItems-neoforge-16.0.799.jar, it does not contain dependency information.
[06lug2025 12:43:56.088] [main/TRACE] [net.neoforged.fml.loading.moddiscovery.locators.JarInJarDependencyLocator/]: Failed to load resource META-INF\jarjar\metadata.json from cloth-config-neoforge-15.0.130-neoforge.jar, it does not contain dependency information.
[06lug2025 12:43:56.088] [main/TRACE] [net.neoforged.fml.loading.moddiscovery.locators.JarInJarDependencyLocator/]: Failed to load resource META-INF\jarjar\metadata.json from main, it does not contain dependency information.
[06lug2025 12:43:56.088] [main/TRACE] [net.neoforged.fml.loading.moddiscovery.locators.JarInJarDependencyLocator/]: Failed to load resource META-INF\jarjar\metadata.json from architectury-neoforge-13.0.6.jar, it does not contain dependency information.
[06lug2025 12:43:56.088] [main/TRACE] [net.neoforged.fml.loading.moddiscovery.locators.JarInJarDependencyLocator/]: Failed to load resource META-INF\jarjar\metadata.json from jei-1.21.1-neoforge-19.21.0.247.jar, it does not contain dependency information.
[06lug2025 12:43:56.187] [main/DEBUG] [net.neoforged.fml.loading.moddiscovery.readers.JarModsDotTomlModFileReader/SCAN]: Found META-INF/MANIFEST.MF mod of type GAMELIBRARY: 
[06lug2025 12:43:56.190] [main/DEBUG] [net.neoforged.fml.loading.moddiscovery.readers.JarModsDotTomlModFileReader/SCAN]: Found META-INF/MANIFEST.MF mod of type LIBRARY: 
[06lug2025 12:43:56.191] [main/TRACE] [net.neoforged.fml.loading.moddiscovery.locators.JarInJarDependencyLocator/]: Failed to load resource META-INF\jarjar\metadata.json from mixinextras-neoforge-0.4.1.jar, it does not contain dependency information.
[06lug2025 12:43:56.191] [main/TRACE] [net.neoforged.fml.loading.moddiscovery.locators.JarInJarDependencyLocator/]: Failed to load resource META-INF\jarjar\metadata.json from neoforge-coremods-21.1.161.jar, it does not contain dependency information.
[06lug2025 12:43:56.286] [main/DEBUG] [net.neoforged.fml.loading.moddiscovery.readers.JarModsDotTomlModFileReader/SCAN]: Found META-INF/MANIFEST.MF mod of type LIBRARY: 
[06lug2025 12:43:56.288] [main/DEBUG] [net.neoforged.fml.loading.moddiscovery.readers.JarModsDotTomlModFileReader/SCAN]: Found META-INF/MANIFEST.MF mod of type GAMELIBRARY: 
[06lug2025 12:43:56.293] [main/WARN] [net.neoforged.jarjar.selection.JarSelector/]: Attempted to select a dependency jar for JarJar which was passed in as source: library:mixinextras.neoforge. Using Mod File: C:\Users\rosar\.gradle\caches\modules-2\files-2.1\io.github.llamalad7\mixinextras-neoforge\0.4.1\eff97772ecd0dcf8e52cdbafd3b3ccec425f8314\mixinextras-neoforge-0.4.1.jar
[06lug2025 12:43:56.293] [main/INFO] [net.neoforged.fml.loading.moddiscovery.locators.JarInJarDependencyLocator/]: Found 1 dependencies adding them to mods collection
[06lug2025 12:43:56.293] [main/INFO] [net.neoforged.fml.loading.moddiscovery.ModDiscoverer/SCAN]: Found library file "neoforge-coremods-21.1.161.jar" [parent: neoforge-21.1.161.jar, locator: jarinjar, reader: mod manifest]
[06lug2025 12:43:56.296] [main/INFO] [net.neoforged.fml.loading.moddiscovery.ModDiscoverer/]: 
     Mod List:
		Name Version (Mod Id)

		Architectury 13.0.6 (architectury)
		Cloth Config v15 API 15.0.130 (cloth_config)
		ImmersiveOres 1.21.1-1.0.9 (immersiveores)
		Just Enough Items 19.21.0.247 (jei)
		Minecraft 1.21.1 (minecraft)
		NeoForge 21.1.161 (neoforge)
		Roughly Enough Items (REI) 16.0.799 (roughlyenoughitems)
[06lug2025 12:43:56.298] [main/DEBUG] [net.neoforged.fml.loading.moddiscovery.ModFileInfo/LOADING]: Found valid mod file neoforge-21.1.161.jar with {minecraft} mods - versions {1.21.1}
[06lug2025 12:43:56.302] [main/DEBUG] [net.neoforged.fml.loading.moddiscovery.ModFile/LOADING]: Loading mod file D:\Programmazione\Mod\Immersive Ores\NEOFORGE\1.21.1\.gradle\repositories\ng_dummy_ng\net\neoforged\neoforge\21.1.161\neoforge-21.1.161.jar with languages [LanguageSpec[languageName=minecraft, acceptedVersions=1]]
[06lug2025 12:43:56.305] [main/DEBUG] [net.neoforged.fml.loading.moddiscovery.ModFileParser/LOADING]: Considering mod file candidate C:\Users\rosar\.gradle\caches\modules-2\files-2.1\me.shedaniel\RoughlyEnoughItems-neoforge\16.0.799\dbb0da2aea27ade998ca12208737525663e85683\RoughlyEnoughItems-neoforge-16.0.799.jar
[06lug2025 12:43:56.307] [main/DEBUG] [net.neoforged.fml.loading.moddiscovery.ModFileInfo/LOADING]: Found valid mod file RoughlyEnoughItems-neoforge-16.0.799.jar with {roughlyenoughitems} mods - versions {16.0.799}
[06lug2025 12:43:56.307] [main/DEBUG] [net.neoforged.fml.loading.moddiscovery.ModFile/LOADING]: Loading mod file C:\Users\rosar\.gradle\caches\modules-2\files-2.1\me.shedaniel\RoughlyEnoughItems-neoforge\16.0.799\dbb0da2aea27ade998ca12208737525663e85683\RoughlyEnoughItems-neoforge-16.0.799.jar with languages [LanguageSpec[languageName=javafml, acceptedVersions=[1,)]]
[06lug2025 12:43:56.309] [main/DEBUG] [net.neoforged.fml.loading.moddiscovery.ModFile/LOADING]: Found mixin config MixinConfig[config=rei.mixins.json, requiredMods=[]]
[06lug2025 12:43:56.309] [main/DEBUG] [net.neoforged.fml.loading.moddiscovery.ModFileParser/LOADING]: Considering mod file candidate D:\Programmazione\Mod\Immersive Ores\NEOFORGE\1.21.1\build\resources\main
[06lug2025 12:43:56.311] [main/DEBUG] [net.neoforged.fml.loading.moddiscovery.ModFileInfo/LOADING]: Found valid mod file main with {immersiveores} mods - versions {1.21.1-1.0.9}
[06lug2025 12:43:56.311] [main/DEBUG] [net.neoforged.fml.loading.moddiscovery.ModFile/LOADING]: Loading mod file D:\Programmazione\Mod\Immersive Ores\NEOFORGE\1.21.1\build\resources\main with languages [LanguageSpec[languageName=javafml, acceptedVersions=[4,)]]
[06lug2025 12:43:56.311] [main/DEBUG] [net.neoforged.fml.loading.moddiscovery.ModFile/LOADING]: Found mixin config MixinConfig[config=immersiveores.mixins.json, requiredMods=[]]
[06lug2025 12:43:56.312] [main/DEBUG] [net.neoforged.fml.loading.moddiscovery.ModFileParser/LOADING]: Considering mod file candidate C:\Users\rosar\.gradle\caches\modules-2\files-2.1\me.shedaniel.cloth\cloth-config-neoforge\15.0.130\4ff6b51cfb5c6cac437b18067d991a0f5f8743a7\cloth-config-neoforge-15.0.130-neoforge.jar
[06lug2025 12:43:56.312] [main/DEBUG] [net.neoforged.fml.loading.moddiscovery.ModFileInfo/LOADING]: Found valid mod file cloth-config-neoforge-15.0.130-neoforge.jar with {cloth_config} mods - versions {15.0.130}
[06lug2025 12:43:56.312] [main/DEBUG] [net.neoforged.fml.loading.moddiscovery.ModFile/LOADING]: Loading mod file C:\Users\rosar\.gradle\caches\modules-2\files-2.1\me.shedaniel.cloth\cloth-config-neoforge\15.0.130\4ff6b51cfb5c6cac437b18067d991a0f5f8743a7\cloth-config-neoforge-15.0.130-neoforge.jar with languages [LanguageSpec[languageName=javafml, acceptedVersions=[1,)]]
[06lug2025 12:43:56.312] [main/DEBUG] [net.neoforged.fml.loading.moddiscovery.ModFileParser/LOADING]: Considering mod file candidate C:\Users\rosar\.gradle\caches\modules-2\files-2.1\dev.architectury\architectury-neoforge\13.0.6\38a50ea8b2f951521359628f4fb1699e5dae944e\architectury-neoforge-13.0.6.jar
[06lug2025 12:43:56.312] [main/DEBUG] [net.neoforged.fml.loading.moddiscovery.ModFileInfo/LOADING]: Found valid mod file architectury-neoforge-13.0.6.jar with {architectury} mods - versions {13.0.6}
[06lug2025 12:43:56.312] [main/DEBUG] [net.neoforged.fml.loading.moddiscovery.ModFile/LOADING]: Loading mod file C:\Users\rosar\.gradle\caches\modules-2\files-2.1\dev.architectury\architectury-neoforge\13.0.6\38a50ea8b2f951521359628f4fb1699e5dae944e\architectury-neoforge-13.0.6.jar with languages [LanguageSpec[languageName=javafml, acceptedVersions=[1,)]]
[06lug2025 12:43:56.312] [main/DEBUG] [net.neoforged.fml.loading.moddiscovery.ModFile/LOADING]: Found mixin config MixinConfig[config=architectury.mixins.json, requiredMods=[]]
[06lug2025 12:43:56.312] [main/DEBUG] [net.neoforged.fml.loading.moddiscovery.ModFile/LOADING]: Found mixin config MixinConfig[config=architectury-common.mixins.json, requiredMods=[]]
[06lug2025 12:43:56.312] [main/DEBUG] [net.neoforged.fml.loading.moddiscovery.ModFileParser/LOADING]: Considering mod file candidate D:\Programmazione\Mod\Immersive Ores\NEOFORGE\1.21.1\.gradle\repositories\ng_dummy_ng\net\neoforged\neoforge\21.1.161\neoforge-21.1.161.jar
[06lug2025 12:43:56.314] [main/DEBUG] [net.neoforged.fml.loading.moddiscovery.ModFileInfo/LOADING]: Found valid mod file neoforge-21.1.161.jar with {neoforge} mods - versions {21.1.161}
[06lug2025 12:43:56.314] [main/DEBUG] [net.neoforged.fml.loading.moddiscovery.ModFile/LOADING]: Loading mod file D:\Programmazione\Mod\Immersive Ores\NEOFORGE\1.21.1\.gradle\repositories\ng_dummy_ng\net\neoforged\neoforge\21.1.161\neoforge-21.1.161.jar with languages [LanguageSpec[languageName=javafml, acceptedVersions=[3,]]]
[06lug2025 12:43:56.314] [main/DEBUG] [net.neoforged.fml.loading.moddiscovery.ModFile/LOADING]: Found mixin config MixinConfig[config=neoforge.mixins.json, requiredMods=[]]
[06lug2025 12:43:56.314] [main/DEBUG] [net.neoforged.fml.loading.moddiscovery.ModFileParser/LOADING]: Considering mod file candidate C:\Users\rosar\.gradle\caches\modules-2\files-2.1\mezz.jei\jei-1.21.1-neoforge\19.21.0.247\4d9ed6b03c67148ffe7406a84deb168a632e0a60\jei-1.21.1-neoforge-19.21.0.247.jar
[06lug2025 12:43:56.315] [main/DEBUG] [net.neoforged.fml.loading.moddiscovery.ModFileInfo/LOADING]: Found valid mod file jei-1.21.1-neoforge-19.21.0.247.jar with {jei} mods - versions {19.21.0.247}
[06lug2025 12:43:56.315] [main/DEBUG] [net.neoforged.fml.loading.moddiscovery.ModFile/LOADING]: Loading mod file C:\Users\rosar\.gradle\caches\modules-2\files-2.1\mezz.jei\jei-1.21.1-neoforge\19.21.0.247\4d9ed6b03c67148ffe7406a84deb168a632e0a60\jei-1.21.1-neoforge-19.21.0.247.jar with languages [LanguageSpec[languageName=javafml, acceptedVersions=[4,)]]
[06lug2025 12:43:56.315] [main/DEBUG] [net.neoforged.fml.loading.moddiscovery.ModFile/LOADING]: Loading mod file C:\Users\rosar\.gradle\caches\modules-2\files-2.1\io.github.llamalad7\mixinextras-neoforge\0.4.1\eff97772ecd0dcf8e52cdbafd3b3ccec425f8314\mixinextras-neoforge-0.4.1.jar with languages []
[06lug2025 12:43:56.318] [main/DEBUG] [net.neoforged.fml.loading.moddiscovery.ModValidator/SCAN]: Found 8 mod files with 7 mods
[06lug2025 12:43:56.319] [main/DEBUG] [cpw.mods.modlauncher.TransformationServiceDecorator/MODLAUNCHER]: End scan trigger - transformation service fml
[06lug2025 12:43:56.341] [main/DEBUG] [net.neoforged.fml.util.ServiceLoaderUtil/CORE]: Found 3 implementations of IModLanguageLoader:
[06lug2025 12:43:56.342] [main/DEBUG] [net.neoforged.fml.util.ServiceLoaderUtil/CORE]: 	net.neoforged.fml.javafmlmod.FMLJavaModLanguageProvider from loader-4.0.38.jar
[06lug2025 12:43:56.342] [main/DEBUG] [net.neoforged.fml.util.ServiceLoaderUtil/CORE]: 	net.neoforged.fml.lowcodemod.LowCodeModLanguageProvider from loader-4.0.38.jar
[06lug2025 12:43:56.342] [main/DEBUG] [net.neoforged.fml.util.ServiceLoaderUtil/CORE]: 	net.neoforged.fml.mclanguageprovider.MinecraftModLanguageProvider from loader-4.0.38.jar
[06lug2025 12:43:56.343] [main/DEBUG] [net.neoforged.fml.loading.LanguageProviderLoader/CORE]: Found language provider javafml, version 4.0.38
[06lug2025 12:43:56.344] [main/DEBUG] [net.neoforged.fml.loading.LanguageProviderLoader/CORE]: Found language provider lowcodefml, version 4.0.38
[06lug2025 12:43:56.344] [main/DEBUG] [net.neoforged.fml.loading.LanguageProviderLoader/CORE]: Found language provider minecraft, version 4.0.38
[06lug2025 12:43:56.351] [main/DEBUG] [net.neoforged.fml.loading.ModSorter/]: Configured system mods: [minecraft, neoforge]
[06lug2025 12:43:56.351] [main/DEBUG] [net.neoforged.fml.loading.ModSorter/]: Found system mod: minecraft
[06lug2025 12:43:56.351] [main/DEBUG] [net.neoforged.fml.loading.ModSorter/]: Found system mod: neoforge
[06lug2025 12:43:56.356] [main/DEBUG] [net.neoforged.fml.loading.ModSorter/LOADING]: Found 10 mod requirements (10 mandatory, 0 optional)
[06lug2025 12:43:56.357] [main/DEBUG] [net.neoforged.fml.loading.ModSorter/LOADING]: Found 0 mod requirements missing (0 mandatory, 0 optional)
[06lug2025 12:43:56.387] [main/DEBUG] [net.neoforged.fml.loading.FMLLoader/SCAN]: Adding Access Transformer in C:\Users\rosar\.gradle\caches\modules-2\files-2.1\me.shedaniel\RoughlyEnoughItems-neoforge\16.0.799\dbb0da2aea27ade998ca12208737525663e85683\RoughlyEnoughItems-neoforge-16.0.799.jar
[06lug2025 12:43:56.391] [main/DEBUG] [AXFORM/AXFORM]: Loading access transformer accesstransformer.cfg
[06lug2025 12:43:56.474] [main/DEBUG] [AXFORM/AXFORM]: Loaded access transformer accesstransformer.cfg
[06lug2025 12:43:56.474] [main/DEBUG] [net.neoforged.fml.loading.FMLLoader/SCAN]: Adding Access Transformer in C:\Users\rosar\.gradle\caches\modules-2\files-2.1\me.shedaniel.cloth\cloth-config-neoforge\15.0.130\4ff6b51cfb5c6cac437b18067d991a0f5f8743a7\cloth-config-neoforge-15.0.130-neoforge.jar
[06lug2025 12:43:56.475] [main/DEBUG] [AXFORM/AXFORM]: Loading access transformer accesstransformer.cfg
[06lug2025 12:43:56.476] [main/DEBUG] [AXFORM/AXFORM]: Loaded access transformer accesstransformer.cfg
[06lug2025 12:43:56.476] [main/DEBUG] [net.neoforged.fml.loading.FMLLoader/SCAN]: Adding Access Transformer in C:\Users\rosar\.gradle\caches\modules-2\files-2.1\dev.architectury\architectury-neoforge\13.0.6\38a50ea8b2f951521359628f4fb1699e5dae944e\architectury-neoforge-13.0.6.jar
[06lug2025 12:43:56.477] [main/DEBUG] [AXFORM/AXFORM]: Loading access transformer accesstransformer.cfg
[06lug2025 12:43:56.492] [main/DEBUG] [AXFORM/AXFORM]: Loaded access transformer accesstransformer.cfg
[06lug2025 12:43:56.493] [main/DEBUG] [net.neoforged.fml.loading.FMLLoader/SCAN]: Adding Access Transformer in D:\Programmazione\Mod\Immersive Ores\NEOFORGE\1.21.1\.gradle\repositories\ng_dummy_ng\net\neoforged\neoforge\21.1.161\neoforge-21.1.161.jar
[06lug2025 12:43:56.494] [main/DEBUG] [AXFORM/AXFORM]: Loading access transformer accesstransformer.cfg
[06lug2025 12:43:56.514] [main/DEBUG] [AXFORM/AXFORM]: Loaded access transformer accesstransformer.cfg
[06lug2025 12:43:56.514] [main/DEBUG] [net.neoforged.fml.loading.FMLLoader/SCAN]: Adding Access Transformer in C:\Users\rosar\.gradle\caches\modules-2\files-2.1\mezz.jei\jei-1.21.1-neoforge\19.21.0.247\4d9ed6b03c67148ffe7406a84deb168a632e0a60\jei-1.21.1-neoforge-19.21.0.247.jar
[06lug2025 12:43:56.515] [main/DEBUG] [AXFORM/AXFORM]: Loading access transformer accesstransformer.cfg
[06lug2025 12:43:56.516] [main/DEBUG] [AXFORM/AXFORM]: Loaded access transformer accesstransformer.cfg
[06lug2025 12:43:56.522] [main/DEBUG] [mixin/]: Adding mixin platform agents for container net.neoforged.fml.loading.mixin.FMLMixinContainerHandle@352e787a
[06lug2025 12:43:56.522] [main/DEBUG] [mixin/]: Instancing new MixinPlatformAgentMinecraftForge for net.neoforged.fml.loading.mixin.FMLMixinContainerHandle@352e787a
[06lug2025 12:43:56.522] [main/DEBUG] [mixin/]: MixinPlatformAgentMinecraftForge rejected container net.neoforged.fml.loading.mixin.FMLMixinContainerHandle@352e787a
[06lug2025 12:43:56.522] [main/DEBUG] [mixin/]: Instancing new MixinPlatformAgentDefault for net.neoforged.fml.loading.mixin.FMLMixinContainerHandle@352e787a
[06lug2025 12:43:56.522] [main/DEBUG] [mixin/]: MixinPlatformAgentDefault accepted container net.neoforged.fml.loading.mixin.FMLMixinContainerHandle@352e787a
[06lug2025 12:43:56.523] [main/DEBUG] [mixin/]: Instancing new FMLMixinPlatformAgent for net.neoforged.fml.loading.mixin.FMLMixinContainerHandle@352e787a
[06lug2025 12:43:56.523] [main/DEBUG] [mixin/]: FMLMixinPlatformAgent accepted container net.neoforged.fml.loading.mixin.FMLMixinContainerHandle@352e787a
[06lug2025 12:43:56.547] [main/DEBUG] [cpw.mods.modlauncher.TransformationServicesHandler/MODLAUNCHER]: Transformation services loading transformers
[06lug2025 12:43:56.548] [main/DEBUG] [cpw.mods.modlauncher.TransformationServiceDecorator/MODLAUNCHER]: Initializing transformers for transformation service mixin
[06lug2025 12:43:56.550] [main/DEBUG] [cpw.mods.modlauncher.TransformationServiceDecorator/MODLAUNCHER]: Initialized transformers for transformation service mixin
[06lug2025 12:43:56.550] [main/DEBUG] [cpw.mods.modlauncher.TransformationServiceDecorator/MODLAUNCHER]: Initializing transformers for transformation service fml
[06lug2025 12:43:56.550] [main/DEBUG] [net.neoforged.fml.loading.FMLServiceProvider/LOADING]: Loading coremod transformers
[06lug2025 12:43:56.551] [main/DEBUG] [net.neoforged.fml.loading.FMLServiceProvider/CORE]: Not loading coremod script-engine since no mod requested it
[06lug2025 12:43:56.553] [main/DEBUG] [net.neoforged.fml.util.ServiceLoaderUtil/CORE]: Found 1 implementations of ICoreMod:
[06lug2025 12:43:56.553] [main/DEBUG] [net.neoforged.fml.util.ServiceLoaderUtil/CORE]: 	net.neoforged.neoforge.coremods.NeoForgeCoreMod from neoforge-21.1.161.jar > neoforge-coremods-21.1.161.jar
[06lug2025 12:43:56.573] [main/DEBUG] [net.neoforged.fml.loading.FMLServiceProvider/CORE]: Adding [Target[className=net.minecraft.world.level.biome.Biome, elementName=, elementDescriptor=, targetType=cpw.mods.modlauncher.api.TargetType@4409e975]] transformer from core-mod net.neoforged.neoforge.coremods.NeoForgeCoreMod@5fad41be in neoforge-21.1.161.jar > neoforge-coremods-21.1.161.jar
[06lug2025 12:43:56.573] [main/DEBUG] [net.neoforged.fml.loading.FMLServiceProvider/CORE]: Adding [Target[className=net.minecraft.world.level.levelgen.structure.Structure, elementName=, elementDescriptor=, targetType=cpw.mods.modlauncher.api.TargetType@4409e975]] transformer from core-mod net.neoforged.neoforge.coremods.NeoForgeCoreMod@5fad41be in neoforge-21.1.161.jar > neoforge-coremods-21.1.161.jar
[06lug2025 12:43:56.575] [main/DEBUG] [net.neoforged.fml.loading.FMLServiceProvider/CORE]: Adding [Target[className=net.minecraft.world.level.block.FlowerPotBlock, elementName=, elementDescriptor=, targetType=cpw.mods.modlauncher.api.TargetType@4409e975]] transformer from core-mod net.neoforged.neoforge.coremods.NeoForgeCoreMod@5fad41be in neoforge-21.1.161.jar > neoforge-coremods-21.1.161.jar
[06lug2025 12:43:56.575] [main/DEBUG] [net.neoforged.fml.loading.FMLServiceProvider/CORE]: Adding [Target[className=net/minecraft/world/entity/animal/frog/Tadpole, elementName=, elementDescriptor=, targetType=cpw.mods.modlauncher.api.TargetType@4409e975], Target[className=net/minecraft/world/level/levelgen/structure/structures/SwampHutPiece, elementName=, elementDescriptor=, targetType=cpw.mods.modlauncher.api.TargetType@4409e975], Target[className=net/minecraft/world/entity/monster/Evoker$EvokerSummonSpellGoal, elementName=, elementDescriptor=, targetType=cpw.mods.modlauncher.api.TargetType@4409e975], Target[className=net/minecraft/world/level/levelgen/structure/structures/OceanMonumentPieces$OceanMonumentPiece, elementName=, elementDescriptor=, targetType=cpw.mods.modlauncher.api.TargetType@4409e975], Target[className=net/minecraft/world/level/levelgen/structure/templatesystem/StructureTemplate, elementName=, elementDescriptor=, targetType=cpw.mods.modlauncher.api.TargetType@4409e975], Target[className=net/minecraft/world/entity/raid/Raid, elementName=, elementDescriptor=, targetType=cpw.mods.modlauncher.api.TargetType@4409e975], Target[className=net/minecraft/world/entity/monster/Spider, elementName=, elementDescriptor=, targetType=cpw.mods.modlauncher.api.TargetType@4409e975], Target[className=net/minecraft/world/level/levelgen/structure/structures/OceanRuinPieces$OceanRuinPiece, elementName=, elementDescriptor=, targetType=cpw.mods.modlauncher.api.TargetType@4409e975], Target[className=net/minecraft/world/entity/monster/ZombieVillager, elementName=, elementDescriptor=, targetType=cpw.mods.modlauncher.api.TargetType@4409e975], Target[className=net/minecraft/world/entity/npc/Villager, elementName=, elementDescriptor=, targetType=cpw.mods.modlauncher.api.TargetType@4409e975], Target[className=net/minecraft/world/level/levelgen/PhantomSpawner, elementName=, elementDescriptor=, targetType=cpw.mods.modlauncher.api.TargetType@4409e975], Target[className=net/minecraft/world/entity/ai/village/VillageSiege, elementName=, elementDescriptor=, targetType=cpw.mods.modlauncher.api.TargetType@4409e975], Target[className=net/minecraft/world/level/NaturalSpawner, elementName=, elementDescriptor=, targetType=cpw.mods.modlauncher.api.TargetType@4409e975], Target[className=net/minecraft/world/entity/monster/Zombie, elementName=, elementDescriptor=, targetType=cpw.mods.modlauncher.api.TargetType@4409e975], Target[className=net/minecraft/world/level/levelgen/PatrolSpawner, elementName=, elementDescriptor=, targetType=cpw.mods.modlauncher.api.TargetType@4409e975], Target[className=net/minecraft/server/commands/SummonCommand, elementName=, elementDescriptor=, targetType=cpw.mods.modlauncher.api.TargetType@4409e975], Target[className=net/minecraft/world/entity/monster/Strider, elementName=, elementDescriptor=, targetType=cpw.mods.modlauncher.api.TargetType@4409e975], Target[className=net/minecraft/world/level/levelgen/structure/structures/WoodlandMansionPieces$WoodlandMansionPiece, elementName=, elementDescriptor=, targetType=cpw.mods.modlauncher.api.TargetType@4409e975], Target[className=net/minecraft/server/commands/RaidCommand, elementName=, elementDescriptor=, targetType=cpw.mods.modlauncher.api.TargetType@4409e975], Target[className=net/minecraft/world/entity/EntityType, elementName=, elementDescriptor=, targetType=cpw.mods.modlauncher.api.TargetType@4409e975], Target[className=net/minecraft/world/entity/animal/horse/SkeletonTrapGoal, elementName=, elementDescriptor=, targetType=cpw.mods.modlauncher.api.TargetType@4409e975], Target[className=net/minecraft/world/entity/npc/CatSpawner, elementName=, elementDescriptor=, targetType=cpw.mods.modlauncher.api.TargetType@4409e975]] transformer from core-mod net.neoforged.neoforge.coremods.NeoForgeCoreMod@5fad41be in neoforge-21.1.161.jar > neoforge-coremods-21.1.161.jar
[06lug2025 12:43:56.585] [main/DEBUG] [cpw.mods.modlauncher.TransformStore/MODLAUNCHER]: Adding transformer net.neoforged.neoforge.coremods.ReplaceFieldWithGetterAccess@4f8b4bd0 to Target : cpw.mods.modlauncher.api.TargetType@4409e975 {Lnet/minecraft/world/level/biome/Biome;} {} {V}
[06lug2025 12:43:56.591] [main/DEBUG] [cpw.mods.modlauncher.TransformStore/MODLAUNCHER]: Adding transformer net.neoforged.neoforge.coremods.ReplaceFieldWithGetterAccess@4d48bd85 to Target : cpw.mods.modlauncher.api.TargetType@4409e975 {Lnet/minecraft/world/level/levelgen/structure/Structure;} {} {V}
[06lug2025 12:43:56.591] [main/DEBUG] [cpw.mods.modlauncher.TransformStore/MODLAUNCHER]: Adding transformer net.neoforged.neoforge.coremods.ReplaceFieldWithGetterAccess@7bbbb6a8 to Target : cpw.mods.modlauncher.api.TargetType@4409e975 {Lnet/minecraft/world/level/block/FlowerPotBlock;} {} {V}
[06lug2025 12:43:56.591] [main/DEBUG] [cpw.mods.modlauncher.TransformStore/MODLAUNCHER]: Adding transformer net.neoforged.neoforge.coremods.MethodRedirector@58a120b0 to Target : cpw.mods.modlauncher.api.TargetType@4409e975 {Lnet/minecraft/world/entity/animal/frog/Tadpole;} {} {V}
[06lug2025 12:43:56.591] [main/DEBUG] [cpw.mods.modlauncher.TransformStore/MODLAUNCHER]: Adding transformer net.neoforged.neoforge.coremods.MethodRedirector@58a120b0 to Target : cpw.mods.modlauncher.api.TargetType@4409e975 {Lnet/minecraft/world/level/levelgen/structure/structures/SwampHutPiece;} {} {V}
[06lug2025 12:43:56.591] [main/DEBUG] [cpw.mods.modlauncher.TransformStore/MODLAUNCHER]: Adding transformer net.neoforged.neoforge.coremods.MethodRedirector@58a120b0 to Target : cpw.mods.modlauncher.api.TargetType@4409e975 {Lnet/minecraft/world/entity/monster/Evoker$EvokerSummonSpellGoal;} {} {V}
[06lug2025 12:43:56.591] [main/DEBUG] [cpw.mods.modlauncher.TransformStore/MODLAUNCHER]: Adding transformer net.neoforged.neoforge.coremods.MethodRedirector@58a120b0 to Target : cpw.mods.modlauncher.api.TargetType@4409e975 {Lnet/minecraft/world/level/levelgen/structure/structures/OceanMonumentPieces$OceanMonumentPiece;} {} {V}
[06lug2025 12:43:56.592] [main/DEBUG] [cpw.mods.modlauncher.TransformStore/MODLAUNCHER]: Adding transformer net.neoforged.neoforge.coremods.MethodRedirector@58a120b0 to Target : cpw.mods.modlauncher.api.TargetType@4409e975 {Lnet/minecraft/world/level/levelgen/structure/templatesystem/StructureTemplate;} {} {V}
[06lug2025 12:43:56.592] [main/DEBUG] [cpw.mods.modlauncher.TransformStore/MODLAUNCHER]: Adding transformer net.neoforged.neoforge.coremods.MethodRedirector@58a120b0 to Target : cpw.mods.modlauncher.api.TargetType@4409e975 {Lnet/minecraft/world/entity/raid/Raid;} {} {V}
[06lug2025 12:43:56.592] [main/DEBUG] [cpw.mods.modlauncher.TransformStore/MODLAUNCHER]: Adding transformer net.neoforged.neoforge.coremods.MethodRedirector@58a120b0 to Target : cpw.mods.modlauncher.api.TargetType@4409e975 {Lnet/minecraft/world/entity/monster/Spider;} {} {V}
[06lug2025 12:43:56.592] [main/DEBUG] [cpw.mods.modlauncher.TransformStore/MODLAUNCHER]: Adding transformer net.neoforged.neoforge.coremods.MethodRedirector@58a120b0 to Target : cpw.mods.modlauncher.api.TargetType@4409e975 {Lnet/minecraft/world/level/levelgen/structure/structures/OceanRuinPieces$OceanRuinPiece;} {} {V}
[06lug2025 12:43:56.592] [main/DEBUG] [cpw.mods.modlauncher.TransformStore/MODLAUNCHER]: Adding transformer net.neoforged.neoforge.coremods.MethodRedirector@58a120b0 to Target : cpw.mods.modlauncher.api.TargetType@4409e975 {Lnet/minecraft/world/entity/monster/ZombieVillager;} {} {V}
[06lug2025 12:43:56.592] [main/DEBUG] [cpw.mods.modlauncher.TransformStore/MODLAUNCHER]: Adding transformer net.neoforged.neoforge.coremods.MethodRedirector@58a120b0 to Target : cpw.mods.modlauncher.api.TargetType@4409e975 {Lnet/minecraft/world/entity/npc/Villager;} {} {V}
[06lug2025 12:43:56.592] [main/DEBUG] [cpw.mods.modlauncher.TransformStore/MODLAUNCHER]: Adding transformer net.neoforged.neoforge.coremods.MethodRedirector@58a120b0 to Target : cpw.mods.modlauncher.api.TargetType@4409e975 {Lnet/minecraft/world/level/levelgen/PhantomSpawner;} {} {V}
[06lug2025 12:43:56.592] [main/DEBUG] [cpw.mods.modlauncher.TransformStore/MODLAUNCHER]: Adding transformer net.neoforged.neoforge.coremods.MethodRedirector@58a120b0 to Target : cpw.mods.modlauncher.api.TargetType@4409e975 {Lnet/minecraft/world/entity/ai/village/VillageSiege;} {} {V}
[06lug2025 12:43:56.592] [main/DEBUG] [cpw.mods.modlauncher.TransformStore/MODLAUNCHER]: Adding transformer net.neoforged.neoforge.coremods.MethodRedirector@58a120b0 to Target : cpw.mods.modlauncher.api.TargetType@4409e975 {Lnet/minecraft/world/level/NaturalSpawner;} {} {V}
[06lug2025 12:43:56.592] [main/DEBUG] [cpw.mods.modlauncher.TransformStore/MODLAUNCHER]: Adding transformer net.neoforged.neoforge.coremods.MethodRedirector@58a120b0 to Target : cpw.mods.modlauncher.api.TargetType@4409e975 {Lnet/minecraft/world/entity/monster/Zombie;} {} {V}
[06lug2025 12:43:56.592] [main/DEBUG] [cpw.mods.modlauncher.TransformStore/MODLAUNCHER]: Adding transformer net.neoforged.neoforge.coremods.MethodRedirector@58a120b0 to Target : cpw.mods.modlauncher.api.TargetType@4409e975 {Lnet/minecraft/world/level/levelgen/PatrolSpawner;} {} {V}
[06lug2025 12:43:56.592] [main/DEBUG] [cpw.mods.modlauncher.TransformStore/MODLAUNCHER]: Adding transformer net.neoforged.neoforge.coremods.MethodRedirector@58a120b0 to Target : cpw.mods.modlauncher.api.TargetType@4409e975 {Lnet/minecraft/server/commands/SummonCommand;} {} {V}
[06lug2025 12:43:56.592] [main/DEBUG] [cpw.mods.modlauncher.TransformStore/MODLAUNCHER]: Adding transformer net.neoforged.neoforge.coremods.MethodRedirector@58a120b0 to Target : cpw.mods.modlauncher.api.TargetType@4409e975 {Lnet/minecraft/world/entity/monster/Strider;} {} {V}
[06lug2025 12:43:56.592] [main/DEBUG] [cpw.mods.modlauncher.TransformStore/MODLAUNCHER]: Adding transformer net.neoforged.neoforge.coremods.MethodRedirector@58a120b0 to Target : cpw.mods.modlauncher.api.TargetType@4409e975 {Lnet/minecraft/world/level/levelgen/structure/structures/WoodlandMansionPieces$WoodlandMansionPiece;} {} {V}
[06lug2025 12:43:56.592] [main/DEBUG] [cpw.mods.modlauncher.TransformStore/MODLAUNCHER]: Adding transformer net.neoforged.neoforge.coremods.MethodRedirector@58a120b0 to Target : cpw.mods.modlauncher.api.TargetType@4409e975 {Lnet/minecraft/server/commands/RaidCommand;} {} {V}
[06lug2025 12:43:56.592] [main/DEBUG] [cpw.mods.modlauncher.TransformStore/MODLAUNCHER]: Adding transformer net.neoforged.neoforge.coremods.MethodRedirector@58a120b0 to Target : cpw.mods.modlauncher.api.TargetType@4409e975 {Lnet/minecraft/world/entity/EntityType;} {} {V}
[06lug2025 12:43:56.592] [main/DEBUG] [cpw.mods.modlauncher.TransformStore/MODLAUNCHER]: Adding transformer net.neoforged.neoforge.coremods.MethodRedirector@58a120b0 to Target : cpw.mods.modlauncher.api.TargetType@4409e975 {Lnet/minecraft/world/entity/animal/horse/SkeletonTrapGoal;} {} {V}
[06lug2025 12:43:56.592] [main/DEBUG] [cpw.mods.modlauncher.TransformStore/MODLAUNCHER]: Adding transformer net.neoforged.neoforge.coremods.MethodRedirector@58a120b0 to Target : cpw.mods.modlauncher.api.TargetType@4409e975 {Lnet/minecraft/world/entity/npc/CatSpawner;} {} {V}
[06lug2025 12:43:56.592] [main/DEBUG] [cpw.mods.modlauncher.TransformationServiceDecorator/MODLAUNCHER]: Initialized transformers for transformation service fml
[06lug2025 12:43:56.798] [main/DEBUG] [mixin/]: Processing prepare() for PlatformAgent[MixinPlatformAgentDefault:ModLauncher Root Container(ModLauncher:4f56a0a2)]
[06lug2025 12:43:56.798] [main/DEBUG] [mixin/]: Processing prepare() for PlatformAgent[MixinPlatformAgentDefault:net.neoforged.fml.loading.mixin.FMLMixinContainerHandle@352e787a]
[06lug2025 12:43:56.798] [main/DEBUG] [mixin/]: Processing prepare() for PlatformAgent[FMLMixinPlatformAgent:null]
[06lug2025 12:43:56.910] [main/DEBUG] [mixin/]: Compatibility level JAVA_8 specified by rei.mixins.json is lower than the default level supported by the current mixin service (JAVA_16).
[06lug2025 12:43:56.911] [main/DEBUG] [mixin/]: Mixin config rei.mixins.json does not specify "minVersion" or "requiredFeatures" property
[06lug2025 12:43:56.913] [main/DEBUG] [mixin/]: Compatibility level JAVA_8 specified by immersiveores.mixins.json is lower than the default level supported by the current mixin service (JAVA_16).
[06lug2025 12:43:56.920] [main/DEBUG] [mixin/]: Processing launch tasks for PlatformAgent[MixinPlatformAgentDefault:ModLauncher Root Container(ModLauncher:4f56a0a2)]
[06lug2025 12:43:56.920] [main/DEBUG] [mixin/]: Adding mixin platform agents for container SecureJarResource(mixin_synthetic)
[06lug2025 12:43:56.920] [main/DEBUG] [mixin/]: Instancing new MixinPlatformAgentMinecraftForge for SecureJarResource(mixin_synthetic)
[06lug2025 12:43:56.920] [main/DEBUG] [mixin/]: MixinPlatformAgentMinecraftForge rejected container SecureJarResource(mixin_synthetic)
[06lug2025 12:43:56.920] [main/DEBUG] [mixin/]: Instancing new MixinPlatformAgentDefault for SecureJarResource(mixin_synthetic)
[06lug2025 12:43:56.920] [main/DEBUG] [mixin/]: MixinPlatformAgentDefault accepted container SecureJarResource(mixin_synthetic)
[06lug2025 12:43:56.921] [main/DEBUG] [mixin/]: Instancing new FMLMixinPlatformAgent for SecureJarResource(mixin_synthetic)
[06lug2025 12:43:56.921] [main/DEBUG] [mixin/]: FMLMixinPlatformAgent rejected container SecureJarResource(mixin_synthetic)
[06lug2025 12:43:56.921] [main/DEBUG] [mixin/]: Processing prepare() for PlatformAgent[MixinPlatformAgentDefault:SecureJarResource(mixin_synthetic)]
[06lug2025 12:43:56.921] [main/DEBUG] [mixin/]: Adding mixin platform agents for container SecureJarResource(minecraft)
[06lug2025 12:43:56.921] [main/DEBUG] [mixin/]: Instancing new MixinPlatformAgentMinecraftForge for SecureJarResource(minecraft)
[06lug2025 12:43:56.921] [main/DEBUG] [mixin/]: MixinPlatformAgentMinecraftForge rejected container SecureJarResource(minecraft)
[06lug2025 12:43:56.921] [main/DEBUG] [mixin/]: Instancing new MixinPlatformAgentDefault for SecureJarResource(minecraft)
[06lug2025 12:43:56.921] [main/DEBUG] [mixin/]: MixinPlatformAgentDefault accepted container SecureJarResource(minecraft)
[06lug2025 12:43:56.921] [main/DEBUG] [mixin/]: Instancing new FMLMixinPlatformAgent for SecureJarResource(minecraft)
[06lug2025 12:43:56.921] [main/DEBUG] [mixin/]: FMLMixinPlatformAgent rejected container SecureJarResource(minecraft)
[06lug2025 12:43:56.921] [main/DEBUG] [mixin/]: Processing prepare() for PlatformAgent[MixinPlatformAgentDefault:SecureJarResource(minecraft)]
[06lug2025 12:43:56.921] [main/DEBUG] [mixin/]: Adding mixin platform agents for container SecureJarResource(roughlyenoughitems)
[06lug2025 12:43:56.921] [main/DEBUG] [mixin/]: Instancing new MixinPlatformAgentMinecraftForge for SecureJarResource(roughlyenoughitems)
[06lug2025 12:43:56.922] [main/DEBUG] [mixin/]: MixinPlatformAgentMinecraftForge rejected container SecureJarResource(roughlyenoughitems)
[06lug2025 12:43:56.922] [main/DEBUG] [mixin/]: Instancing new MixinPlatformAgentDefault for SecureJarResource(roughlyenoughitems)
[06lug2025 12:43:56.922] [main/DEBUG] [mixin/]: MixinPlatformAgentDefault accepted container SecureJarResource(roughlyenoughitems)
[06lug2025 12:43:56.922] [main/DEBUG] [mixin/]: Instancing new FMLMixinPlatformAgent for SecureJarResource(roughlyenoughitems)
[06lug2025 12:43:56.922] [main/DEBUG] [mixin/]: FMLMixinPlatformAgent rejected container SecureJarResource(roughlyenoughitems)
[06lug2025 12:43:56.922] [main/DEBUG] [mixin/]: Processing prepare() for PlatformAgent[MixinPlatformAgentDefault:SecureJarResource(roughlyenoughitems)]
[06lug2025 12:43:56.922] [main/DEBUG] [mixin/]: Adding mixin platform agents for container SecureJarResource(cloth_config)
[06lug2025 12:43:56.922] [main/DEBUG] [mixin/]: Instancing new MixinPlatformAgentMinecraftForge for SecureJarResource(cloth_config)
[06lug2025 12:43:56.922] [main/DEBUG] [mixin/]: MixinPlatformAgentMinecraftForge rejected container SecureJarResource(cloth_config)
[06lug2025 12:43:56.922] [main/DEBUG] [mixin/]: Instancing new MixinPlatformAgentDefault for SecureJarResource(cloth_config)
[06lug2025 12:43:56.922] [main/DEBUG] [mixin/]: MixinPlatformAgentDefault accepted container SecureJarResource(cloth_config)
[06lug2025 12:43:56.922] [main/DEBUG] [mixin/]: Instancing new FMLMixinPlatformAgent for SecureJarResource(cloth_config)
[06lug2025 12:43:56.922] [main/DEBUG] [mixin/]: FMLMixinPlatformAgent rejected container SecureJarResource(cloth_config)
[06lug2025 12:43:56.922] [main/DEBUG] [mixin/]: Processing prepare() for PlatformAgent[MixinPlatformAgentDefault:SecureJarResource(cloth_config)]
[06lug2025 12:43:56.922] [main/DEBUG] [mixin/]: Adding mixin platform agents for container SecureJarResource(immersiveores)
[06lug2025 12:43:56.922] [main/DEBUG] [mixin/]: Instancing new MixinPlatformAgentMinecraftForge for SecureJarResource(immersiveores)
[06lug2025 12:43:56.922] [main/DEBUG] [mixin/]: MixinPlatformAgentMinecraftForge rejected container SecureJarResource(immersiveores)
[06lug2025 12:43:56.922] [main/DEBUG] [mixin/]: Instancing new MixinPlatformAgentDefault for SecureJarResource(immersiveores)
[06lug2025 12:43:56.922] [main/DEBUG] [mixin/]: MixinPlatformAgentDefault accepted container SecureJarResource(immersiveores)
[06lug2025 12:43:56.922] [main/DEBUG] [mixin/]: Instancing new FMLMixinPlatformAgent for SecureJarResource(immersiveores)
[06lug2025 12:43:56.922] [main/DEBUG] [mixin/]: FMLMixinPlatformAgent rejected container SecureJarResource(immersiveores)
[06lug2025 12:43:56.923] [main/DEBUG] [mixin/]: Processing prepare() for PlatformAgent[MixinPlatformAgentDefault:SecureJarResource(immersiveores)]
[06lug2025 12:43:56.923] [main/DEBUG] [mixin/]: Adding mixin platform agents for container SecureJarResource(architectury)
[06lug2025 12:43:56.923] [main/DEBUG] [mixin/]: Instancing new MixinPlatformAgentMinecraftForge for SecureJarResource(architectury)
[06lug2025 12:43:56.923] [main/DEBUG] [mixin/]: MixinPlatformAgentMinecraftForge rejected container SecureJarResource(architectury)
[06lug2025 12:43:56.923] [main/DEBUG] [mixin/]: Instancing new MixinPlatformAgentDefault for SecureJarResource(architectury)
[06lug2025 12:43:56.923] [main/DEBUG] [mixin/]: MixinPlatformAgentDefault accepted container SecureJarResource(architectury)
[06lug2025 12:43:56.923] [main/DEBUG] [mixin/]: Instancing new FMLMixinPlatformAgent for SecureJarResource(architectury)
[06lug2025 12:43:56.923] [main/DEBUG] [mixin/]: FMLMixinPlatformAgent rejected container SecureJarResource(architectury)
[06lug2025 12:43:56.923] [main/DEBUG] [mixin/]: Processing prepare() for PlatformAgent[MixinPlatformAgentDefault:SecureJarResource(architectury)]
[06lug2025 12:43:56.923] [main/DEBUG] [mixin/]: Adding mixin platform agents for container SecureJarResource(jei)
[06lug2025 12:43:56.923] [main/DEBUG] [mixin/]: Instancing new MixinPlatformAgentMinecraftForge for SecureJarResource(jei)
[06lug2025 12:43:56.923] [main/DEBUG] [mixin/]: MixinPlatformAgentMinecraftForge rejected container SecureJarResource(jei)
[06lug2025 12:43:56.923] [main/DEBUG] [mixin/]: Instancing new MixinPlatformAgentDefault for SecureJarResource(jei)
[06lug2025 12:43:56.923] [main/DEBUG] [mixin/]: MixinPlatformAgentDefault accepted container SecureJarResource(jei)
[06lug2025 12:43:56.923] [main/DEBUG] [mixin/]: Instancing new FMLMixinPlatformAgent for SecureJarResource(jei)
[06lug2025 12:43:56.923] [main/DEBUG] [mixin/]: FMLMixinPlatformAgent rejected container SecureJarResource(jei)
[06lug2025 12:43:56.923] [main/DEBUG] [mixin/]: Processing prepare() for PlatformAgent[MixinPlatformAgentDefault:SecureJarResource(jei)]
[06lug2025 12:43:56.923] [main/DEBUG] [mixin/]: Adding mixin platform agents for container SecureJarResource(mixinextras.neoforge)
[06lug2025 12:43:56.923] [main/DEBUG] [mixin/]: Instancing new MixinPlatformAgentMinecraftForge for SecureJarResource(mixinextras.neoforge)
[06lug2025 12:43:56.923] [main/DEBUG] [mixin/]: MixinPlatformAgentMinecraftForge rejected container SecureJarResource(mixinextras.neoforge)
[06lug2025 12:43:56.923] [main/DEBUG] [mixin/]: Instancing new MixinPlatformAgentDefault for SecureJarResource(mixinextras.neoforge)
[06lug2025 12:43:56.923] [main/DEBUG] [mixin/]: MixinPlatformAgentDefault accepted container SecureJarResource(mixinextras.neoforge)
[06lug2025 12:43:56.923] [main/DEBUG] [mixin/]: Instancing new FMLMixinPlatformAgent for SecureJarResource(mixinextras.neoforge)
[06lug2025 12:43:56.923] [main/DEBUG] [mixin/]: FMLMixinPlatformAgent rejected container SecureJarResource(mixinextras.neoforge)
[06lug2025 12:43:56.923] [main/DEBUG] [mixin/]: Processing prepare() for PlatformAgent[MixinPlatformAgentDefault:SecureJarResource(mixinextras.neoforge)]
[06lug2025 12:43:56.924] [main/DEBUG] [mixin/]: Registering mixin config: mixinextras.init.mixins.json source=SecureJarResource(mixinextras.neoforge)
[06lug2025 12:43:56.924] [main/DEBUG] [mixin/]: inject() running with 10 agents
[06lug2025 12:43:56.924] [main/DEBUG] [mixin/]: Processing inject() for PlatformAgent[MixinPlatformAgentDefault:ModLauncher Root Container(ModLauncher:4f56a0a2)]
[06lug2025 12:43:56.924] [main/DEBUG] [mixin/]: Processing inject() for PlatformAgent[MixinPlatformAgentDefault:net.neoforged.fml.loading.mixin.FMLMixinContainerHandle@352e787a]
[06lug2025 12:43:56.924] [main/DEBUG] [mixin/]: Processing inject() for PlatformAgent[FMLMixinPlatformAgent:null]
[06lug2025 12:43:56.924] [main/DEBUG] [mixin/]: Processing inject() for PlatformAgent[MixinPlatformAgentDefault:SecureJarResource(mixin_synthetic)]
[06lug2025 12:43:56.924] [main/DEBUG] [mixin/]: Processing inject() for PlatformAgent[MixinPlatformAgentDefault:SecureJarResource(minecraft)]
[06lug2025 12:43:56.925] [main/DEBUG] [mixin/]: Processing inject() for PlatformAgent[MixinPlatformAgentDefault:SecureJarResource(roughlyenoughitems)]
[06lug2025 12:43:56.925] [main/DEBUG] [mixin/]: Processing inject() for PlatformAgent[MixinPlatformAgentDefault:SecureJarResource(cloth_config)]
[06lug2025 12:43:56.925] [main/DEBUG] [mixin/]: Processing inject() for PlatformAgent[MixinPlatformAgentDefault:SecureJarResource(immersiveores)]
[06lug2025 12:43:56.925] [main/DEBUG] [mixin/]: Processing inject() for PlatformAgent[MixinPlatformAgentDefault:SecureJarResource(architectury)]
[06lug2025 12:43:56.925] [main/DEBUG] [mixin/]: Processing inject() for PlatformAgent[MixinPlatformAgentDefault:SecureJarResource(jei)]
[06lug2025 12:43:56.925] [main/DEBUG] [mixin/]: Processing inject() for PlatformAgent[MixinPlatformAgentDefault:SecureJarResource(mixinextras.neoforge)]
[06lug2025 12:43:56.925] [main/INFO] [cpw.mods.modlauncher.LaunchServiceHandler/MODLAUNCHER]: Launching target 'forgedatauserdev' with arguments [--gameDir, ., --assetsDir, C:\Users\rosar\.gradle\caches\minecraft\assets, --mod, immersiveores, --all, --output, D:\Programmazione\Mod\Immersive Ores\NEOFORGE\1.21.1\src\generated\resources, --existing, D:\Programmazione\Mod\Immersive Ores\NEOFORGE\1.21.1\src\main\resources, --assetIndex, asset-index]
[06lug2025 12:43:57.032] [main/DEBUG] [mixin/]: Preparing mixins for MixinEnvironment[DEFAULT]
[06lug2025 12:43:57.033] [main/DEBUG] [mixin/]: Selecting config rei.mixins.json
[06lug2025 12:43:57.043] [main/DEBUG] [mixin/]: Selecting config immersiveores.mixins.json
[06lug2025 12:43:57.044] [main/WARN] [mixin/]: Reference map 'onlyexcavators.refmap.json' for immersiveores.mixins.json could not be read. If this is a development environment you can ignore this message
[06lug2025 12:43:57.044] [main/DEBUG] [mixin/]: Selecting config architectury.mixins.json
[06lug2025 12:43:57.056] [main/DEBUG] [mixin/]: Selecting config architectury-common.mixins.json
[06lug2025 12:43:57.057] [main/DEBUG] [mixin/]: Selecting config neoforge.mixins.json
[06lug2025 12:43:57.057] [main/DEBUG] [mixin/]: Selecting config mixinextras.init.mixins.json
[06lug2025 12:43:57.119] [main/DEBUG] [MixinExtras|Service/]: com.llamalad7.mixinextras.service.MixinExtrasServiceImpl(version=0.4.1) is taking over from null
[06lug2025 12:43:57.181] [main/DEBUG] [mixin/]: Registering new injector for @Inject with org.spongepowered.asm.mixin.injection.struct.CallbackInjectionInfo
[06lug2025 12:43:57.183] [main/DEBUG] [mixin/]: Registering new injector for @ModifyArg with org.spongepowered.asm.mixin.injection.struct.ModifyArgInjectionInfo
[06lug2025 12:43:57.184] [main/DEBUG] [mixin/]: Registering new injector for @ModifyArgs with org.spongepowered.asm.mixin.injection.struct.ModifyArgsInjectionInfo
[06lug2025 12:43:57.187] [main/DEBUG] [mixin/]: Registering new injector for @Redirect with org.spongepowered.asm.mixin.injection.struct.RedirectInjectionInfo
[06lug2025 12:43:57.188] [main/DEBUG] [mixin/]: Registering new injector for @ModifyVariable with org.spongepowered.asm.mixin.injection.struct.ModifyVariableInjectionInfo
[06lug2025 12:43:57.191] [main/DEBUG] [mixin/]: Registering new injector for @ModifyConstant with org.spongepowered.asm.mixin.injection.struct.ModifyConstantInjectionInfo
[06lug2025 12:43:57.208] [main/DEBUG] [mixin/]: Preparing rei.mixins.json (9)
[06lug2025 12:43:57.251] [main/TRACE] [mixin/]: Added class metadata for net/minecraft/network/PacketEncoder to metadata cache
[06lug2025 12:43:57.261] [main/TRACE] [mixin/]: Added class metadata for net/minecraft/tags/TagLoader to metadata cache
[06lug2025 12:43:57.261] [main/TRACE] [mixin/]: Added class metadata for net/minecraft/tags/TagManager to metadata cache
[06lug2025 12:43:57.272] [main/DEBUG] [net.neoforged.accesstransformer.AccessTransformer/AXFORM]: Transforming net.minecraft.client.multiplayer.ClientPacketListener FIELD commands to access PUBLIC and LEAVE
[06lug2025 12:43:57.273] [main/DEBUG] [net.neoforged.fml.common.asm.RuntimeDistCleaner/DISTXFORM]: Removing Class Annotation: net/minecraft/client/multiplayer/ClientPacketListener @Lnet/neoforged/api/distmarker/OnlyIn;
[06lug2025 12:43:57.304] [main/TRACE] [mixin/]: Added class metadata for net/minecraft/client/multiplayer/ClientPacketListener to metadata cache
[06lug2025 12:43:57.305] [main/DEBUG] [net.neoforged.fml.common.asm.RuntimeDistCleaner/DISTXFORM]: Removing Class Annotation: net/minecraft/client/gui/screens/inventory/EffectRenderingInventoryScreen @Lnet/neoforged/api/distmarker/OnlyIn;
[06lug2025 12:43:57.306] [main/TRACE] [mixin/]: Added class metadata for net/minecraft/client/gui/screens/inventory/EffectRenderingInventoryScreen to metadata cache
[06lug2025 12:43:57.307] [main/DEBUG] [net.neoforged.fml.common.asm.RuntimeDistCleaner/DISTXFORM]: Removing Class Annotation: net/minecraft/client/gui/font/FontSet @Lnet/neoforged/api/distmarker/OnlyIn;
[06lug2025 12:43:57.308] [main/TRACE] [mixin/]: Added class metadata for net/minecraft/client/gui/font/FontSet to metadata cache
[06lug2025 12:43:57.308] [main/DEBUG] [net.neoforged.fml.common.asm.RuntimeDistCleaner/DISTXFORM]: Removing Class Annotation: com/mojang/blaze3d/platform/InputConstants @Lnet/neoforged/api/distmarker/OnlyIn;
[06lug2025 12:43:57.309] [main/TRACE] [mixin/]: Added class metadata for com/mojang/blaze3d/platform/InputConstants to metadata cache
[06lug2025 12:43:57.310] [main/DEBUG] [net.neoforged.fml.common.asm.RuntimeDistCleaner/DISTXFORM]: Removing Class Annotation: com/mojang/blaze3d/platform/InputConstants$Key @Lnet/neoforged/api/distmarker/OnlyIn;
[06lug2025 12:43:57.310] [main/TRACE] [mixin/]: Added class metadata for com/mojang/blaze3d/platform/InputConstants$Key to metadata cache
[06lug2025 12:43:57.310] [main/DEBUG] [net.neoforged.fml.common.asm.RuntimeDistCleaner/DISTXFORM]: Removing Class Annotation: net/minecraft/client/gui/components/toasts/RecipeToast @Lnet/neoforged/api/distmarker/OnlyIn;
[06lug2025 12:43:57.310] [main/TRACE] [mixin/]: Added class metadata for net/minecraft/client/gui/components/toasts/RecipeToast to metadata cache
[06lug2025 12:43:57.311] [main/DEBUG] [mixin/]: Preparing immersiveores.mixins.json (4)
[06lug2025 12:43:57.318] [main/DEBUG] [net.neoforged.accesstransformer.AccessTransformer/AXFORM]: Transforming net.minecraft.client.renderer.LevelRenderer METHOD shouldShowEntityOutlines()Z to access PUBLIC and LEAVE
[06lug2025 12:43:57.318] [main/DEBUG] [net.neoforged.fml.common.asm.RuntimeDistCleaner/DISTXFORM]: Removing Class Annotation: net/minecraft/client/renderer/LevelRenderer @Lnet/neoforged/api/distmarker/OnlyIn;
[06lug2025 12:43:57.327] [main/TRACE] [mixin/]: Added class metadata for net/minecraft/client/renderer/LevelRenderer to metadata cache
[06lug2025 12:43:57.327] [main/DEBUG] [mixin/]: Preparing architectury.mixins.json (11)
[06lug2025 12:43:57.334] [main/DEBUG] [net.neoforged.accesstransformer.AccessTransformer/AXFORM]: Transforming net.minecraft.world.item.BucketItem FIELD content to access PUBLIC and LEAVE
[06lug2025 12:43:57.335] [main/TRACE] [mixin/]: Added class metadata for net/minecraft/world/item/BucketItem to metadata cache
[06lug2025 12:43:57.336] [main/DEBUG] [net.neoforged.accesstransformer.AccessTransformer/AXFORM]: Transforming net.minecraft.world.level.block.LiquidBlock FIELD fluid to access PUBLIC and LEAVE
[06lug2025 12:43:57.336] [main/DEBUG] [net.neoforged.accesstransformer.AccessTransformer/AXFORM]: Transforming net.minecraft.world.level.block.LiquidBlock METHOD <init>(Lnet/minecraft/world/level/material/FlowingFluid;Lnet/minecraft/world/level/block/state/BlockBehaviour$Properties;)V to access PUBLIC and LEAVE
[06lug2025 12:43:57.337] [main/TRACE] [mixin/]: Added class metadata for net/minecraft/world/level/block/LiquidBlock to metadata cache
[06lug2025 12:43:57.339] [main/TRACE] [mixin/]: Added class metadata for net/minecraft/world/level/chunk/storage/ChunkSerializer to metadata cache
[06lug2025 12:43:57.340] [main/TRACE] [mixin/]: Added class metadata for net/minecraft/world/entity/item/FallingBlockEntity to metadata cache
[06lug2025 12:43:57.341] [main/DEBUG] [net.neoforged.accesstransformer.AccessTransformer/AXFORM]: Transforming net.minecraft.world.entity.player.Inventory FIELD compartments to access PUBLIC and LEAVE
[06lug2025 12:43:57.343] [main/TRACE] [mixin/]: Added class metadata for net/minecraft/world/entity/player/Inventory to metadata cache
[06lug2025 12:43:57.343] [main/TRACE] [mixin/]: Added class metadata for dev/architectury/extensions/ItemExtension to metadata cache
[06lug2025 12:43:57.343] [main/TRACE] [mixin/]: Added class metadata for net/neoforged/neoforge/event/level/LevelEvent to metadata cache
[06lug2025 12:43:57.345] [main/DEBUG] [net.neoforged.accesstransformer.AccessTransformer/AXFORM]: Transforming net.minecraft.commands.CommandSourceStack FIELD source to access PUBLIC and LEAVE
[06lug2025 12:43:57.346] [main/TRACE] [mixin/]: Added class metadata for net/minecraft/commands/CommandSourceStack to metadata cache
[06lug2025 12:43:57.347] [main/DEBUG] [net.neoforged.accesstransformer.AccessTransformer/AXFORM]: Transforming net.minecraft.client.multiplayer.ClientLevel FIELD connection to access PUBLIC and LEAVE
[06lug2025 12:43:57.347] [main/DEBUG] [net.neoforged.fml.common.asm.RuntimeDistCleaner/DISTXFORM]: Removing Class Annotation: net/minecraft/client/multiplayer/ClientLevel @Lnet/neoforged/api/distmarker/OnlyIn;
[06lug2025 12:43:57.351] [main/TRACE] [mixin/]: Added class metadata for net/minecraft/client/multiplayer/ClientLevel to metadata cache
[06lug2025 12:43:57.353] [main/DEBUG] [net.neoforged.accesstransformer.AccessTransformer/AXFORM]: Transforming net.minecraft.client.Minecraft FIELD pendingConnection to access PUBLIC and LEAVE
[06lug2025 12:43:57.354] [main/DEBUG] [net.neoforged.fml.common.asm.RuntimeDistCleaner/DISTXFORM]: Removing Class Annotation: net/minecraft/client/Minecraft @Lnet/neoforged/api/distmarker/OnlyIn;
[06lug2025 12:43:57.360] [main/TRACE] [mixin/]: Added class metadata for net/minecraft/client/Minecraft to metadata cache
[06lug2025 12:43:57.360] [main/DEBUG] [mixin/]: Preparing architectury-common.mixins.json (9)
[06lug2025 12:43:57.363] [main/DEBUG] [net.neoforged.accesstransformer.AccessTransformer/AXFORM]: Transforming net.minecraft.world.level.block.Block METHOD popExperience(Lnet/minecraft/server/level/ServerLevel;Lnet/minecraft/core/BlockPos;I)V to access PUBLIC and LEAVE
[06lug2025 12:43:57.365] [main/TRACE] [mixin/]: Added class metadata for net/minecraft/world/level/block/Block to metadata cache
[06lug2025 12:43:57.383] [main/TRACE] [mixin/]: Added class metadata for net/minecraft/world/entity/EntityType to metadata cache
[06lug2025 12:43:57.384] [main/TRACE] [mixin/]: Added class metadata for net/minecraft/world/level/material/Fluid to metadata cache
[06lug2025 12:43:57.384] [main/TRACE] [mixin/]: Added class metadata for net/minecraft/world/food/FoodProperties$Builder to metadata cache
[06lug2025 12:43:57.385] [main/DEBUG] [net.neoforged.accesstransformer.AccessTransformer/AXFORM]: Transforming net.minecraft.world.item.Item FIELD components to access PRIVATE and REMOVEFINAL
[06lug2025 12:43:57.385] [main/DEBUG] [net.neoforged.accesstransformer.AccessTransformer/AXFORM]: Transforming net.minecraft.world.item.Item METHOD getPlayerPOVHitResult(Lnet/minecraft/world/level/Level;Lnet/minecraft/world/entity/player/Player;Lnet/minecraft/world/level/ClipContext$Fluid;)Lnet/minecraft/world/phys/BlockHitResult; to access PUBLIC and LEAVE
[06lug2025 12:43:57.386] [main/TRACE] [mixin/]: Added class metadata for net/minecraft/world/item/Item to metadata cache
[06lug2025 12:43:57.387] [main/TRACE] [mixin/]: Added class metadata for net/minecraft/world/item/Item$Properties to metadata cache
[06lug2025 12:43:57.388] [main/TRACE] [mixin/]: Added class metadata for net/minecraft/world/entity/LightningBolt to metadata cache
[06lug2025 12:43:57.388] [main/DEBUG] [mixin/]: Preparing neoforge.mixins.json (2)
[06lug2025 12:43:57.390] [main/DEBUG] [net.neoforged.accesstransformer.AccessTransformer/AXFORM]: Transforming net.minecraft.world.level.block.entity.BlockEntityType INNERCLASS BlockEntitySupplier to access PUBLIC and LEAVE
[06lug2025 12:43:57.393] [main/TRACE] [mixin/]: Added class metadata for net/minecraft/world/level/block/entity/BlockEntityType to metadata cache
[06lug2025 12:43:57.394] [main/TRACE] [mixin/]: Added class metadata for net/minecraft/core/MappedRegistry to metadata cache
[06lug2025 12:43:57.394] [main/DEBUG] [mixin/]: Preparing mixinextras.init.mixins.json (0)
[06lug2025 12:43:57.409] [main/TRACE] [mixin/]: Added class metadata for java/lang/invoke/MethodHandles$Lookup to metadata cache
[06lug2025 12:43:57.410] [main/TRACE] [mixin/]: Added class metadata for java/util/Map$Entry to metadata cache
[06lug2025 12:43:57.411] [main/TRACE] [mixin/]: Added class metadata for me/shedaniel/rei/plugin/common/displays/tag/TagNodes$CollectionWrapper to metadata cache
[06lug2025 12:43:57.411] [main/TRACE] [mixin/]: Added class metadata for me/shedaniel/rei/plugin/common/displays/tag/TagNodes$RawTagData to metadata cache
[06lug2025 12:43:57.412] [main/TRACE] [mixin/]: Added class metadata for me/shedaniel/rei/plugin/common/displays/tag/TagNodes$TagData to metadata cache
[06lug2025 12:43:57.412] [main/TRACE] [mixin/]: Added class metadata for net/minecraft/tags/TagLoader$EntryWithSource to metadata cache
[06lug2025 12:43:57.412] [main/TRACE] [mixin/]: Added class metadata for net/minecraft/tags/TagEntry$Lookup to metadata cache
[06lug2025 12:43:57.412] [main/TRACE] [mixin/]: Added class metadata for net/minecraft/core/RegistryAccess$RegistryEntry to metadata cache
[06lug2025 12:43:57.414] [main/TRACE] [mixin/]: Added class metadata for net/minecraft/tags/TagManager$LoadResult to metadata cache
[06lug2025 12:43:57.414] [main/TRACE] [mixin/]: Added class metadata for net/minecraft/core/RegistryAccess$Frozen to metadata cache
[06lug2025 12:43:57.416] [main/DEBUG] [net.neoforged.accesstransformer.AccessTransformer/AXFORM]: Transforming net.minecraft.client.gui.screens.inventory.AbstractContainerScreen FIELD imageWidth to access PUBLIC and LEAVE
[06lug2025 12:43:57.416] [main/DEBUG] [net.neoforged.accesstransformer.AccessTransformer/AXFORM]: Transforming net.minecraft.client.gui.screens.inventory.AbstractContainerScreen FIELD imageHeight to access PUBLIC and LEAVE
[06lug2025 12:43:57.416] [main/DEBUG] [net.neoforged.accesstransformer.AccessTransformer/AXFORM]: Transforming net.minecraft.client.gui.screens.inventory.AbstractContainerScreen FIELD hoveredSlot to access PUBLIC and LEAVE
[06lug2025 12:43:57.416] [main/DEBUG] [net.neoforged.accesstransformer.AccessTransformer/AXFORM]: Transforming net.minecraft.client.gui.screens.inventory.AbstractContainerScreen FIELD leftPos to access PUBLIC and LEAVE
[06lug2025 12:43:57.416] [main/DEBUG] [net.neoforged.accesstransformer.AccessTransformer/AXFORM]: Transforming net.minecraft.client.gui.screens.inventory.AbstractContainerScreen FIELD topPos to access PUBLIC and LEAVE
[06lug2025 12:43:57.416] [main/DEBUG] [net.neoforged.accesstransformer.AccessTransformer/AXFORM]: Transforming net.minecraft.client.gui.screens.inventory.AbstractContainerScreen FIELD draggingItem to access PUBLIC and REMOVEFINAL
[06lug2025 12:43:57.416] [main/DEBUG] [net.neoforged.accesstransformer.AccessTransformer/AXFORM]: Transforming net.minecraft.client.gui.screens.inventory.AbstractContainerScreen FIELD isQuickCrafting to access PUBLIC and LEAVE
[06lug2025 12:43:57.416] [main/DEBUG] [net.neoforged.fml.common.asm.RuntimeDistCleaner/DISTXFORM]: Removing Class Annotation: net/minecraft/client/gui/screens/inventory/AbstractContainerScreen @Lnet/neoforged/api/distmarker/OnlyIn;
[06lug2025 12:43:57.420] [main/TRACE] [mixin/]: Added class metadata for net/minecraft/client/gui/screens/inventory/AbstractContainerScreen to metadata cache
[06lug2025 12:43:57.421] [main/TRACE] [mixin/]: Added class metadata for net/minecraft/world/phys/HitResult$Type to metadata cache
[06lug2025 12:43:57.422] [main/DEBUG] [net.neoforged.fml.common.asm.RuntimeDistCleaner/DISTXFORM]: Removing Class Annotation: net/minecraft/client/renderer/MultiBufferSource$BufferSource @Lnet/neoforged/api/distmarker/OnlyIn;
[06lug2025 12:43:57.422] [main/TRACE] [mixin/]: Added class metadata for net/minecraft/client/renderer/MultiBufferSource$BufferSource to metadata cache
[06lug2025 12:43:57.423] [main/TRACE] [mixin/]: Added class metadata for com/blocklegend001/immersiveores/mixin/LevelRendererExcavatorMixin$1 to metadata cache
[06lug2025 12:43:57.424] [main/TRACE] [mixin/]: Added class metadata for net/minecraft/core/Direction$Axis to metadata cache
[06lug2025 12:43:57.424] [main/TRACE] [mixin/]: Added class metadata for com/blocklegend001/immersiveores/mixin/LevelRendererHammerMixin$1 to metadata cache
[06lug2025 12:43:57.425] [main/TRACE] [mixin/]: Added class metadata for dev/architectury/event/events/common/PlayerEvent$FillBucket to metadata cache
[06lug2025 12:43:57.428] [main/TRACE] [mixin/]: Added class metadata for net/neoforged/neoforge/event/level/ChunkDataEvent$Load to metadata cache
[06lug2025 12:43:57.429] [main/TRACE] [mixin/]: Added class metadata for dev/architectury/event/forge/EventHandlerImplCommon$LevelEventAttachment to metadata cache
[06lug2025 12:43:57.429] [main/TRACE] [mixin/]: Added class metadata for dev/architectury/event/events/common/BlockEvent$FallingLand to metadata cache
[06lug2025 12:43:57.437] [main/DEBUG] [net.neoforged.accesstransformer.AccessTransformer/AXFORM]: Transforming net.minecraft.world.entity.Entity FIELD ENTITY_COUNTER to access PROTECTED and LEAVE
[06lug2025 12:43:57.437] [main/DEBUG] [net.neoforged.accesstransformer.AccessTransformer/AXFORM]: Transforming net.minecraft.world.entity.Entity METHOD getEncodeId()Ljava/lang/String; to access PUBLIC and LEAVE
[06lug2025 12:43:57.444] [main/TRACE] [mixin/]: Added class metadata for net/minecraft/world/entity/Entity to metadata cache
[06lug2025 12:43:57.445] [main/TRACE] [mixin/]: Added class metadata for dev/architectury/event/events/client/ClientCommandRegistrationEvent$ClientCommandSourceStack to metadata cache
[06lug2025 12:43:57.445] [main/DEBUG] [net.neoforged.fml.common.asm.RuntimeDistCleaner/DISTXFORM]: Removing Class Annotation: dev/architectury/event/events/client/ClientTickEvent$ClientLevel @Lnet/neoforged/api/distmarker/OnlyIn;
[06lug2025 12:43:57.445] [main/TRACE] [mixin/]: Added class metadata for dev/architectury/event/events/client/ClientTickEvent$ClientLevel to metadata cache
[06lug2025 12:43:57.447] [main/DEBUG] [net.neoforged.accesstransformer.AccessTransformer/AXFORM]: Transforming net.minecraft.world.level.Level FIELD oRainLevel to access PUBLIC and LEAVE
[06lug2025 12:43:57.447] [main/DEBUG] [net.neoforged.accesstransformer.AccessTransformer/AXFORM]: Transforming net.minecraft.world.level.Level FIELD rainLevel to access PUBLIC and LEAVE
[06lug2025 12:43:57.447] [main/DEBUG] [net.neoforged.accesstransformer.AccessTransformer/AXFORM]: Transforming net.minecraft.world.level.Level FIELD oThunderLevel to access PUBLIC and LEAVE
[06lug2025 12:43:57.447] [main/DEBUG] [net.neoforged.accesstransformer.AccessTransformer/AXFORM]: Transforming net.minecraft.world.level.Level FIELD thunderLevel to access PUBLIC and LEAVE
[06lug2025 12:43:57.449] [main/TRACE] [mixin/]: Added class metadata for net/minecraft/world/level/Level to metadata cache
[06lug2025 12:43:57.450] [main/DEBUG] [net.neoforged.fml.common.asm.RuntimeDistCleaner/DISTXFORM]: Removing Class Annotation: dev/architectury/event/events/client/ClientLifecycleEvent$ClientState @Lnet/neoforged/api/distmarker/OnlyIn;
[06lug2025 12:43:57.450] [main/TRACE] [mixin/]: Added class metadata for dev/architectury/event/events/client/ClientLifecycleEvent$ClientState to metadata cache
[06lug2025 12:43:57.450] [main/TRACE] [mixin/]: Added class metadata for org/spongepowered/asm/mixin/injection/At$Shift to metadata cache
[06lug2025 12:43:57.450] [main/TRACE] [mixin/]: Added class metadata for dev/architectury/event/events/common/LightningEvent$Strike to metadata cache
[06lug2025 12:43:57.453] [main/DEBUG] [mixin/]: Prepared 33 mixins in 0,418 sec (12,7ms avg) (0ms load, 0ms transform, 0ms plugin)
[06lug2025 12:43:57.575] [main/DEBUG] [io.netty.util.internal.logging.InternalLoggerFactory/]: Using SLF4J as the default logging framework
[06lug2025 12:43:57.578] [main/DEBUG] [io.netty.util.ResourceLeakDetector/]: -Dio.netty.leakDetection.level: simple
[06lug2025 12:43:57.578] [main/DEBUG] [io.netty.util.ResourceLeakDetector/]: -Dio.netty.leakDetection.targetRecords: 4
[06lug2025 12:43:57.865] [main/INFO] [net.neoforged.neoforge.data.loading.DatagenModLoader/]: Initializing Data Gatherer for mods [immersiveores]
[06lug2025 12:43:57.887] [main/INFO] [MixinExtras|Service/]: Initializing MixinExtras via com.llamalad7.mixinextras.service.MixinExtrasServiceImpl(version=0.4.1).
[06lug2025 12:43:57.888] [main/DEBUG] [mixin/]: Registering new injector for @SugarWrapper with com.llamalad7.mixinextras.sugar.impl.SugarWrapperInjectionInfo
[06lug2025 12:43:57.890] [main/DEBUG] [mixin/]: Registering new injector for @FactoryRedirectWrapper with com.llamalad7.mixinextras.wrapper.factory.FactoryRedirectWrapperInjectionInfo
[06lug2025 12:43:57.898] [main/DEBUG] [mixin/]: Mixing MappedRegistryAccessor from neoforge.mixins.json into net.minecraft.core.MappedRegistry
[06lug2025 12:43:57.902] [main/DEBUG] [mixin/]: neoforge.mixins.json:MappedRegistryAccessor from mod neoforge: Class version 65 required is higher than the class version supported by the current version of Mixin (JAVA_16 supports class version 60)
[06lug2025 12:43:58.224] [main/DEBUG] [mixin/]: Mixing inject.MixinBlock from architectury-common.mixins.json into net.minecraft.world.level.block.Block
[06lug2025 12:43:58.229] [main/DEBUG] [mixin/]: architectury-common.mixins.json:inject.MixinBlock from mod architectury: Class version 65 required is higher than the class version supported by the current version of Mixin (JAVA_16 supports class version 60)
[06lug2025 12:43:58.646] [main/DEBUG] [mixin/]: Mixing neoforge.LiquidBlockAccessor from architectury.mixins.json into net.minecraft.world.level.block.LiquidBlock
[06lug2025 12:43:58.647] [main/DEBUG] [mixin/]: architectury.mixins.json:neoforge.LiquidBlockAccessor from mod architectury: Class version 65 required is higher than the class version supported by the current version of Mixin (JAVA_16 supports class version 60)
[06lug2025 12:43:58.647] [main/DEBUG] [mixin/]: Mixing inject.MixinLiquidBlock from architectury-common.mixins.json into net.minecraft.world.level.block.LiquidBlock
[06lug2025 12:43:58.647] [main/DEBUG] [mixin/]: architectury-common.mixins.json:inject.MixinLiquidBlock from mod architectury: Class version 65 required is higher than the class version supported by the current version of Mixin (JAVA_16 supports class version 60)
[06lug2025 12:43:58.877] [main/DEBUG] [mixin/]: Mixing inject.MixinEntityType from architectury-common.mixins.json into net.minecraft.world.entity.EntityType
[06lug2025 12:43:58.877] [main/DEBUG] [mixin/]: architectury-common.mixins.json:inject.MixinEntityType from mod architectury: Class version 65 required is higher than the class version supported by the current version of Mixin (JAVA_16 supports class version 60)
[06lug2025 12:43:58.902] [main/DEBUG] [mixin/]: Mixing inject.MixinFluid from architectury-common.mixins.json into net.minecraft.world.level.material.Fluid
[06lug2025 12:43:58.902] [main/DEBUG] [mixin/]: architectury-common.mixins.json:inject.MixinFluid from mod architectury: Class version 65 required is higher than the class version supported by the current version of Mixin (JAVA_16 supports class version 60)
[06lug2025 12:43:58.946] [main/DEBUG] [mixin/]: Mixing MixinFallingBlockEntity from architectury.mixins.json into net.minecraft.world.entity.item.FallingBlockEntity
[06lug2025 12:43:58.946] [main/DEBUG] [mixin/]: architectury.mixins.json:MixinFallingBlockEntity from mod architectury: Class version 65 required is higher than the class version supported by the current version of Mixin (JAVA_16 supports class version 60)
[06lug2025 12:43:58.988] [main/DEBUG] [mixin/]: architectury.mixins.json:MixinFallingBlockEntity from mod architectury->@Inject::handleLand(Lorg/spongepowered/asm/mixin/injection/callback/CallbackInfo;Lnet/minecraft/world/level/block/Block;Lnet/minecraft/core/BlockPos;ZZDLnet/minecraft/world/level/block/state/BlockState;)V doesn't use it's CallbackInfo
[06lug2025 12:43:58.988] [main/DEBUG] [mixin/]: architectury.mixins.json:MixinFallingBlockEntity from mod architectury->@Inject::handleLand(Lorg/spongepowered/asm/mixin/injection/callback/CallbackInfo;Lnet/minecraft/world/level/block/Block;Lnet/minecraft/core/BlockPos;ZZDLnet/minecraft/world/level/block/state/BlockState;)V has 0 override(s) in child classes
[06lug2025 12:43:58.988] [main/DEBUG] [mixin/]: architectury.mixins.json:MixinFallingBlockEntity from mod architectury->@Inject::handleLand(Lorg/spongepowered/asm/mixin/injection/callback/CallbackInfo;Lnet/minecraft/world/level/block/Block;Lnet/minecraft/core/BlockPos;ZZDLnet/minecraft/world/level/block/state/BlockState;)V won't be passed a CallbackInfo as a result
[06lug2025 12:43:59.372] [main/DEBUG] [mixin/]: Mixing BlockEntityTypeAccessor from neoforge.mixins.json into net.minecraft.world.level.block.entity.BlockEntityType
[06lug2025 12:43:59.374] [main/DEBUG] [mixin/]: neoforge.mixins.json:BlockEntityTypeAccessor from mod neoforge: Class version 65 required is higher than the class version supported by the current version of Mixin (JAVA_16 supports class version 60)
[06lug2025 12:44:00.663] [main/DEBUG] [mixin/]: Mixing inject.MixinItem from architectury-common.mixins.json into net.minecraft.world.item.Item
[06lug2025 12:44:00.663] [main/DEBUG] [mixin/]: architectury-common.mixins.json:inject.MixinItem from mod architectury: Class version 65 required is higher than the class version supported by the current version of Mixin (JAVA_16 supports class version 60)
[06lug2025 12:44:00.668] [main/DEBUG] [mixin/]: architectury-common.mixins.json:inject.MixinItem from mod architectury->@Inject::init(Lnet/minecraft/world/item/Item$Properties;Lorg/spongepowered/asm/mixin/injection/callback/CallbackInfo;)V doesn't use it's CallbackInfo
[06lug2025 12:44:00.668] [main/DEBUG] [mixin/]: architectury-common.mixins.json:inject.MixinItem from mod architectury->@Inject::init(Lnet/minecraft/world/item/Item$Properties;Lorg/spongepowered/asm/mixin/injection/callback/CallbackInfo;)V has 0 override(s) in child classes
[06lug2025 12:44:00.669] [main/DEBUG] [mixin/]: architectury-common.mixins.json:inject.MixinItem from mod architectury->@Inject::init(Lnet/minecraft/world/item/Item$Properties;Lorg/spongepowered/asm/mixin/injection/callback/CallbackInfo;)V won't be passed a CallbackInfo as a result
[06lug2025 12:44:00.685] [main/DEBUG] [mixin/]: Mixing neoforge.MixinBucketItem from architectury.mixins.json into net.minecraft.world.item.BucketItem
[06lug2025 12:44:00.686] [main/DEBUG] [mixin/]: architectury.mixins.json:neoforge.MixinBucketItem from mod architectury: Class version 65 required is higher than the class version supported by the current version of Mixin (JAVA_16 supports class version 60)
[06lug2025 12:44:00.689] [main/DEBUG] [mixin/]: Mixing neoforge.BucketItemAccessor from architectury.mixins.json into net.minecraft.world.item.BucketItem
[06lug2025 12:44:00.689] [main/DEBUG] [mixin/]: architectury.mixins.json:neoforge.BucketItemAccessor from mod architectury: Class version 65 required is higher than the class version supported by the current version of Mixin (JAVA_16 supports class version 60)
[06lug2025 12:44:00.689] [main/DEBUG] [mixin/]: Mixing inject.MixinBucketItem from architectury-common.mixins.json into net.minecraft.world.item.BucketItem
[06lug2025 12:44:00.689] [main/DEBUG] [mixin/]: architectury-common.mixins.json:inject.MixinBucketItem from mod architectury: Class version 65 required is higher than the class version supported by the current version of Mixin (JAVA_16 supports class version 60)
[06lug2025 12:44:00.700] [main/DEBUG] [mixin/]: architectury.mixins.json:neoforge.MixinBucketItem from mod architectury->@Inject::fillBucket(Lnet/minecraft/world/level/Level;Lnet/minecraft/world/entity/player/Player;Lnet/minecraft/world/InteractionHand;Lorg/spongepowered/asm/mixin/injection/callback/CallbackInfoReturnable;Lnet/minecraft/world/item/ItemStack;Lnet/minecraft/world/phys/BlockHitResult;)V does use it's CallbackInfoReturnable
[06lug2025 12:44:00.744] [main/DEBUG] [mixin/]: Mixing inject.MixinItemProperties from architectury-common.mixins.json into net.minecraft.world.item.Item$Properties
[06lug2025 12:44:00.745] [main/DEBUG] [mixin/]: architectury-common.mixins.json:inject.MixinItemProperties from mod architectury: Class version 65 required is higher than the class version supported by the current version of Mixin (JAVA_16 supports class version 60)
[06lug2025 12:44:00.852] [main/DEBUG] [io.netty.util.internal.PlatformDependent0/]: -Dio.netty.noUnsafe: false
[06lug2025 12:44:00.852] [main/DEBUG] [io.netty.util.internal.PlatformDependent0/]: Java version: 21
[06lug2025 12:44:00.854] [main/DEBUG] [io.netty.util.internal.PlatformDependent0/]: sun.misc.Unsafe.theUnsafe: available
[06lug2025 12:44:00.855] [main/DEBUG] [io.netty.util.internal.PlatformDependent0/]: sun.misc.Unsafe.copyMemory: available
[06lug2025 12:44:00.856] [main/DEBUG] [io.netty.util.internal.PlatformDependent0/]: sun.misc.Unsafe.storeFence: available
[06lug2025 12:44:00.857] [main/DEBUG] [io.netty.util.internal.PlatformDependent0/]: java.nio.Buffer.address: available
[06lug2025 12:44:00.859] [main/DEBUG] [io.netty.util.internal.PlatformDependent0/]: java.nio.Bits.unaligned: available, true
[06lug2025 12:44:00.863] [main/DEBUG] [io.netty.util.internal.PlatformDependent0/]: java.nio.DirectByteBuffer.<init>(long, {int,long}): unavailable
[06lug2025 12:44:00.863] [main/DEBUG] [io.netty.util.internal.PlatformDependent/]: sun.misc.Unsafe: available
[06lug2025 12:44:00.864] [main/DEBUG] [io.netty.util.internal.PlatformDependent/]: maxDirectMemory: 4219469824 bytes (maybe)
[06lug2025 12:44:00.865] [main/DEBUG] [io.netty.util.internal.PlatformDependent/]: -Dio.netty.tmpdir: C:\Users\rosar\AppData\Local\Temp (java.io.tmpdir)
[06lug2025 12:44:00.865] [main/DEBUG] [io.netty.util.internal.PlatformDependent/]: -Dio.netty.bitMode: 64 (sun.arch.data.model)
[06lug2025 12:44:00.865] [main/DEBUG] [io.netty.util.internal.PlatformDependent/]: Platform: Windows
[06lug2025 12:44:00.866] [main/DEBUG] [io.netty.util.internal.PlatformDependent/]: -Dio.netty.maxDirectMemory: -1 bytes
[06lug2025 12:44:00.866] [main/DEBUG] [io.netty.util.internal.PlatformDependent/]: -Dio.netty.uninitializedArrayAllocationThreshold: -1
[06lug2025 12:44:00.870] [main/DEBUG] [io.netty.util.internal.CleanerJava9/]: java.nio.ByteBuffer.cleaner(): available
[06lug2025 12:44:00.871] [main/DEBUG] [io.netty.util.internal.PlatformDependent/]: -Dio.netty.noPreferDirect: false
[06lug2025 12:44:01.797] [main/DEBUG] [mixin/]: Mixing MixinLightningBolt from architectury-common.mixins.json into net.minecraft.world.entity.LightningBolt
[06lug2025 12:44:01.798] [main/DEBUG] [mixin/]: architectury-common.mixins.json:MixinLightningBolt from mod architectury: Class version 65 required is higher than the class version supported by the current version of Mixin (JAVA_16 supports class version 60)
[06lug2025 12:44:01.808] [main/DEBUG] [mixin/]: architectury-common.mixins.json:MixinLightningBolt from mod architectury->@Inject::handleLightning(Lorg/spongepowered/asm/mixin/injection/callback/CallbackInfo;Ljava/util/List;)V doesn't use it's CallbackInfo
[06lug2025 12:44:01.808] [main/DEBUG] [mixin/]: architectury-common.mixins.json:MixinLightningBolt from mod architectury->@Inject::handleLightning(Lorg/spongepowered/asm/mixin/injection/callback/CallbackInfo;Ljava/util/List;)V has 0 override(s) in child classes
[06lug2025 12:44:01.808] [main/DEBUG] [mixin/]: architectury-common.mixins.json:MixinLightningBolt from mod architectury->@Inject::handleLightning(Lorg/spongepowered/asm/mixin/injection/callback/CallbackInfo;Ljava/util/List;)V won't be passed a CallbackInfo as a result
[06lug2025 12:44:01.928] [main/DEBUG] [mixin/]: Mixing inject.MixinFoodPropertiesBuilder from architectury-common.mixins.json into net.minecraft.world.food.FoodProperties$Builder
[06lug2025 12:44:01.928] [main/DEBUG] [mixin/]: architectury-common.mixins.json:inject.MixinFoodPropertiesBuilder from mod architectury: Class version 65 required is higher than the class version supported by the current version of Mixin (JAVA_16 supports class version 60)
[06lug2025 12:44:02.305] [main/DEBUG] [mixin/]: Mixing MixinInventory from architectury.mixins.json into net.minecraft.world.entity.player.Inventory
[06lug2025 12:44:02.306] [main/DEBUG] [mixin/]: architectury.mixins.json:MixinInventory from mod architectury: Class version 65 required is higher than the class version supported by the current version of Mixin (JAVA_16 supports class version 60)
[06lug2025 12:44:02.310] [main/DEBUG] [mixin/]: architectury.mixins.json:MixinInventory from mod architectury->@Inject::updateItems(Lorg/spongepowered/asm/mixin/injection/callback/CallbackInfo;)V doesn't use it's CallbackInfo
[06lug2025 12:44:02.311] [main/DEBUG] [mixin/]: architectury.mixins.json:MixinInventory from mod architectury->@Inject::updateItems(Lorg/spongepowered/asm/mixin/injection/callback/CallbackInfo;)V has 0 override(s) in child classes
[06lug2025 12:44:02.311] [main/DEBUG] [mixin/]: architectury.mixins.json:MixinInventory from mod architectury->@Inject::updateItems(Lorg/spongepowered/asm/mixin/injection/callback/CallbackInfo;)V won't be passed a CallbackInfo as a result
[06lug2025 12:44:03.043] [main/DEBUG] [net.neoforged.neoforge.registries.GameData/REGISTRIES]: Creating vanilla freeze snapshot
[06lug2025 12:44:03.066] [main/DEBUG] [net.neoforged.neoforge.registries.GameData/REGISTRIES]: Vanilla freeze snapshot created
[06lug2025 12:44:03.068] [main/DEBUG] [net.neoforged.fml.ModWorkManager/LOADING]: Using 16 threads for parallel mod-loading
[06lug2025 12:44:03.085] [main/DEBUG] [net.neoforged.fml.javafmlmod.FMLModContainer/LOADING]: Creating FMLModContainer instance for [me.shedaniel.rei.forge.RoughlyEnoughItemsForge]
[06lug2025 12:44:03.096] [main/DEBUG] [net.neoforged.fml.javafmlmod.FMLModContainer/LOADING]: Creating FMLModContainer instance for [me.shedaniel.clothconfig.ClothConfigForge]
[06lug2025 12:44:03.097] [main/DEBUG] [net.neoforged.fml.javafmlmod.FMLModContainer/LOADING]: Creating FMLModContainer instance for [com.blocklegend001.immersiveores.ImmersiveOres]
[06lug2025 12:44:03.098] [main/DEBUG] [net.neoforged.fml.javafmlmod.FMLModContainer/LOADING]: Creating FMLModContainer instance for [dev.architectury.neoforge.ArchitecturyNeoForge]
[06lug2025 12:44:03.099] [main/DEBUG] [net.neoforged.fml.javafmlmod.FMLModContainer/LOADING]: Creating FMLModContainer instance for [net.neoforged.neoforge.common.NeoForgeMod, net.neoforged.neoforge.client.ClientNeoForgeMod]
[06lug2025 12:44:03.102] [main/DEBUG] [net.neoforged.fml.javafmlmod.FMLModContainer/LOADING]: Creating FMLModContainer instance for [mezz.jei.neoforge.JustEnoughItems]
[06lug2025 12:44:03.108] [modloading-worker-0/DEBUG] [net.neoforged.fml.javafmlmod.AutomaticEventSubscriber/LOADING]: Attempting to inject @EventBusSubscriber classes into the eventbus for roughlyenoughitems
[06lug2025 12:44:03.110] [modloading-worker-0/DEBUG] [net.neoforged.fml.javafmlmod.AutomaticEventSubscriber/LOADING]: Attempting to inject @EventBusSubscriber classes into the eventbus for cloth_config
[06lug2025 12:44:03.120] [modloading-worker-0/DEBUG] [mixin/]: Mixing MixinClientLevel from architectury.mixins.json into net.minecraft.client.multiplayer.ClientLevel
[06lug2025 12:44:03.121] [modloading-worker-0/DEBUG] [mixin/]: architectury.mixins.json:MixinClientLevel from mod architectury: Class version 65 required is higher than the class version supported by the current version of Mixin (JAVA_16 supports class version 60)
[06lug2025 12:44:03.126] [modloading-worker-0/DEBUG] [mixin/]: architectury.mixins.json:MixinClientLevel from mod architectury->@Inject::tickEntities(Lorg/spongepowered/asm/mixin/injection/callback/CallbackInfo;)V doesn't use it's CallbackInfo
[06lug2025 12:44:03.127] [modloading-worker-0/DEBUG] [mixin/]: architectury.mixins.json:MixinClientLevel from mod architectury->@Inject::tickEntities(Lorg/spongepowered/asm/mixin/injection/callback/CallbackInfo;)V has 0 override(s) in child classes
[06lug2025 12:44:03.127] [modloading-worker-0/DEBUG] [mixin/]: architectury.mixins.json:MixinClientLevel from mod architectury->@Inject::tickEntities(Lorg/spongepowered/asm/mixin/injection/callback/CallbackInfo;)V won't be passed a CallbackInfo as a result
[06lug2025 12:44:03.127] [modloading-worker-0/DEBUG] [mixin/]: architectury.mixins.json:MixinClientLevel from mod architectury->@Inject::tickEntitiesPost(Lorg/spongepowered/asm/mixin/injection/callback/CallbackInfo;)V doesn't use it's CallbackInfo
[06lug2025 12:44:03.127] [modloading-worker-0/DEBUG] [mixin/]: architectury.mixins.json:MixinClientLevel from mod architectury->@Inject::tickEntitiesPost(Lorg/spongepowered/asm/mixin/injection/callback/CallbackInfo;)V has 0 override(s) in child classes
[06lug2025 12:44:03.127] [modloading-worker-0/DEBUG] [mixin/]: architectury.mixins.json:MixinClientLevel from mod architectury->@Inject::tickEntitiesPost(Lorg/spongepowered/asm/mixin/injection/callback/CallbackInfo;)V won't be passed a CallbackInfo as a result
[06lug2025 12:44:03.137] [modloading-worker-0/DEBUG] [mixin/]: Mixing MixinLevelEvent from architectury.mixins.json into net.neoforged.neoforge.event.level.LevelEvent
[06lug2025 12:44:03.138] [modloading-worker-0/DEBUG] [mixin/]: architectury.mixins.json:MixinLevelEvent from mod architectury: Class version 65 required is higher than the class version supported by the current version of Mixin (JAVA_16 supports class version 60)
[06lug2025 12:44:03.151] [modloading-worker-0/DEBUG] [net.neoforged.neoforge.internal.versions.neoforge.NeoForgeVersion/CORE]: Found NeoForge version 21.1.161
[06lug2025 12:44:03.151] [modloading-worker-0/DEBUG] [net.neoforged.neoforge.internal.versions.neoforge.NeoForgeVersion/CORE]: Found FML version 4.0.38
[06lug2025 12:44:03.151] [modloading-worker-0/INFO] [net.neoforged.neoforge.common.NeoForgeMod/NEOFORGE-MOD]: NeoForge mod loading, version 21.1.161, for MC 1.21.1
[06lug2025 12:44:03.152] [modloading-worker-0/DEBUG] [net.neoforged.fml.config.ConfigTracker/CONFIG]: Config file jei-server.toml for jei tracking
[06lug2025 12:44:03.152] [modloading-worker-0/DEBUG] [net.neoforged.fml.config.ConfigTracker/CONFIG]: Config file immersiveores/enderium-common.toml for immersiveores tracking
[06lug2025 12:44:03.180] [modloading-worker-0/DEBUG] [net.neoforged.fml.config.ConfigTracker/CONFIG]: Loaded TOML config file D:\Programmazione\Mod\Immersive Ores\NEOFORGE\1.21.1\runs\templateData\config\immersiveores\enderium-common.toml
[06lug2025 12:44:03.186] [modloading-worker-0/DEBUG] [net.neoforged.fml.config.ConfigTracker/CONFIG]: Config file neoforge-client.toml for neoforge tracking
[06lug2025 12:44:03.187] [modloading-worker-0/DEBUG] [net.neoforged.fml.config.ConfigTracker/CONFIG]: Config file neoforge-server.toml for neoforge tracking
[06lug2025 12:44:03.187] [modloading-worker-0/DEBUG] [net.neoforged.fml.config.ConfigTracker/CONFIG]: Config file neoforge-common.toml for neoforge tracking
[06lug2025 12:44:03.195] [modloading-worker-0/DEBUG] [mezz.jei.common.platform.Services/]: Loaded mezz.jei.neoforge.platform.PlatformHelper@7f3f1d38 for service interface mezz.jei.common.platform.IPlatformHelper
[06lug2025 12:44:03.197] [modloading-worker-0/DEBUG] [net.neoforged.fml.config.ConfigTracker/CONFIG]: Watching TOML config file D:\Programmazione\Mod\Immersive Ores\NEOFORGE\1.21.1\runs\templateData\config\immersiveores\enderium-common.toml for changes
[06lug2025 12:44:03.199] [modloading-worker-0/DEBUG] [net.neoforged.fml.config.ConfigTracker/CONFIG]: Config file immersiveores/vulpus-common.toml for immersiveores tracking
[06lug2025 12:44:03.201] [modloading-worker-0/DEBUG] [net.neoforged.fml.config.ConfigTracker/CONFIG]: Loaded TOML config file D:\Programmazione\Mod\Immersive Ores\NEOFORGE\1.21.1\runs\templateData\config\immersiveores\vulpus-common.toml
[06lug2025 12:44:03.202] [modloading-worker-0/DEBUG] [net.neoforged.fml.config.ConfigTracker/CONFIG]: Watching TOML config file D:\Programmazione\Mod\Immersive Ores\NEOFORGE\1.21.1\runs\templateData\config\immersiveores\vulpus-common.toml for changes
[06lug2025 12:44:03.204] [modloading-worker-0/DEBUG] [net.neoforged.fml.config.ConfigTracker/CONFIG]: Config file immersiveores/vibranium-common.toml for immersiveores tracking
[06lug2025 12:44:03.205] [modloading-worker-0/DEBUG] [net.neoforged.fml.config.ConfigTracker/CONFIG]: Loaded TOML config file D:\Programmazione\Mod\Immersive Ores\NEOFORGE\1.21.1\runs\templateData\config\immersiveores\vibranium-common.toml
[06lug2025 12:44:03.206] [modloading-worker-0/DEBUG] [net.neoforged.fml.config.ConfigTracker/CONFIG]: Watching TOML config file D:\Programmazione\Mod\Immersive Ores\NEOFORGE\1.21.1\runs\templateData\config\immersiveores\vibranium-common.toml for changes
[06lug2025 12:44:03.208] [modloading-worker-0/DEBUG] [mixin/]: Mixing MixinInputConstantsKey from rei.mixins.json into com.mojang.blaze3d.platform.InputConstants$Key
[06lug2025 12:44:03.209] [modloading-worker-0/DEBUG] [mixin/]: rei.mixins.json:MixinInputConstantsKey from mod roughlyenoughitems: Class version 65 required is higher than the class version supported by the current version of Mixin (JAVA_8 supports class version 52)
[06lug2025 12:44:03.212] [modloading-worker-0/DEBUG] [mixin/]: rei.mixins.json:MixinInputConstantsKey from mod roughlyenoughitems->@Inject::getDisplayName(Lorg/spongepowered/asm/mixin/injection/callback/CallbackInfoReturnable;)V does use it's CallbackInfoReturnable
[06lug2025 12:44:03.216] [modloading-worker-0/DEBUG] [mixin/]: Mixing MixinInputConstants from rei.mixins.json into com.mojang.blaze3d.platform.InputConstants
[06lug2025 12:44:03.217] [modloading-worker-0/DEBUG] [mixin/]: rei.mixins.json:MixinInputConstants from mod roughlyenoughitems: Class version 65 required is higher than the class version supported by the current version of Mixin (JAVA_8 supports class version 52)
[06lug2025 12:44:03.218] [modloading-worker-0/DEBUG] [mixin/]: rei.mixins.json:MixinInputConstants from mod roughlyenoughitems->@Inject::isKeyDown(JILorg/spongepowered/asm/mixin/injection/callback/CallbackInfoReturnable;)V does use it's CallbackInfoReturnable
[06lug2025 12:44:03.251] [modloading-worker-0/DEBUG] [mixin/]: Mixing MixinMinecraft from architectury.mixins.json into net.minecraft.client.Minecraft
[06lug2025 12:44:03.252] [modloading-worker-0/DEBUG] [mixin/]: architectury.mixins.json:MixinMinecraft from mod architectury: Class version 65 required is higher than the class version supported by the current version of Mixin (JAVA_16 supports class version 60)
[06lug2025 12:44:03.255] [modloading-worker-0/DEBUG] [mixin/]: architectury.mixins.json:MixinMinecraft from mod architectury->@Inject::onStart(Lorg/spongepowered/asm/mixin/injection/callback/CallbackInfo;)V doesn't use it's CallbackInfo
[06lug2025 12:44:03.255] [modloading-worker-0/DEBUG] [mixin/]: architectury.mixins.json:MixinMinecraft from mod architectury->@Inject::onStart(Lorg/spongepowered/asm/mixin/injection/callback/CallbackInfo;)V has 0 override(s) in child classes
[06lug2025 12:44:03.255] [modloading-worker-0/DEBUG] [mixin/]: architectury.mixins.json:MixinMinecraft from mod architectury->@Inject::onStart(Lorg/spongepowered/asm/mixin/injection/callback/CallbackInfo;)V won't be passed a CallbackInfo as a result
[06lug2025 12:44:03.255] [modloading-worker-0/DEBUG] [mixin/]: architectury.mixins.json:MixinMinecraft from mod architectury->@Inject::onStopping(Lorg/spongepowered/asm/mixin/injection/callback/CallbackInfo;)V doesn't use it's CallbackInfo
[06lug2025 12:44:03.255] [modloading-worker-0/DEBUG] [mixin/]: architectury.mixins.json:MixinMinecraft from mod architectury->@Inject::onStopping(Lorg/spongepowered/asm/mixin/injection/callback/CallbackInfo;)V has 0 override(s) in child classes
[06lug2025 12:44:03.255] [modloading-worker-0/DEBUG] [mixin/]: architectury.mixins.json:MixinMinecraft from mod architectury->@Inject::onStopping(Lorg/spongepowered/asm/mixin/injection/callback/CallbackInfo;)V won't be passed a CallbackInfo as a result
[06lug2025 12:44:03.273] [modloading-worker-0/DEBUG] [net.neoforged.fml.javafmlmod.AutomaticEventSubscriber/LOADING]: Attempting to inject @EventBusSubscriber classes into the eventbus for immersiveores
[06lug2025 12:44:03.274] [modloading-worker-0/DEBUG] [net.neoforged.fml.javafmlmod.AutomaticEventSubscriber/LOADING]: Auto-subscribing com.blocklegend001.immersiveores.datagen.DataGenerators to MOD
[06lug2025 12:44:03.277] [modloading-worker-0/DEBUG] [net.neoforged.fml.javafmlmod.AutomaticEventSubscriber/LOADING]: Auto-subscribing com.blocklegend001.immersiveores.event.ClientEvents to GAME
[06lug2025 12:44:03.279] [modloading-worker-0/DEBUG] [net.neoforged.fml.javafmlmod.AutomaticEventSubscriber/LOADING]: Auto-subscribing com.blocklegend001.immersiveores.event.ModEventHandler to GAME
[06lug2025 12:44:03.279] [modloading-worker-0/DEBUG] [net.neoforged.fml.javafmlmod.AutomaticEventSubscriber/LOADING]: Auto-subscribing com.blocklegend001.immersiveores.util.tools.excavator.ModEventsEnderiumExcavator to GAME
[06lug2025 12:44:03.281] [modloading-worker-0/DEBUG] [net.neoforged.fml.javafmlmod.AutomaticEventSubscriber/LOADING]: Auto-subscribing com.blocklegend001.immersiveores.util.tools.excavator.ModEventsVibraniumExcavator to GAME
[06lug2025 12:44:03.283] [modloading-worker-0/DEBUG] [net.neoforged.fml.javafmlmod.AutomaticEventSubscriber/LOADING]: Auto-subscribing com.blocklegend001.immersiveores.util.tools.excavator.ModEventsVulpusExcavator to GAME
[06lug2025 12:44:03.285] [modloading-worker-0/DEBUG] [net.neoforged.fml.javafmlmod.AutomaticEventSubscriber/LOADING]: Auto-subscribing com.blocklegend001.immersiveores.util.tools.hammer.ModEventsEnderiumHammer to GAME
[06lug2025 12:44:03.287] [modloading-worker-0/DEBUG] [net.neoforged.fml.javafmlmod.AutomaticEventSubscriber/LOADING]: Auto-subscribing com.blocklegend001.immersiveores.util.tools.hammer.ModEventsVibraniumHammer to GAME
[06lug2025 12:44:03.288] [modloading-worker-0/DEBUG] [mixin/]: Mixing MixinEffectRenderingInventoryScreen from rei.mixins.json into net.minecraft.client.gui.screens.inventory.EffectRenderingInventoryScreen
[06lug2025 12:44:03.289] [modloading-worker-0/DEBUG] [net.neoforged.fml.javafmlmod.AutomaticEventSubscriber/LOADING]: Auto-subscribing com.blocklegend001.immersiveores.util.tools.hammer.ModEventsVulpusHammer to GAME
[06lug2025 12:44:03.290] [modloading-worker-0/DEBUG] [mixin/]: rei.mixins.json:MixinEffectRenderingInventoryScreen from mod roughlyenoughitems: Class version 65 required is higher than the class version supported by the current version of Mixin (JAVA_8 supports class version 52)
[06lug2025 12:44:03.308] [modloading-worker-0/DEBUG] [net.neoforged.fml.javafmlmod.AutomaticEventSubscriber/LOADING]: Attempting to inject @EventBusSubscriber classes into the eventbus for neoforge
[06lug2025 12:44:03.308] [modloading-worker-0/DEBUG] [net.neoforged.fml.javafmlmod.AutomaticEventSubscriber/LOADING]: Auto-subscribing net.neoforged.neoforge.server.command.ConfigCommand to GAME
[06lug2025 12:44:03.309] [modloading-worker-0/DEBUG] [net.neoforged.fml.javafmlmod.AutomaticEventSubscriber/LOADING]: Attempting to inject @EventBusSubscriber classes into the eventbus for architectury
[06lug2025 12:44:03.312] [modloading-worker-0/DEBUG] [net.neoforged.fml.javafmlmod.AutomaticEventSubscriber/LOADING]: Auto-subscribing net.neoforged.neoforge.network.filters.GenericPacketSplitter to MOD
[06lug2025 12:44:03.338] [modloading-worker-0/DEBUG] [io.netty.buffer.AbstractByteBuf/]: -Dio.netty.buffer.checkAccessible: true
[06lug2025 12:44:03.338] [modloading-worker-0/DEBUG] [io.netty.buffer.AbstractByteBuf/]: -Dio.netty.buffer.checkBounds: true
[06lug2025 12:44:03.339] [modloading-worker-0/DEBUG] [io.netty.util.ResourceLeakDetectorFactory/]: Loaded default ResourceLeakDetector: io.netty.util.ResourceLeakDetector@1a2ec9cb
[06lug2025 12:44:03.340] [modloading-worker-0/DEBUG] [mezz.jei.common.config.file.ConfigSerializer/]: Loading config file: D:\Programmazione\Mod\Immersive Ores\NEOFORGE\1.21.1\runs\templateData\config\jei\jei-debug.ini
[06lug2025 12:44:03.341] [modloading-worker-0/ERROR] [mezz.jei.common.config.file.ConfigSerializer/]: 'DebugMode' is not a valid config key for config category 'debug'.
Valid keys: [debugMode, debugGuis, debugInputs, debugInfoTooltipsEnabled, crashingTestItemsEnabled, logSuffixTreeStats]
Skipping this key.
Config file: D:\Programmazione\Mod\Immersive Ores\NEOFORGE\1.21.1\runs\templateData\config\jei\jei-debug.ini
Line #5: "	DebugMode = false"
[06lug2025 12:44:03.341] [modloading-worker-0/ERROR] [mezz.jei.common.config.file.ConfigSerializer/]: 'DebugGuis' is not a valid config key for config category 'debug'.
Valid keys: [debugMode, debugGuis, debugInputs, debugInfoTooltipsEnabled, crashingTestItemsEnabled, logSuffixTreeStats]
Skipping this key.
Config file: D:\Programmazione\Mod\Immersive Ores\NEOFORGE\1.21.1\runs\templateData\config\jei\jei-debug.ini
Line #10: "	DebugGuis = false"
[06lug2025 12:44:03.341] [modloading-worker-0/ERROR] [mezz.jei.common.config.file.ConfigSerializer/]: 'DebugInputs' is not a valid config key for config category 'debug'.
Valid keys: [debugMode, debugGuis, debugInputs, debugInfoTooltipsEnabled, crashingTestItemsEnabled, logSuffixTreeStats]
Skipping this key.
Config file: D:\Programmazione\Mod\Immersive Ores\NEOFORGE\1.21.1\runs\templateData\config\jei\jei-debug.ini
Line #15: "	DebugInputs = false"
[06lug2025 12:44:03.342] [modloading-worker-0/ERROR] [mezz.jei.common.config.file.ConfigSerializer/]: 'CrashingTestItemsEnabled' is not a valid config key for config category 'debug'.
Valid keys: [debugMode, debugGuis, debugInputs, debugInfoTooltipsEnabled, crashingTestItemsEnabled, logSuffixTreeStats]
Skipping this key.
Config file: D:\Programmazione\Mod\Immersive Ores\NEOFORGE\1.21.1\runs\templateData\config\jei\jei-debug.ini
Line #25: "	CrashingTestItemsEnabled = false"
[06lug2025 12:44:03.342] [modloading-worker-0/DEBUG] [mezz.jei.common.config.file.ConfigSchema/]: Localization has not loaded yet, waiting to save the config file until JEI starts.
[06lug2025 12:44:03.344] [modloading-worker-0/DEBUG] [io.netty.util.internal.InternalThreadLocalMap/]: -Dio.netty.threadLocalMap.stringBuilder.initialSize: 1024
[06lug2025 12:44:03.344] [modloading-worker-0/DEBUG] [io.netty.util.internal.InternalThreadLocalMap/]: -Dio.netty.threadLocalMap.stringBuilder.maxSize: 4096
[06lug2025 12:44:03.344] [modloading-worker-0/DEBUG] [mezz.jei.common.config.file.ConfigSerializer/]: Loading config file: D:\Programmazione\Mod\Immersive Ores\NEOFORGE\1.21.1\runs\templateData\config\jei\jei-mod-id-format.ini
[06lug2025 12:44:03.345] [modloading-worker-0/ERROR] [mezz.jei.common.config.file.ConfigSerializer/]: '[modname]' is not a valid category name.
Valid names are: [modName]
Skipping all values until the first valid category is declared.
Config file: D:\Programmazione\Mod\Immersive Ores\NEOFORGE\1.21.1\runs\templateData\config\jei\jei-mod-id-format.ini
Line #1: "[modname]"
[06lug2025 12:44:03.346] [modloading-worker-0/ERROR] [mezz.jei.common.config.file.ConfigSerializer/]: Expected a '[category]' here.
Configs must start with a category before defining values.
Skipping all lines until the first valid category is declared.
Config file: D:\Programmazione\Mod\Immersive Ores\NEOFORGE\1.21.1\runs\templateData\config\jei\jei-mod-id-format.ini
Line #9: "	ModNameFormat = blue italic"
[06lug2025 12:44:03.346] [modloading-worker-0/DEBUG] [mezz.jei.common.config.file.ConfigSchema/]: Localization has not loaded yet, waiting to save the config file until JEI starts.
[06lug2025 12:44:03.347] [modloading-worker-0/DEBUG] [io.netty.buffer.PooledByteBufAllocator/]: -Dio.netty.allocator.numHeapArenas: 32
[06lug2025 12:44:03.347] [modloading-worker-0/DEBUG] [io.netty.buffer.PooledByteBufAllocator/]: -Dio.netty.allocator.numDirectArenas: 32
[06lug2025 12:44:03.347] [modloading-worker-0/DEBUG] [io.netty.buffer.PooledByteBufAllocator/]: -Dio.netty.allocator.pageSize: 8192
[06lug2025 12:44:03.347] [modloading-worker-0/DEBUG] [io.netty.buffer.PooledByteBufAllocator/]: -Dio.netty.allocator.maxOrder: 9
[06lug2025 12:44:03.347] [modloading-worker-0/DEBUG] [io.netty.buffer.PooledByteBufAllocator/]: -Dio.netty.allocator.chunkSize: 4194304
[06lug2025 12:44:03.347] [modloading-worker-0/DEBUG] [io.netty.buffer.PooledByteBufAllocator/]: -Dio.netty.allocator.smallCacheSize: 256
[06lug2025 12:44:03.347] [modloading-worker-0/DEBUG] [io.netty.buffer.PooledByteBufAllocator/]: -Dio.netty.allocator.normalCacheSize: 64
[06lug2025 12:44:03.347] [modloading-worker-0/DEBUG] [io.netty.buffer.PooledByteBufAllocator/]: -Dio.netty.allocator.maxCachedBufferCapacity: 32768
[06lug2025 12:44:03.347] [modloading-worker-0/DEBUG] [io.netty.buffer.PooledByteBufAllocator/]: -Dio.netty.allocator.cacheTrimInterval: 8192
[06lug2025 12:44:03.347] [modloading-worker-0/DEBUG] [io.netty.buffer.PooledByteBufAllocator/]: -Dio.netty.allocator.cacheTrimIntervalMillis: 0
[06lug2025 12:44:03.347] [modloading-worker-0/DEBUG] [io.netty.buffer.PooledByteBufAllocator/]: -Dio.netty.allocator.useCacheForAllThreads: false
[06lug2025 12:44:03.347] [modloading-worker-0/DEBUG] [io.netty.buffer.PooledByteBufAllocator/]: -Dio.netty.allocator.maxCachedByteBuffersPerChunk: 1023
[06lug2025 12:44:03.347] [modloading-worker-0/DEBUG] [mezz.jei.common.config.file.ConfigSerializer/]: Loading config file: D:\Programmazione\Mod\Immersive Ores\NEOFORGE\1.21.1\runs\templateData\config\jei\jei-colors.ini
[06lug2025 12:44:03.348] [modloading-worker-0/ERROR] [mezz.jei.common.config.file.ConfigSerializer/]: 'SearchColors' is not a valid config key for config category 'colors'.
Valid keys: [searchColors]
Skipping this key.
Config file: D:\Programmazione\Mod\Immersive Ores\NEOFORGE\1.21.1\runs\templateData\config\jei\jei-colors.ini
Line #6: "	SearchColors = White:EEEEEE, LightBlue:7492CC, Cyan:00EEEE, Blue:2222DD, LapisBlue:25418B, Teal:008080, Yellow:CACB58, GoldenYellow:EED700, Orange:D97634, Pink:D1899D, HotPink:FC0FC0, Magenta:B24BBB, Purple:813EB9, EvilPurple:2E1649, Lavender:B57EDC, Indigo:480082, Sand:DBD3A0, Tan:BB9B63, LightBrown:A0522D, Brown:634B33, DarkBrown:3A2D13, LimeGreen:43B239, SlimeGreen:83CB73, Green:008000, DarkGreen:224D22, GrassGreen:548049, Red:963430, BrickRed:B0604B, NetherBrick:2A1516, Redstone:CE3E36, Black:181515, CharcoalGray:464646, IronGray:646464, Gray:808080, Silver:C0C0C0"
[06lug2025 12:44:03.348] [modloading-worker-0/DEBUG] [mezz.jei.common.config.file.ConfigSchema/]: Localization has not loaded yet, waiting to save the config file until JEI starts.
[06lug2025 12:44:03.361] [modloading-worker-0/DEBUG] [mezz.jei.common.config.file.ConfigSerializer/]: Loading config file: D:\Programmazione\Mod\Immersive Ores\NEOFORGE\1.21.1\runs\templateData\config\jei\jei-client.ini
[06lug2025 12:44:03.361] [modloading-worker-0/DEBUG] [io.netty.buffer.ByteBufUtil/]: -Dio.netty.allocator.type: pooled
[06lug2025 12:44:03.361] [modloading-worker-0/DEBUG] [io.netty.buffer.ByteBufUtil/]: -Dio.netty.threadLocalDirectBufferSize: 0
[06lug2025 12:44:03.361] [modloading-worker-0/DEBUG] [io.netty.buffer.ByteBufUtil/]: -Dio.netty.maxThreadLocalCharBufferSize: 16384
[06lug2025 12:44:03.362] [modloading-worker-0/ERROR] [mezz.jei.common.config.file.ConfigSerializer/]: 'CenterSearch' is not a valid config key for config category 'appearance'.
Valid keys: [centerSearch, recipeGuiHeight]
Skipping this key.
Config file: D:\Programmazione\Mod\Immersive Ores\NEOFORGE\1.21.1\runs\templateData\config\jei\jei-client.ini
Line #5: "	CenterSearch = false"
[06lug2025 12:44:03.362] [modloading-worker-0/ERROR] [mezz.jei.common.config.file.ConfigSerializer/]: 'RecipeGuiHeight' is not a valid config key for config category 'appearance'.
Valid keys: [centerSearch, recipeGuiHeight]
Skipping this key.
Config file: D:\Programmazione\Mod\Immersive Ores\NEOFORGE\1.21.1\runs\templateData\config\jei\jei-client.ini
Line #10: "	RecipeGuiHeight = 350"
[06lug2025 12:44:03.362] [modloading-worker-0/ERROR] [mezz.jei.common.config.file.ConfigSerializer/]: '[cheat_mode]' is not a valid category name.
Valid names are: [appearance, cheating, bookmarks, tooltips, performance, lookups, advanced, input, sorting, search, ingredientList, bookmarkList]
Skipping all values until the first valid category is declared.
Config file: D:\Programmazione\Mod\Immersive Ores\NEOFORGE\1.21.1\runs\templateData\config\jei\jei-client.ini
Line #13: "[cheat_mode]"
[06lug2025 12:44:03.362] [modloading-worker-0/ERROR] [mezz.jei.common.config.file.ConfigSerializer/]: Expected a '[category]' here.
Configs must start with a category before defining values.
Skipping all lines until the first valid category is declared.
Config file: D:\Programmazione\Mod\Immersive Ores\NEOFORGE\1.21.1\runs\templateData\config\jei\jei-client.ini
Line #17: "	GiveMode = MOUSE_PICKUP"
[06lug2025 12:44:03.362] [modloading-worker-0/ERROR] [mezz.jei.common.config.file.ConfigSerializer/]: Expected a '[category]' here.
Configs must start with a category before defining values.
Skipping all lines until the first valid category is declared.
Config file: D:\Programmazione\Mod\Immersive Ores\NEOFORGE\1.21.1\runs\templateData\config\jei\jei-client.ini
Line #22: "	CheatToHotbarUsingHotkeysEnabled = false"
[06lug2025 12:44:03.362] [modloading-worker-0/ERROR] [mezz.jei.common.config.file.ConfigSerializer/]: Expected a '[category]' here.
Configs must start with a category before defining values.
Skipping all lines until the first valid category is declared.
Config file: D:\Programmazione\Mod\Immersive Ores\NEOFORGE\1.21.1\runs\templateData\config\jei\jei-client.ini
Line #27: "	ShowHiddenItems = false"
[06lug2025 12:44:03.362] [modloading-worker-0/ERROR] [mezz.jei.common.config.file.ConfigSerializer/]: 'AddBookmarksToFrontEnabled' is not a valid config key for config category 'bookmarks'.
Valid keys: [addBookmarksToFrontEnabled, dragToRearrangeBookmarksEnabled]
Skipping this key.
Config file: D:\Programmazione\Mod\Immersive Ores\NEOFORGE\1.21.1\runs\templateData\config\jei\jei-client.ini
Line #34: "	AddBookmarksToFrontEnabled = false"
[06lug2025 12:44:03.362] [modloading-worker-0/ERROR] [mezz.jei.common.config.file.ConfigSerializer/]: 'BookmarkTooltipFeatures' is not a valid config key for config category 'bookmarks'.
Valid keys: [addBookmarksToFrontEnabled, dragToRearrangeBookmarksEnabled]
Skipping this key.
Config file: D:\Programmazione\Mod\Immersive Ores\NEOFORGE\1.21.1\runs\templateData\config\jei\jei-client.ini
Line #40: "	BookmarkTooltipFeatures = PREVIEW"
[06lug2025 12:44:03.362] [modloading-worker-0/ERROR] [mezz.jei.common.config.file.ConfigSerializer/]: 'HoldShiftToShowBookmarkTooltipFeatures' is not a valid config key for config category 'bookmarks'.
Valid keys: [addBookmarksToFrontEnabled, dragToRearrangeBookmarksEnabled]
Skipping this key.
Config file: D:\Programmazione\Mod\Immersive Ores\NEOFORGE\1.21.1\runs\templateData\config\jei\jei-client.ini
Line #45: "	HoldShiftToShowBookmarkTooltipFeatures = true"
[06lug2025 12:44:03.363] [modloading-worker-0/ERROR] [mezz.jei.common.config.file.ConfigSerializer/]: 'DragToRearrangeBookmarksEnabled' is not a valid config key for config category 'bookmarks'.
Valid keys: [addBookmarksToFrontEnabled, dragToRearrangeBookmarksEnabled]
Skipping this key.
Config file: D:\Programmazione\Mod\Immersive Ores\NEOFORGE\1.21.1\runs\templateData\config\jei\jei-client.ini
Line #50: "	DragToRearrangeBookmarksEnabled = true"
[06lug2025 12:44:03.363] [modloading-worker-0/ERROR] [mezz.jei.common.config.file.ConfigSerializer/]: 'LowMemorySlowSearchEnabled' is not a valid config key for config category 'advanced'.
Valid keys: [catchRenderErrorsEnabled]
Skipping this key.
Config file: D:\Programmazione\Mod\Immersive Ores\NEOFORGE\1.21.1\runs\templateData\config\jei\jei-client.ini
Line #57: "	LowMemorySlowSearchEnabled = false"
[06lug2025 12:44:03.364] [modloading-worker-0/ERROR] [mezz.jei.common.config.file.ConfigSerializer/]: 'CatchRenderErrorsEnabled' is not a valid config key for config category 'advanced'.
Valid keys: [catchRenderErrorsEnabled]
Skipping this key.
Config file: D:\Programmazione\Mod\Immersive Ores\NEOFORGE\1.21.1\runs\templateData\config\jei\jei-client.ini
Line #62: "	CatchRenderErrorsEnabled = false"
[06lug2025 12:44:03.364] [modloading-worker-0/ERROR] [mezz.jei.common.config.file.ConfigSerializer/]: 'lookupFluidContentsEnabled' is not a valid config key for config category 'advanced'.
Valid keys: [catchRenderErrorsEnabled]
Skipping this key.
Config file: D:\Programmazione\Mod\Immersive Ores\NEOFORGE\1.21.1\runs\templateData\config\jei\jei-client.ini
Line #67: "	lookupFluidContentsEnabled = false"
[06lug2025 12:44:03.364] [modloading-worker-0/ERROR] [mezz.jei.common.config.file.ConfigSerializer/]: 'lookupBlockTagsEnabled' is not a valid config key for config category 'advanced'.
Valid keys: [catchRenderErrorsEnabled]
Skipping this key.
Config file: D:\Programmazione\Mod\Immersive Ores\NEOFORGE\1.21.1\runs\templateData\config\jei\jei-client.ini
Line #72: "	lookupBlockTagsEnabled = true"
[06lug2025 12:44:03.364] [modloading-worker-0/ERROR] [mezz.jei.common.config.file.ConfigSerializer/]: 'showTagRecipesEnabled' is not a valid config key for config category 'advanced'.
Valid keys: [catchRenderErrorsEnabled]
Skipping this key.
Config file: D:\Programmazione\Mod\Immersive Ores\NEOFORGE\1.21.1\runs\templateData\config\jei\jei-client.ini
Line #77: "	showTagRecipesEnabled = true"
[06lug2025 12:44:03.364] [modloading-worker-0/ERROR] [mezz.jei.common.config.file.ConfigSerializer/]: 'showCreativeTabNamesEnabled' is not a valid config key for config category 'advanced'.
Valid keys: [catchRenderErrorsEnabled]
Skipping this key.
Config file: D:\Programmazione\Mod\Immersive Ores\NEOFORGE\1.21.1\runs\templateData\config\jei\jei-client.ini
Line #82: "	showCreativeTabNamesEnabled = false"
[06lug2025 12:44:03.364] [modloading-worker-0/ERROR] [mezz.jei.common.config.file.ConfigSerializer/]: 'IngredientSortStages' is not a valid config key for config category 'sorting'.
Valid keys: [ingredientSortStages, recipeSorterStages]
Skipping this key.
Config file: D:\Programmazione\Mod\Immersive Ores\NEOFORGE\1.21.1\runs\templateData\config\jei\jei-client.ini
Line #102: "	IngredientSortStages = MOD_NAME, INGREDIENT_TYPE, CREATIVE_MENU"
[06lug2025 12:44:03.364] [modloading-worker-0/ERROR] [mezz.jei.common.config.file.ConfigSerializer/]: 'RecipeSorterStages' is not a valid config key for config category 'sorting'.
Valid keys: [ingredientSortStages, recipeSorterStages]
Skipping this key.
Config file: D:\Programmazione\Mod\Immersive Ores\NEOFORGE\1.21.1\runs\templateData\config\jei\jei-client.ini
Line #108: "	RecipeSorterStages = BOOKMARKED, CRAFTABLE"
[06lug2025 12:44:03.364] [modloading-worker-0/ERROR] [mezz.jei.common.config.file.ConfigSerializer/]: '[tags]' is not a valid category name.
Valid names are: [appearance, cheating, bookmarks, tooltips, performance, lookups, advanced, input, sorting, search, ingredientList, bookmarkList]
Skipping all values until the first valid category is declared.
Config file: D:\Programmazione\Mod\Immersive Ores\NEOFORGE\1.21.1\runs\templateData\config\jei\jei-client.ini
Line #111: "[tags]"
[06lug2025 12:44:03.364] [modloading-worker-0/ERROR] [mezz.jei.common.config.file.ConfigSerializer/]: Expected a '[category]' here.
Configs must start with a category before defining values.
Skipping all lines until the first valid category is declared.
Config file: D:\Programmazione\Mod\Immersive Ores\NEOFORGE\1.21.1\runs\templateData\config\jei\jei-client.ini
Line #115: "	TagContentTooltipEnabled = true"
[06lug2025 12:44:03.364] [modloading-worker-0/ERROR] [mezz.jei.common.config.file.ConfigSerializer/]: Expected a '[category]' here.
Configs must start with a category before defining values.
Skipping all lines until the first valid category is declared.
Config file: D:\Programmazione\Mod\Immersive Ores\NEOFORGE\1.21.1\runs\templateData\config\jei\jei-client.ini
Line #120: "	HideSingleIngredientTagsEnabled = true"
[06lug2025 12:44:03.365] [modloading-worker-0/ERROR] [mezz.jei.common.config.file.ConfigSerializer/]: 'ModNameSearchMode' is not a valid config key for config category 'search'.
Valid keys: [modNameSearchMode, tagSearchMode, tooltipSearchMode, colorSearchMode, resourceLocationSearchMode, creativeTabSearchMode, searchAdvancedTooltips, searchModIds, searchModAliases, searchShortModNames, searchIngredientAliases]
Skipping this key.
Config file: D:\Programmazione\Mod\Immersive Ores\NEOFORGE\1.21.1\runs\templateData\config\jei\jei-client.ini
Line #127: "	ModNameSearchMode = REQUIRE_PREFIX"
[06lug2025 12:44:03.365] [modloading-worker-0/ERROR] [mezz.jei.common.config.file.ConfigSerializer/]: 'TooltipSearchMode' is not a valid config key for config category 'search'.
Valid keys: [modNameSearchMode, tagSearchMode, tooltipSearchMode, colorSearchMode, resourceLocationSearchMode, creativeTabSearchMode, searchAdvancedTooltips, searchModIds, searchModAliases, searchShortModNames, searchIngredientAliases]
Skipping this key.
Config file: D:\Programmazione\Mod\Immersive Ores\NEOFORGE\1.21.1\runs\templateData\config\jei\jei-client.ini
Line #132: "	TooltipSearchMode = ENABLED"
[06lug2025 12:44:03.365] [modloading-worker-0/ERROR] [mezz.jei.common.config.file.ConfigSerializer/]: 'TagSearchMode' is not a valid config key for config category 'search'.
Valid keys: [modNameSearchMode, tagSearchMode, tooltipSearchMode, colorSearchMode, resourceLocationSearchMode, creativeTabSearchMode, searchAdvancedTooltips, searchModIds, searchModAliases, searchShortModNames, searchIngredientAliases]
Skipping this key.
Config file: D:\Programmazione\Mod\Immersive Ores\NEOFORGE\1.21.1\runs\templateData\config\jei\jei-client.ini
Line #137: "	TagSearchMode = REQUIRE_PREFIX"
[06lug2025 12:44:03.365] [modloading-worker-0/ERROR] [mezz.jei.common.config.file.ConfigSerializer/]: 'ColorSearchMode' is not a valid config key for config category 'search'.
Valid keys: [modNameSearchMode, tagSearchMode, tooltipSearchMode, colorSearchMode, resourceLocationSearchMode, creativeTabSearchMode, searchAdvancedTooltips, searchModIds, searchModAliases, searchShortModNames, searchIngredientAliases]
Skipping this key.
Config file: D:\Programmazione\Mod\Immersive Ores\NEOFORGE\1.21.1\runs\templateData\config\jei\jei-client.ini
Line #142: "	ColorSearchMode = DISABLED"
[06lug2025 12:44:03.365] [modloading-worker-0/ERROR] [mezz.jei.common.config.file.ConfigSerializer/]: 'ResourceLocationSearchMode' is not a valid config key for config category 'search'.
Valid keys: [modNameSearchMode, tagSearchMode, tooltipSearchMode, colorSearchMode, resourceLocationSearchMode, creativeTabSearchMode, searchAdvancedTooltips, searchModIds, searchModAliases, searchShortModNames, searchIngredientAliases]
Skipping this key.
Config file: D:\Programmazione\Mod\Immersive Ores\NEOFORGE\1.21.1\runs\templateData\config\jei\jei-client.ini
Line #147: "	ResourceLocationSearchMode = DISABLED"
[06lug2025 12:44:03.365] [modloading-worker-0/ERROR] [mezz.jei.common.config.file.ConfigSerializer/]: 'CreativeTabSearchMode' is not a valid config key for config category 'search'.
Valid keys: [modNameSearchMode, tagSearchMode, tooltipSearchMode, colorSearchMode, resourceLocationSearchMode, creativeTabSearchMode, searchAdvancedTooltips, searchModIds, searchModAliases, searchShortModNames, searchIngredientAliases]
Skipping this key.
Config file: D:\Programmazione\Mod\Immersive Ores\NEOFORGE\1.21.1\runs\templateData\config\jei\jei-client.ini
Line #152: "	CreativeTabSearchMode = DISABLED"
[06lug2025 12:44:03.365] [modloading-worker-0/ERROR] [mezz.jei.common.config.file.ConfigSerializer/]: 'SearchAdvancedTooltips' is not a valid config key for config category 'search'.
Valid keys: [modNameSearchMode, tagSearchMode, tooltipSearchMode, colorSearchMode, resourceLocationSearchMode, creativeTabSearchMode, searchAdvancedTooltips, searchModIds, searchModAliases, searchShortModNames, searchIngredientAliases]
Skipping this key.
Config file: D:\Programmazione\Mod\Immersive Ores\NEOFORGE\1.21.1\runs\templateData\config\jei\jei-client.ini
Line #157: "	SearchAdvancedTooltips = false"
[06lug2025 12:44:03.365] [modloading-worker-0/ERROR] [mezz.jei.common.config.file.ConfigSerializer/]: 'SearchModIds' is not a valid config key for config category 'search'.
Valid keys: [modNameSearchMode, tagSearchMode, tooltipSearchMode, colorSearchMode, resourceLocationSearchMode, creativeTabSearchMode, searchAdvancedTooltips, searchModIds, searchModAliases, searchShortModNames, searchIngredientAliases]
Skipping this key.
Config file: D:\Programmazione\Mod\Immersive Ores\NEOFORGE\1.21.1\runs\templateData\config\jei\jei-client.ini
Line #162: "	SearchModIds = true"
[06lug2025 12:44:03.365] [modloading-worker-0/ERROR] [mezz.jei.common.config.file.ConfigSerializer/]: 'SearchModAliases' is not a valid config key for config category 'search'.
Valid keys: [modNameSearchMode, tagSearchMode, tooltipSearchMode, colorSearchMode, resourceLocationSearchMode, creativeTabSearchMode, searchAdvancedTooltips, searchModIds, searchModAliases, searchShortModNames, searchIngredientAliases]
Skipping this key.
Config file: D:\Programmazione\Mod\Immersive Ores\NEOFORGE\1.21.1\runs\templateData\config\jei\jei-client.ini
Line #167: "	SearchModAliases = true"
[06lug2025 12:44:03.365] [modloading-worker-0/ERROR] [mezz.jei.common.config.file.ConfigSerializer/]: 'SearchShortModNames' is not a valid config key for config category 'search'.
Valid keys: [modNameSearchMode, tagSearchMode, tooltipSearchMode, colorSearchMode, resourceLocationSearchMode, creativeTabSearchMode, searchAdvancedTooltips, searchModIds, searchModAliases, searchShortModNames, searchIngredientAliases]
Skipping this key.
Config file: D:\Programmazione\Mod\Immersive Ores\NEOFORGE\1.21.1\runs\templateData\config\jei\jei-client.ini
Line #172: "	SearchShortModNames = true"
[06lug2025 12:44:03.365] [modloading-worker-0/ERROR] [mezz.jei.common.config.file.ConfigSerializer/]: 'SearchIngredientAliases' is not a valid config key for config category 'search'.
Valid keys: [modNameSearchMode, tagSearchMode, tooltipSearchMode, colorSearchMode, resourceLocationSearchMode, creativeTabSearchMode, searchAdvancedTooltips, searchModIds, searchModAliases, searchShortModNames, searchIngredientAliases]
Skipping this key.
Config file: D:\Programmazione\Mod\Immersive Ores\NEOFORGE\1.21.1\runs\templateData\config\jei\jei-client.ini
Line #177: "	SearchIngredientAliases = true"
[06lug2025 12:44:03.365] [modloading-worker-0/ERROR] [mezz.jei.common.config.file.ConfigSerializer/]: '[IngredientList]' is not a valid category name.
Valid names are: [appearance, cheating, bookmarks, tooltips, performance, lookups, advanced, input, sorting, search, ingredientList, bookmarkList]
Skipping all values until the first valid category is declared.
Config file: D:\Programmazione\Mod\Immersive Ores\NEOFORGE\1.21.1\runs\templateData\config\jei\jei-client.ini
Line #180: "[IngredientList]"
[06lug2025 12:44:03.365] [modloading-worker-0/ERROR] [mezz.jei.common.config.file.ConfigSerializer/]: Expected a '[category]' here.
Configs must start with a category before defining values.
Skipping all lines until the first valid category is declared.
Config file: D:\Programmazione\Mod\Immersive Ores\NEOFORGE\1.21.1\runs\templateData\config\jei\jei-client.ini
Line #184: "	MaxRows = 16"
[06lug2025 12:44:03.365] [modloading-worker-0/ERROR] [mezz.jei.common.config.file.ConfigSerializer/]: Expected a '[category]' here.
Configs must start with a category before defining values.
Skipping all lines until the first valid category is declared.
Config file: D:\Programmazione\Mod\Immersive Ores\NEOFORGE\1.21.1\runs\templateData\config\jei\jei-client.ini
Line #189: "	MaxColumns = 9"
[06lug2025 12:44:03.365] [modloading-worker-0/ERROR] [mezz.jei.common.config.file.ConfigSerializer/]: Expected a '[category]' here.
Configs must start with a category before defining values.
Skipping all lines until the first valid category is declared.
Config file: D:\Programmazione\Mod\Immersive Ores\NEOFORGE\1.21.1\runs\templateData\config\jei\jei-client.ini
Line #194: "	HorizontalAlignment = RIGHT"
[06lug2025 12:44:03.365] [modloading-worker-0/ERROR] [mezz.jei.common.config.file.ConfigSerializer/]: Expected a '[category]' here.
Configs must start with a category before defining values.
Skipping all lines until the first valid category is declared.
Config file: D:\Programmazione\Mod\Immersive Ores\NEOFORGE\1.21.1\runs\templateData\config\jei\jei-client.ini
Line #199: "	VerticalAlignment = TOP"
[06lug2025 12:44:03.365] [modloading-worker-0/ERROR] [mezz.jei.common.config.file.ConfigSerializer/]: Expected a '[category]' here.
Configs must start with a category before defining values.
Skipping all lines until the first valid category is declared.
Config file: D:\Programmazione\Mod\Immersive Ores\NEOFORGE\1.21.1\runs\templateData\config\jei\jei-client.ini
Line #204: "	ButtonNavigationVisibility = ENABLED"
[06lug2025 12:44:03.365] [modloading-worker-0/ERROR] [mezz.jei.common.config.file.ConfigSerializer/]: Expected a '[category]' here.
Configs must start with a category before defining values.
Skipping all lines until the first valid category is declared.
Config file: D:\Programmazione\Mod\Immersive Ores\NEOFORGE\1.21.1\runs\templateData\config\jei\jei-client.ini
Line #209: "	DrawBackground = false"
[06lug2025 12:44:03.365] [modloading-worker-0/ERROR] [mezz.jei.common.config.file.ConfigSerializer/]: '[BookmarkList]' is not a valid category name.
Valid names are: [appearance, cheating, bookmarks, tooltips, performance, lookups, advanced, input, sorting, search, ingredientList, bookmarkList]
Skipping all values until the first valid category is declared.
Config file: D:\Programmazione\Mod\Immersive Ores\NEOFORGE\1.21.1\runs\templateData\config\jei\jei-client.ini
Line #212: "[BookmarkList]"
[06lug2025 12:44:03.365] [modloading-worker-0/ERROR] [mezz.jei.common.config.file.ConfigSerializer/]: Expected a '[category]' here.
Configs must start with a category before defining values.
Skipping all lines until the first valid category is declared.
Config file: D:\Programmazione\Mod\Immersive Ores\NEOFORGE\1.21.1\runs\templateData\config\jei\jei-client.ini
Line #216: "	MaxRows = 16"
[06lug2025 12:44:03.365] [modloading-worker-0/ERROR] [mezz.jei.common.config.file.ConfigSerializer/]: Expected a '[category]' here.
Configs must start with a category before defining values.
Skipping all lines until the first valid category is declared.
Config file: D:\Programmazione\Mod\Immersive Ores\NEOFORGE\1.21.1\runs\templateData\config\jei\jei-client.ini
Line #221: "	MaxColumns = 9"
[06lug2025 12:44:03.366] [modloading-worker-0/ERROR] [mezz.jei.common.config.file.ConfigSerializer/]: Expected a '[category]' here.
Configs must start with a category before defining values.
Skipping all lines until the first valid category is declared.
Config file: D:\Programmazione\Mod\Immersive Ores\NEOFORGE\1.21.1\runs\templateData\config\jei\jei-client.ini
Line #226: "	HorizontalAlignment = LEFT"
[06lug2025 12:44:03.366] [modloading-worker-0/ERROR] [mezz.jei.common.config.file.ConfigSerializer/]: Expected a '[category]' here.
Configs must start with a category before defining values.
Skipping all lines until the first valid category is declared.
Config file: D:\Programmazione\Mod\Immersive Ores\NEOFORGE\1.21.1\runs\templateData\config\jei\jei-client.ini
Line #231: "	VerticalAlignment = TOP"
[06lug2025 12:44:03.366] [modloading-worker-0/ERROR] [mezz.jei.common.config.file.ConfigSerializer/]: Expected a '[category]' here.
Configs must start with a category before defining values.
Skipping all lines until the first valid category is declared.
Config file: D:\Programmazione\Mod\Immersive Ores\NEOFORGE\1.21.1\runs\templateData\config\jei\jei-client.ini
Line #236: "	ButtonNavigationVisibility = ENABLED"
[06lug2025 12:44:03.366] [modloading-worker-0/ERROR] [mezz.jei.common.config.file.ConfigSerializer/]: Expected a '[category]' here.
Configs must start with a category before defining values.
Skipping all lines until the first valid category is declared.
Config file: D:\Programmazione\Mod\Immersive Ores\NEOFORGE\1.21.1\runs\templateData\config\jei\jei-client.ini
Line #241: "	DrawBackground = false"
[06lug2025 12:44:03.366] [modloading-worker-0/DEBUG] [mezz.jei.common.config.file.ConfigSchema/]: Localization has not loaded yet, waiting to save the config file until JEI starts.
[06lug2025 12:44:03.372] [modloading-worker-0/INFO] [mezz.jei.library.load.PluginCaller/]: Sending ConfigManager...
[06lug2025 12:44:03.374] [modloading-worker-0/DEBUG] [net.neoforged.fml.javafmlmod.AutomaticEventSubscriber/LOADING]: Auto-subscribing net.neoforged.neoforge.network.NetworkInitialization to MOD
[06lug2025 12:44:03.375] [modloading-worker-0/DEBUG] [mezz.jei.library.load.PluginCallerTimerRunnable/]: Sending ConfigManager: jei:minecraft...
[06lug2025 12:44:03.375] [modloading-worker-0/DEBUG] [mezz.jei.library.load.PluginCallerTimerRunnable/]: Sending ConfigManager: jei:neoforge_gui...
[06lug2025 12:44:03.375] [modloading-worker-0/DEBUG] [mezz.jei.library.load.PluginCallerTimerRunnable/]: Sending ConfigManager: jei:debug...
[06lug2025 12:44:03.375] [modloading-worker-0/DEBUG] [mezz.jei.library.load.PluginCallerTimerRunnable/]: Sending ConfigManager: jei:gui...
[06lug2025 12:44:03.375] [modloading-worker-0/DEBUG] [net.neoforged.fml.javafmlmod.AutomaticEventSubscriber/LOADING]: Auto-subscribing net.neoforged.neoforge.network.ConfigurationInitialization to MOD
[06lug2025 12:44:03.375] [modloading-worker-0/DEBUG] [mezz.jei.library.load.PluginCallerTimerRunnable/]: Sending ConfigManager: jei:internal...
[06lug2025 12:44:03.377] [modloading-worker-0/INFO] [mezz.jei.library.load.PluginCaller/]: Sending ConfigManager took 3.362 ms
[06lug2025 12:44:03.379] [modloading-worker-0/DEBUG] [net.neoforged.fml.javafmlmod.AutomaticEventSubscriber/LOADING]: Auto-subscribing net.neoforged.neoforge.common.MonsterRoomHooks to GAME
[06lug2025 12:44:03.380] [modloading-worker-0/DEBUG] [net.neoforged.fml.javafmlmod.AutomaticEventSubscriber/LOADING]: Auto-subscribing net.neoforged.neoforge.common.DeferredSpawnEggItem$CommonHandler to MOD
[06lug2025 12:44:03.381] [modloading-worker-0/DEBUG] [net.neoforged.fml.javafmlmod.AutomaticEventSubscriber/LOADING]: Attempting to inject @EventBusSubscriber classes into the eventbus for jei
[06lug2025 12:44:03.382] [modloading-worker-0/DEBUG] [net.neoforged.fml.javafmlmod.AutomaticEventSubscriber/LOADING]: Auto-subscribing net.neoforged.neoforge.common.DeferredSpawnEggItem$ColorRegisterHandler to MOD
[06lug2025 12:44:03.382] [modloading-worker-0/DEBUG] [net.neoforged.fml.javafmlmod.AutomaticEventSubscriber/LOADING]: Auto-subscribing net.neoforged.neoforge.client.model.data.ModelDataManager to GAME
[06lug2025 12:44:03.384] [modloading-worker-0/DEBUG] [net.neoforged.fml.javafmlmod.AutomaticEventSubscriber/LOADING]: Auto-subscribing net.neoforged.neoforge.client.ParticleBoundsDebugRenderer to GAME
[06lug2025 12:44:03.384] [modloading-worker-0/DEBUG] [mixin/]: Mixing client.MixinCommandSourceStack from architectury.mixins.json into net.minecraft.commands.CommandSourceStack
[06lug2025 12:44:03.385] [modloading-worker-0/DEBUG] [mixin/]: architectury.mixins.json:client.MixinCommandSourceStack from mod architectury: Class version 65 required is higher than the class version supported by the current version of Mixin (JAVA_16 supports class version 60)
[06lug2025 12:44:03.395] [modloading-worker-0/DEBUG] [net.neoforged.fml.javafmlmod.AutomaticEventSubscriber/LOADING]: Auto-subscribing net.neoforged.neoforge.client.ClientHooks$ClientEvents to MOD
[06lug2025 12:44:03.397] [modloading-worker-0/DEBUG] [net.neoforged.fml.javafmlmod.AutomaticEventSubscriber/LOADING]: Auto-subscribing net.neoforged.neoforge.client.BlockEntityRenderBoundsDebugRenderer to GAME
[06lug2025 12:44:03.398] [modloading-worker-0/DEBUG] [net.neoforged.fml.javafmlmod.AutomaticEventSubscriber/LOADING]: Auto-subscribing net.neoforged.neoforge.attachment.AttachmentInternals to GAME
[06lug2025 12:44:03.412] [modloading-sync-worker/DEBUG] [net.neoforged.neoforge.registries.GameData/REGISTRIES]: Unfreezing registries
[06lug2025 12:44:03.547] [modloading-sync-worker/DEBUG] [net.neoforged.neoforge.registries.GameData/REGISTRIES]: Freezing registries
[06lug2025 12:44:03.563] [modloading-sync-worker/DEBUG] [net.neoforged.neoforge.registries.GameData/REGISTRIES]: All registries frozen
[06lug2025 12:44:03.657] [main/WARN] [net.minecraft.server.packs.VanillaPackResourcesBuilder/]: Assets URL 'union:/D:/Programmazione/Mod/Immersive%20Ores/NEOFORGE/1.21.1/.gradle/repositories/ng_dummy_ng/net/neoforged/neoforge/21.1.161/neoforge-21.1.161.jar%23189!/assets/.mcassetsroot' uses unexpected schema
[06lug2025 12:44:03.657] [main/WARN] [net.minecraft.server.packs.VanillaPackResourcesBuilder/]: Assets URL 'union:/D:/Programmazione/Mod/Immersive%20Ores/NEOFORGE/1.21.1/.gradle/repositories/ng_dummy_ng/net/neoforged/neoforge/21.1.161/neoforge-21.1.161.jar%23189!/data/.mcassetsroot' uses unexpected schema
[06lug2025 12:44:04.194] [main/INFO] [net.minecraft.data.DataGenerator/]: Starting provider: Recipes
[06lug2025 12:44:04.305] [main/INFO] [net.minecraft.data.DataGenerator/]: Recipes finished after 110 ms
[06lug2025 12:44:04.306] [main/INFO] [net.minecraft.data.DataGenerator/]: Starting provider: Block States: immersiveores
[06lug2025 12:44:04.365] [main/INFO] [net.minecraft.data.DataGenerator/]: Block States: immersiveores finished after 60 ms
[06lug2025 12:44:04.365] [main/INFO] [net.minecraft.data.DataGenerator/]: Starting provider: Item Models: immersiveores
[06lug2025 12:44:04.409] [main/INFO] [net.minecraft.data.DataGenerator/]: Item Models: immersiveores finished after 43 ms
[06lug2025 12:44:04.409] [main/INFO] [net.minecraft.data.DataGenerator/]: Starting provider: Loot Tables
[06lug2025 12:44:04.451] [main/INFO] [net.minecraft.data.DataGenerator/]: Loot Tables finished after 40 ms
[06lug2025 12:44:04.451] [main/INFO] [net.minecraft.data.DataGenerator/]: Starting provider: Tags for minecraft:block mod id immersiveores
[06lug2025 12:44:04.466] [main/INFO] [net.minecraft.data.DataGenerator/]: Tags for minecraft:block mod id immersiveores finished after 15 ms
[06lug2025 12:44:04.466] [main/INFO] [net.minecraft.data.DataGenerator/]: Starting provider: Tags for minecraft:item mod id immersiveores
[06lug2025 12:44:04.472] [main/INFO] [net.minecraft.data.DataGenerator/]: Tags for minecraft:item mod id immersiveores finished after 5 ms
[06lug2025 12:44:04.472] [main/INFO] [net.minecraft.data.DataGenerator/]: Starting provider: Registries
[06lug2025 12:44:04.484] [main/INFO] [net.minecraft.data.DataGenerator/]: Registries finished after 11 ms
[06lug2025 12:44:04.484] [main/INFO] [net.minecraft.data.DataGenerator/]: Starting provider: Advancements
[06lug2025 12:44:04.502] [main/INFO] [net.minecraft.data.DataGenerator/]: Advancements finished after 19 ms
[06lug2025 12:44:04.503] [main/INFO] [net.minecraft.data.DataGenerator/]: All providers took: 310 ms
[06lug2025 12:44:04.514] [main/INFO] [net.minecraft.data.HashCache/]: Caching: total files: 445, old count: 443, new count: 446, removed stale: 0, written: 2
