[01lug2025 17:12:54.397] [main/INFO] [cpw.mods.modlauncher.Launcher/MODLAUNCHER]: ModLauncher running: args [--launchTarget, forgeclientuserdev, --version, 21.0.167, --assetIndex, asset-index, --assetsDir, C:\Users\rosar\.gradle\caches\minecraft\assets, --gameDir, ., --fml.neoForgeVersion, 21.0.167, --fml.fmlVersion, 4.0.23, --fml.mcVersion, 1.21, --fml.neoFormVersion, 20240613.152323]
[01lug2025 17:12:54.400] [main/INFO] [cpw.mods.modlauncher.Launcher/MODLAUNCHER]: JVM identified as Amazon.com Inc. OpenJDK 64-Bit Server VM 21.0.6+7-LTS
[01lug2025 17:12:54.401] [main/INFO] [cpw.mods.modlauncher.Launcher/MODLAUNCHER]: ModLauncher 11.0.4+main.d2e20e43 starting: java version 21.0.6 by Amazon.com Inc.; OS Windows 11 arch amd64 version 10.0
[01lug2025 17:12:54.454] [main/DEBUG] [cpw.mods.modlauncher.LaunchServiceHandler/MODLAUNCHER]: Found launch services [minecraft,forgeclient,forgedatauserdev,testharness,forgeserverdev,forgeserveruserdev,forgejunitdev,forgeclientdev,forgeclientuserdev,forgeserver,forgejunituserdev,forgedatadev]
[01lug2025 17:12:54.499] [main/DEBUG] [cpw.mods.modlauncher.LaunchPluginHandler/MODLAUNCHER]: Found launch plugins: [mixin,slf4jfixer,runtime_enum_extender,accesstransformer,runtimedistcleaner]
[01lug2025 17:12:54.510] [main/DEBUG] [cpw.mods.modlauncher.TransformationServicesHandler/MODLAUNCHER]: Discovering transformation services
[01lug2025 17:12:54.514] [main/DEBUG] [net.neoforged.fml.loading.FMLPaths/CORE]: Path GAMEDIR is D:\Programmazione\Mod\Immersive Ores\NEOFORGE\1.21\runs\templateClient
[01lug2025 17:12:54.514] [main/DEBUG] [net.neoforged.fml.loading.FMLPaths/CORE]: Path MODSDIR is D:\Programmazione\Mod\Immersive Ores\NEOFORGE\1.21\runs\templateClient\mods
[01lug2025 17:12:54.515] [main/DEBUG] [net.neoforged.fml.loading.FMLPaths/CORE]: Path CONFIGDIR is D:\Programmazione\Mod\Immersive Ores\NEOFORGE\1.21\runs\templateClient\config
[01lug2025 17:12:54.515] [main/DEBUG] [net.neoforged.fml.loading.FMLPaths/CORE]: Path FMLCONFIG is D:\Programmazione\Mod\Immersive Ores\NEOFORGE\1.21\runs\templateClient\config\fml.toml
[01lug2025 17:12:54.586] [main/TRACE] [net.neoforged.fml.loading.FMLConfig/CORE]: Loaded FML config from D:\Programmazione\Mod\Immersive Ores\NEOFORGE\1.21\runs\templateClient\config\fml.toml
[01lug2025 17:12:54.586] [main/TRACE] [net.neoforged.fml.loading.FMLConfig/CORE]: FMLConfig disableConfigWatcher is false
[01lug2025 17:12:54.587] [main/TRACE] [net.neoforged.fml.loading.FMLConfig/CORE]: FMLConfig earlyWindowControl is true
[01lug2025 17:12:54.587] [main/TRACE] [net.neoforged.fml.loading.FMLConfig/CORE]: FMLConfig maxThreads is 16
[01lug2025 17:12:54.587] [main/TRACE] [net.neoforged.fml.loading.FMLConfig/CORE]: FMLConfig versionCheck is true
[01lug2025 17:12:54.587] [main/TRACE] [net.neoforged.fml.loading.FMLConfig/CORE]: FMLConfig defaultConfigPath is defaultconfigs
[01lug2025 17:12:54.587] [main/TRACE] [net.neoforged.fml.loading.FMLConfig/CORE]: FMLConfig disableOptimizedDFU is true
[01lug2025 17:12:54.587] [main/TRACE] [net.neoforged.fml.loading.FMLConfig/CORE]: FMLConfig earlyWindowProvider is fmlearlywindow
[01lug2025 17:12:54.587] [main/TRACE] [net.neoforged.fml.loading.FMLConfig/CORE]: FMLConfig earlyWindowWidth is 854
[01lug2025 17:12:54.588] [main/TRACE] [net.neoforged.fml.loading.FMLConfig/CORE]: FMLConfig earlyWindowHeight is 480
[01lug2025 17:12:54.588] [main/TRACE] [net.neoforged.fml.loading.FMLConfig/CORE]: FMLConfig earlyWindowFBScale is 1
[01lug2025 17:12:54.588] [main/TRACE] [net.neoforged.fml.loading.FMLConfig/CORE]: FMLConfig earlyWindowMaximized is false
[01lug2025 17:12:54.588] [main/TRACE] [net.neoforged.fml.loading.FMLConfig/CORE]: FMLConfig earlyWindowSkipGLVersions is []
[01lug2025 17:12:54.588] [main/TRACE] [net.neoforged.fml.loading.FMLConfig/CORE]: FMLConfig earlyWindowSquir is false
[01lug2025 17:12:54.595] [main/DEBUG] [net.neoforged.fml.loading.targets.CommonLaunchHandler/CORE]: Got mod coordinates 1.21%%D:\Programmazione\Mod\Immersive Ores\NEOFORGE\1.21\build\resources\main;1.21%%D:\Programmazione\Mod\Immersive Ores\NEOFORGE\1.21\build\classes\java\main from env
[01lug2025 17:12:54.596] [main/DEBUG] [net.neoforged.fml.loading.targets.CommonLaunchHandler/CORE]: Found supplied mod coordinates [{1.21=[D:\Programmazione\Mod\Immersive Ores\NEOFORGE\1.21\build\resources\main, D:\Programmazione\Mod\Immersive Ores\NEOFORGE\1.21\build\classes\java\main]}]
[01lug2025 17:12:54.600] [main/DEBUG] [cpw.mods.modlauncher.TransformationServicesHandler/MODLAUNCHER]: Found additional transformation services from discovery services: 
[01lug2025 17:12:54.608] [main/INFO] [net.neoforged.fml.loading.ImmediateWindowHandler/]: Loading ImmediateWindowProvider fmlearlywindow
[01lug2025 17:12:54.727] [main/INFO] [EARLYDISPLAY/]: Trying GL version 4.6
[01lug2025 17:12:54.844] [main/INFO] [EARLYDISPLAY/]: Requested GL version 4.6 got version 4.6
[01lug2025 17:12:54.883] [main/DEBUG] [cpw.mods.modlauncher.TransformationServicesHandler/MODLAUNCHER]: Found transformer services : [mixin,fml]
[01lug2025 17:12:54.884] [main/DEBUG] [cpw.mods.modlauncher.TransformationServicesHandler/MODLAUNCHER]: Transformation services loading
[01lug2025 17:12:54.884] [main/DEBUG] [cpw.mods.modlauncher.TransformationServiceDecorator/MODLAUNCHER]: Loading service mixin
[01lug2025 17:12:54.884] [main/DEBUG] [cpw.mods.modlauncher.TransformationServiceDecorator/MODLAUNCHER]: Loaded service mixin
[01lug2025 17:12:54.884] [main/DEBUG] [cpw.mods.modlauncher.TransformationServiceDecorator/MODLAUNCHER]: Loading service fml
[01lug2025 17:12:54.885] [main/DEBUG] [net.neoforged.fml.loading.FMLLoader/CORE]: FML 4.0.23 loading
[01lug2025 17:12:54.885] [main/DEBUG] [net.neoforged.fml.loading.FMLLoader/CORE]: FML found ModLauncher version : 11.0.4+main.d2e20e43
[01lug2025 17:12:54.885] [main/DEBUG] [net.neoforged.fml.loading.FMLLoader/CORE]: FML found AccessTransformer version : 10.0.1+139da711
[01lug2025 17:12:54.885] [main/DEBUG] [net.neoforged.fml.loading.FMLLoader/CORE]: FML found EventBus version : null
[01lug2025 17:12:54.885] [main/DEBUG] [net.neoforged.fml.loading.FMLLoader/CORE]: Found Runtime Dist Cleaner
[01lug2025 17:12:54.885] [main/DEBUG] [cpw.mods.modlauncher.TransformationServiceDecorator/MODLAUNCHER]: Loaded service fml
[01lug2025 17:12:54.886] [main/DEBUG] [cpw.mods.modlauncher.TransformationServicesHandler/MODLAUNCHER]: Configuring option handling for services
[01lug2025 17:12:54.896] [main/DEBUG] [net.neoforged.fml.loading.FMLServiceProvider/CORE]: Received command line version data  : VersionInfo[neoForgeVersion=21.0.167, fmlVersion=4.0.23, mcVersion=1.21, neoFormVersion=20240613.152323]
[01lug2025 17:12:54.896] [main/DEBUG] [cpw.mods.modlauncher.TransformationServicesHandler/MODLAUNCHER]: Transformation services initializing
[01lug2025 17:12:54.897] [main/DEBUG] [cpw.mods.modlauncher.TransformationServiceDecorator/MODLAUNCHER]: Initializing transformation service mixin
[01lug2025 17:12:54.905] [main/DEBUG] [mixin/]: MixinService [ModLauncher] was successfully booted in cpw.mods.cl.ModuleClassLoader@161b062a
[01lug2025 17:12:54.912] [main/INFO] [mixin/]: SpongePowered MIXIN Subsystem Version=0.8.6 Source=union:/C:/Users/rosar/.gradle/caches/modules-2/files-2.1/net.fabricmc/sponge-mixin/0.14.0+mixin.0.8.6/c265173c84346e9e5d42a2384b2b02bd39a4a899/sponge-mixin-0.14.0+mixin.0.8.6.jar%23135!/ Service=ModLauncher Env=CLIENT
[01lug2025 17:12:54.914] [main/DEBUG] [mixin/]: Initialising Mixin Platform Manager
[01lug2025 17:12:54.914] [main/DEBUG] [mixin/]: Adding mixin platform agents for container ModLauncher Root Container(ModLauncher:4f56a0a2)
[01lug2025 17:12:54.915] [main/DEBUG] [mixin/]: Instancing new MixinPlatformAgentMinecraftForge for ModLauncher Root Container(ModLauncher:4f56a0a2)
[01lug2025 17:12:54.915] [main/DEBUG] [mixin/]: MixinPlatformAgentMinecraftForge rejected container ModLauncher Root Container(ModLauncher:4f56a0a2)
[01lug2025 17:12:54.915] [main/DEBUG] [mixin/]: Instancing new MixinPlatformAgentDefault for ModLauncher Root Container(ModLauncher:4f56a0a2)
[01lug2025 17:12:54.915] [main/DEBUG] [mixin/]: MixinPlatformAgentDefault accepted container ModLauncher Root Container(ModLauncher:4f56a0a2)
[01lug2025 17:12:54.917] [main/DEBUG] [cpw.mods.modlauncher.TransformationServiceDecorator/MODLAUNCHER]: Initialized transformation service mixin
[01lug2025 17:12:54.917] [main/DEBUG] [cpw.mods.modlauncher.TransformationServiceDecorator/MODLAUNCHER]: Initializing transformation service fml
[01lug2025 17:12:54.917] [main/DEBUG] [net.neoforged.fml.loading.FMLServiceProvider/CORE]: Setting up basic FML game directories
[01lug2025 17:12:54.917] [main/DEBUG] [net.neoforged.fml.loading.FMLPaths/CORE]: Path GAMEDIR is D:\Programmazione\Mod\Immersive Ores\NEOFORGE\1.21\runs\templateClient
[01lug2025 17:12:54.917] [main/DEBUG] [net.neoforged.fml.loading.FMLPaths/CORE]: Path MODSDIR is D:\Programmazione\Mod\Immersive Ores\NEOFORGE\1.21\runs\templateClient\mods
[01lug2025 17:12:54.917] [main/DEBUG] [net.neoforged.fml.loading.FMLPaths/CORE]: Path CONFIGDIR is D:\Programmazione\Mod\Immersive Ores\NEOFORGE\1.21\runs\templateClient\config
[01lug2025 17:12:54.917] [main/DEBUG] [net.neoforged.fml.loading.FMLPaths/CORE]: Path FMLCONFIG is D:\Programmazione\Mod\Immersive Ores\NEOFORGE\1.21\runs\templateClient\config\fml.toml
[01lug2025 17:12:54.917] [main/DEBUG] [net.neoforged.fml.loading.FMLServiceProvider/CORE]: Loading configuration
[01lug2025 17:12:54.919] [main/TRACE] [net.neoforged.fml.loading.FMLConfig/CORE]: Loaded FML config from D:\Programmazione\Mod\Immersive Ores\NEOFORGE\1.21\runs\templateClient\config\fml.toml
[01lug2025 17:12:54.919] [main/TRACE] [net.neoforged.fml.loading.FMLConfig/CORE]: FMLConfig disableConfigWatcher is false
[01lug2025 17:12:54.919] [main/TRACE] [net.neoforged.fml.loading.FMLConfig/CORE]: FMLConfig earlyWindowControl is true
[01lug2025 17:12:54.919] [main/TRACE] [net.neoforged.fml.loading.FMLConfig/CORE]: FMLConfig maxThreads is 16
[01lug2025 17:12:54.919] [main/TRACE] [net.neoforged.fml.loading.FMLConfig/CORE]: FMLConfig versionCheck is true
[01lug2025 17:12:54.919] [main/TRACE] [net.neoforged.fml.loading.FMLConfig/CORE]: FMLConfig defaultConfigPath is defaultconfigs
[01lug2025 17:12:54.919] [main/TRACE] [net.neoforged.fml.loading.FMLConfig/CORE]: FMLConfig disableOptimizedDFU is true
[01lug2025 17:12:54.919] [main/TRACE] [net.neoforged.fml.loading.FMLConfig/CORE]: FMLConfig earlyWindowProvider is fmlearlywindow
[01lug2025 17:12:54.919] [main/TRACE] [net.neoforged.fml.loading.FMLConfig/CORE]: FMLConfig earlyWindowWidth is 854
[01lug2025 17:12:54.919] [main/TRACE] [net.neoforged.fml.loading.FMLConfig/CORE]: FMLConfig earlyWindowHeight is 480
[01lug2025 17:12:54.919] [main/TRACE] [net.neoforged.fml.loading.FMLConfig/CORE]: FMLConfig earlyWindowFBScale is 1
[01lug2025 17:12:54.919] [main/TRACE] [net.neoforged.fml.loading.FMLConfig/CORE]: FMLConfig earlyWindowMaximized is false
[01lug2025 17:12:54.919] [main/TRACE] [net.neoforged.fml.loading.FMLConfig/CORE]: FMLConfig earlyWindowSkipGLVersions is []
[01lug2025 17:12:54.920] [main/TRACE] [net.neoforged.fml.loading.FMLConfig/CORE]: FMLConfig earlyWindowSquir is false
[01lug2025 17:12:54.921] [main/DEBUG] [net.neoforged.fml.loading.LaunchContext/SCAN]: Located paths when launch context was created: [C:\Users\rosar\.gradle\caches\modules-2\files-2.1\org.lwjgl\lwjgl-jemalloc\3.3.3\b543467b7ff3c6920539a88ee602d34098628be5\lwjgl-jemalloc-3.3.3.jar, C:\Users\rosar\.gradle\caches\modules-2\files-2.1\it.unimi.dsi\fastutil\8.5.12\c24946d46824bd528054bface3231d2ecb7e95e8\fastutil-8.5.12.jar, C:\Users\rosar\.gradle\caches\modules-2\files-2.1\com.mojang\text2speech\1.17.9\3cad216e3a7f0c19b4b394388bc9ffc446f13b14\text2speech-1.17.9.jar, C:\Users\rosar\.gradle\caches\modules-2\files-2.1\net.neoforged\JarJarMetadata\0.4.1\f8da03683dc81694556dc3e177c5e3bb77ae6fcb\JarJarMetadata-0.4.1.jar, C:\Users\rosar\.gradle\caches\modules-2\files-2.1\com.google.code.gson\gson\2.10.1\b3add478d4382b78ea20b1671390a858002feb6c\gson-2.10.1.jar, C:\Users\rosar\.gradle\caches\modules-2\files-2.1\com.mojang\authlib\6.0.54\de8bc95660e1b2fe8793fd427a7a10dcec5b3ea7\authlib-6.0.54.jar, C:\Users\rosar\.gradle\caches\modules-2\files-2.1\net.neoforged\mergetool\2.0.3\1275202cbbb248f49345cf6787ce299afd9a02fb\mergetool-2.0.3-api.jar, C:\Users\rosar\.gradle\caches\modules-2\files-2.1\net.jodah\typetools\0.6.3\a01aaa6ddaea9ec07ec4f209487b7a46a526283a\typetools-0.6.3.jar, C:\Users\rosar\.gradle\caches\modules-2\files-2.1\net.minecraftforge\srgutils\0.4.15\ca408b131759478f164e010fae0d73997e125fb5\srgutils-0.4.15.jar, C:\Users\rosar\.gradle\caches\modules-2\files-2.1\net.neoforged.fancymodloader\earlydisplay\4.0.23\c9491ed7df998cf229eae9c7364ee9ab6f26bcfe\earlydisplay-4.0.23.jar, C:\Users\rosar\.gradle\caches\modules-2\files-2.1\net.fabricmc\sponge-mixin\0.14.0+mixin.0.8.6\c265173c84346e9e5d42a2384b2b02bd39a4a899\sponge-mixin-0.14.0+mixin.0.8.6.jar, C:\Users\rosar\.gradle\caches\modules-2\files-2.1\com.electronwill.night-config\core\3.8.0\2498dd2b3120dd49e963e2feab8fa5d0c5f80e0a\core-3.8.0.jar, C:\Users\rosar\.gradle\caches\modules-2\files-2.1\net.neoforged\coremods\7.0.3\9147e6f638b4272b3bd5fc8f92ad37802512c6c\coremods-7.0.3.jar, C:\Users\rosar\.gradle\caches\modules-2\files-2.1\org.openjdk.nashorn\nashorn-core\15.4\f67f5ffaa5f5130cf6fb9b133da00c7df3b532a5\nashorn-core-15.4.jar, C:\Users\rosar\.gradle\caches\modules-2\files-2.1\org.apache.logging.log4j\log4j-core\2.22.1\7183a25510a02ad00cc6a95d3b3d2a7d3c5a8dc4\log4j-core-2.22.1.jar, C:\Users\rosar\.gradle\caches\modules-2\files-2.1\commons-codec\commons-codec\1.16.0\4e3eb3d79888d76b54e28b350915b5dc3919c9de\commons-codec-1.16.0.jar, C:\Users\rosar\.gradle\caches\modules-2\files-2.1\com.google.guava\guava\32.1.2-jre\5e64ec7e056456bef3a4bc4c6fdaef71e8ab6318\guava-32.1.2-jre.jar, C:\Users\rosar\.gradle\caches\modules-2\files-2.1\ca.weblite\java-objc-bridge\1.1\1227f9e0666314f9de41477e3ec277e542ed7f7b\java-objc-bridge-1.1.jar, C:\Users\rosar\.gradle\caches\modules-2\files-2.1\org.apache.commons\commons-compress\1.26.0\659feffdd12280201c8aacb8f7be94f9a883c824\commons-compress-1.26.0.jar, C:\Users\rosar\.gradle\caches\modules-2\files-2.1\org.jcraft\jorbis\0.0.17\8872d22b293e8f5d7d56ff92be966e6dc28ebdc6\jorbis-0.0.17.jar, C:\Users\rosar\.gradle\caches\modules-2\files-2.1\org.lwjgl\lwjgl\3.3.3\29589b5f87ed335a6c7e7ee6a5775f81f97ecb84\lwjgl-3.3.3.jar, C:\Users\rosar\.gradle\caches\modules-2\files-2.1\org.lwjgl\lwjgl\3.3.3\9e670718e050aeaeea0c2d5b907cffb142f2e58f\lwjgl-3.3.3-natives-windows-x86.jar, C:\Users\rosar\.gradle\caches\modules-2\files-2.1\org.jetbrains\annotations\24.1.0\7af6a669488450c4a07c2c3254e2151df42d7d04\annotations-24.1.0.jar, C:\Users\rosar\.gradle\caches\modules-2\files-2.1\net.neoforged\bus\8.0.1\9df0ed904cec279eb33ca6df420f6f82706ebb4c\bus-8.0.1.jar, C:\Users\rosar\.gradle\caches\modules-2\files-2.1\org.apache.maven\maven-artifact\3.8.5\4433f50c07debefaed0553bd0068f4f48d449313\maven-artifact-3.8.5.jar, C:\Users\rosar\.gradle\caches\modules-2\files-2.1\com.google.code.findbugs\jsr305\3.0.2\25ea2e8b0c338a877313bd4672d3fe056ea78f0d\jsr305-3.0.2.jar, C:\Users\rosar\.gradle\caches\modules-2\files-2.1\io.netty\netty-resolver\4.1.97.Final\cec8348108dc76c47cf87c669d514be52c922144\netty-resolver-4.1.97.Final.jar, C:\Users\rosar\.gradle\caches\modules-2\files-2.1\com.google.errorprone\error_prone_annotations\2.18.0\89b684257096f548fa39a7df9fdaa409d4d4df91\error_prone_annotations-2.18.0.jar, C:\Users\rosar\.gradle\caches\modules-2\files-2.1\net.neoforged.fancymodloader\loader\4.0.23\1603ac9e724a9bf4e3d4ae2631da629e4755111d\loader-4.0.23.jar, C:\Users\rosar\.gradle\caches\modules-2\files-2.1\org.lwjgl\lwjgl-openal\3.3.3\daada81ceb5fc0c291fbfdd4433cb8d9423577f2\lwjgl-openal-3.3.3.jar, C:\Users\rosar\.gradle\caches\modules-2\files-2.1\net.minecrell\terminalconsoleappender\1.3.0\b562e9bb61235c9520e26282cdee71f8f802d1fc\terminalconsoleappender-1.3.0.jar, C:\Users\rosar\.gradle\caches\modules-2\files-2.1\io.netty\netty-handler\4.1.97.Final\abb86c6906bf512bf2b797a41cd7d2e8d3cd7c36\netty-handler-4.1.97.Final.jar, C:\Users\rosar\.gradle\caches\modules-2\files-2.1\com.google.guava\listenablefuture\9999.0-empty-to-avoid-conflict-with-guava\b421526c5f297295adef1c886e5246c39d4ac629\listenablefuture-9999.0-empty-to-avoid-conflict-with-guava.jar, C:\Users\rosar\.gradle\caches\modules-2\files-2.1\org.lwjgl\lwjgl-opengl\3.3.3\2f6b0147078396a58979125a4c947664e98293a\lwjgl-opengl-3.3.3.jar, C:\Users\rosar\.gradle\caches\modules-2\files-2.1\org.apache.commons\commons-lang3\3.14.0\1ed471194b02f2c6cb734a0cd6f6f107c673afae\commons-lang3-3.14.0.jar, C:\Users\rosar\.gradle\caches\modules-2\files-2.1\org.antlr\antlr4-runtime\4.13.1\17125bae1d965624e265ef49552f6465a2bfa307\antlr4-runtime-4.13.1.jar, C:\Users\rosar\.gradle\caches\modules-2\files-2.1\cpw.mods\modlauncher\11.0.4\6619d4812a3c092310d521ebc4c9503727563df7\modlauncher-11.0.4.jar, C:\Users\rosar\.gradle\caches\modules-2\files-2.1\io.netty\netty-common\4.1.97.Final\7cceacaf11df8dc63f23d0fb58e9d4640fc88404\netty-common-4.1.97.Final.jar, C:\Users\rosar\.gradle\caches\modules-2\files-2.1\org.lwjgl\lwjgl-stb\3.3.3\1d9facdf6541de114b0f963be33505b7679c78cb\lwjgl-stb-3.3.3-natives-windows.jar, C:\Users\rosar\.gradle\caches\modules-2\files-2.1\io.netty\netty-transport\4.1.97.Final\f37380d23c9bb079bc702910833b2fd532c9abd0\netty-transport-4.1.97.Final.jar, C:\Users\rosar\.gradle\caches\modules-2\files-2.1\commons-io\commons-io\2.15.1\f11560da189ab563a5c8e351941415430e9304ea\commons-io-2.15.1.jar, C:\Users\rosar\.gradle\caches\modules-2\files-2.1\com.electronwill.night-config\toml\3.8.0\861dbcf2757dd6701c98b3949198549ccb5f62ff\toml-3.8.0.jar, C:\Users\rosar\.gradle\caches\modules-2\files-2.1\net.neoforged\JarJarSelector\0.4.1\fb3cc7a58af22ad2880adb98af6d518128c47dae\JarJarSelector-0.4.1.jar, C:\Users\rosar\.gradle\caches\modules-2\files-2.1\org.lz4\lz4-java\1.8.0\4b986a99445e49ea5fbf5d149c4b63f6ed6c6780\lz4-java-1.8.0.jar, C:\Users\rosar\.gradle\caches\modules-2\files-2.1\org.apache.httpcomponents\httpcore\4.4.16\51cf043c87253c9f58b539c9f7e44c8894223850\httpcore-4.4.16.jar, C:\Users\rosar\.gradle\caches\modules-2\files-2.1\org.lwjgl\lwjgl-glfw\3.3.3\32334f3fd5270a59bad9939a93115acb6de36dcf\lwjgl-glfw-3.3.3-natives-windows-x86.jar, C:\Users\rosar\.gradle\caches\modules-2\files-2.1\org.slf4j\slf4j-api\2.0.9\7cf2726fdcfbc8610f9a71fb3ed639871f315340\slf4j-api-2.0.9.jar, C:\Users\rosar\.gradle\caches\modules-2\files-2.1\net.neoforged.accesstransformers\at-modlauncher\10.0.1\5aba50202aceead086bc09fbc2751c9f05cb4890\at-modlauncher-10.0.1.jar, C:\Users\rosar\.gradle\caches\modules-2\files-2.1\io.netty\netty-codec\4.1.97.Final\384ba4d75670befbedb45c4d3b497a93639c206d\netty-codec-4.1.97.Final.jar, C:\Users\rosar\.gradle\caches\modules-2\files-2.1\com.mojang\datafixerupper\8.0.16\67d4de6d7f95d89bcf5862995fb854ebaec02a34\datafixerupper-8.0.16.jar, D:\Programmazione\Mod\Immersive Ores\NEOFORGE\1.21\.gradle\repositories\ng_dummy_ng\net\minecraft\client\1.21\client-1.21-client-extra.jar, C:\Users\rosar\.gradle\caches\modules-2\files-2.1\com.google.guava\failureaccess\1.0.1\1dcf1de382a0bf95a3d8b0849546c88bac1292c9\failureaccess-1.0.1.jar, C:\Users\rosar\.gradle\caches\modules-2\files-2.1\net.neoforged\accesstransformers\10.0.1\fd83b5725f76eae9115e9355fa1c456a6a441400\accesstransformers-10.0.1.jar, C:\Users\rosar\.gradle\caches\modules-2\files-2.1\net.neoforged\neoform\1.21-20240613.152323\6293c1a6b9b053ea4e41ac2fe03a3342486d45b1\neoform-1.21-20240613.152323.zip, C:\Users\rosar\.gradle\caches\modules-2\files-2.1\commons-logging\commons-logging\1.2\4bfc12adfe4842bf07b657f0369c4cb522955686\commons-logging-1.2.jar, C:\Users\rosar\.gradle\caches\modules-2\files-2.1\io.netty\netty-transport-classes-epoll\4.1.97.Final\795da37ded759e862457a82d9d92c4d39ce8ecee\netty-transport-classes-epoll-4.1.97.Final.jar, C:\Users\rosar\.gradle\caches\modules-2\files-2.1\org.checkerframework\checker-qual\3.33.0\de2b60b62da487644fc11f734e73c8b0b431238f\checker-qual-3.33.0.jar, C:\Users\rosar\.gradle\caches\modules-2\files-2.1\com.google.j2objc\j2objc-annotations\2.8\c85270e307e7b822f1086b93689124b89768e273\j2objc-annotations-2.8.jar, C:\Users\rosar\.gradle\caches\modules-2\files-2.1\org.lwjgl\lwjgl-jemalloc\3.3.3\426222fc027602a5f21b9c0fe79cde6a4c7a011f\lwjgl-jemalloc-3.3.3-natives-windows.jar, C:\Users\rosar\.gradle\caches\modules-2\files-2.1\com.mojang\patchy\2.2.10\da05971b07cbb379d002cf7eaec6a2048211fefc\patchy-2.2.10.jar, C:\Users\rosar\.gradle\caches\modules-2\files-2.1\org.joml\joml\1.10.5\22566d58af70ad3d72308bab63b8339906deb649\joml-1.10.5.jar, C:\Users\rosar\.gradle\caches\modules-2\files-2.1\org.jline\jline-terminal\3.20.0\d0ddcc708ddf527a3454c941b7b9225cc83a15ff\jline-terminal-3.20.0.jar, C:\Users\rosar\.gradle\caches\modules-2\files-2.1\org.lwjgl\lwjgl-stb\3.3.3\25dd6161988d7e65f71d5065c99902402ee32746\lwjgl-stb-3.3.3.jar, C:\Users\rosar\.gradle\caches\modules-2\files-2.1\org.codehaus.plexus\plexus-utils\3.3.0\cf43b5391de623b36fe066a21127baef82c64022\plexus-utils-3.3.0.jar, C:\Users\rosar\.gradle\caches\modules-2\files-2.1\com.mojang\logging\1.2.7\24cb95ffb0e3433fd6e844c04e68009e504ca1c0\logging-1.2.7.jar, C:\Users\rosar\.gradle\caches\modules-2\files-2.1\org.lwjgl\lwjgl-glfw\3.3.3\efa1eb78c5ccd840e9f329717109b5e892d72f8e\lwjgl-glfw-3.3.3.jar, C:\Users\rosar\.gradle\caches\modules-2\files-2.1\com.ibm.icu\icu4j\73.2\61ad4ef7f9131fcf6d25c34b817f90d6da06c9e9\icu4j-73.2.jar, C:\Users\rosar\.gradle\caches\modules-2\files-2.1\net.java.dev.jna\jna\5.14.0\67bf3eaea4f0718cb376a181a629e5f88fa1c9dd\jna-5.14.0.jar, C:\Users\rosar\.gradle\caches\modules-2\files-2.1\org.apache.logging.log4j\log4j-api\2.22.1\bea6fede6328fabafd7e68363161a7ea6605abd1\log4j-api-2.22.1.jar, C:\Users\rosar\.gradle\caches\modules-2\files-2.1\com.machinezoo.noexception\noexception\1.7.1\b65330c98e38a1f915fa54a6e5eca496505e3f0a\noexception-1.7.1.jar, C:\Users\rosar\.gradle\caches\modules-2\files-2.1\io.netty\netty-transport-native-unix-common\4.1.97.Final\d469d84265ab70095b01b40886cabdd433b6e664\netty-transport-native-unix-common-4.1.97.Final.jar, C:\Users\rosar\.gradle\caches\modules-2\files-2.1\net.java.dev.jna\jna-platform\5.14.0\28934d48aed814f11e4c584da55c49fa7032b31b\jna-platform-5.14.0.jar, C:\Users\rosar\.gradle\caches\modules-2\files-2.1\org.apache.logging.log4j\log4j-slf4j2-impl\2.22.1\d7e6693c2606cb7e7335047d7bb96dec52db5665\log4j-slf4j2-impl-2.22.1.jar, C:\Users\rosar\.gradle\caches\modules-2\files-2.1\net.sf.jopt-simple\jopt-simple\5.0.4\4fdac2fbe92dfad86aa6e9301736f6b4342a3f5c\jopt-simple-5.0.4.jar, C:\Users\rosar\.gradle\caches\modules-2\files-2.1\com.github.oshi\oshi-core\6.4.10\b1d8ab82d11d92fd639b56d639f8f46f739dd5fa\oshi-core-6.4.10.jar, C:\Users\rosar\.gradle\caches\modules-2\files-2.1\org.lwjgl\lwjgl-freetype\3.3.3\15a8c1de7f51d07a92eae7ce1222557073a0c0c3\lwjgl-freetype-3.3.3-natives-windows-x86.jar, C:\Users\rosar\.gradle\caches\modules-2\files-2.1\org.lwjgl\lwjgl-openal\3.3.3\87b8d5050e3adb46bb58fe1cb2669a4a48fce10d\lwjgl-openal-3.3.3-natives-windows-x86.jar, C:\Users\rosar\.gradle\caches\modules-2\files-2.1\org.jline\jline-reader\3.20.0\8f15415b022a25b473e8e16c28ae913186ffb9c4\jline-reader-3.20.0.jar, C:\Users\rosar\.gradle\caches\modules-2\files-2.1\org.lwjgl\lwjgl-tinyfd\3.3.3\82d755ca94b102e9ca77283b9e2dc46d1b15fbe5\lwjgl-tinyfd-3.3.3.jar, C:\Users\rosar\.gradle\caches\modules-2\files-2.1\org.lwjgl\lwjgl-tinyfd\3.3.3\a6697981b0449a5087c1d546fc08b4f73e8f98c9\lwjgl-tinyfd-3.3.3-natives-windows.jar, C:\Users\rosar\.gradle\caches\modules-2\files-2.1\io.netty\netty-buffer\4.1.97.Final\f8f3d8644afa5e6e1a40a3a6aeb9d9aa970ecb4f\netty-buffer-4.1.97.Final.jar, C:\Users\rosar\.gradle\caches\modules-2\files-2.1\com.mojang\brigadier\1.2.9\73e324f2ee541493a5179abf367237faa782ed21\brigadier-1.2.9.jar, C:\Users\rosar\.gradle\caches\modules-2\files-2.1\org.lwjgl\lwjgl-opengl\3.3.3\65e956d3735a1abdc82eff4baec1b61174697d4b\lwjgl-opengl-3.3.3-natives-windows-arm64.jar, C:\Users\rosar\.gradle\caches\modules-2\files-2.1\org.apache.httpcomponents\httpclient\4.5.13\e5f6cae5ca7ecaac1ec2827a9e2d65ae2869cada\httpclient-4.5.13.jar, C:\Users\rosar\.gradle\caches\modules-2\files-2.1\org.lwjgl\lwjgl-freetype\3.3.3\a0db6c84a8becc8ca05f9dbfa985edc348a824c7\lwjgl-freetype-3.3.3.jar, C:\Users\rosar\.gradle\caches\modules-2\files-2.1\com.mojang\blocklist\1.0.10\5c685c5ffa94c4cd39496c7184c1d122e515ecef\blocklist-1.0.10.jar]
[01lug2025 17:12:54.922] [main/DEBUG] [net.neoforged.fml.loading.FMLServiceProvider/CORE]: Preparing launch handler
[01lug2025 17:12:54.923] [main/DEBUG] [net.neoforged.fml.loading.FMLLoader/CORE]: Using forgeclientuserdev as launch service
[01lug2025 17:12:54.924] [main/DEBUG] [net.neoforged.fml.common.asm.RuntimeDistCleaner/DISTXFORM]: Configuring for Dist CLIENT
[01lug2025 17:12:54.925] [main/DEBUG] [cpw.mods.modlauncher.TransformationServiceDecorator/MODLAUNCHER]: Initialized transformation service fml
[01lug2025 17:12:54.925] [main/DEBUG] [cpw.mods.modlauncher.TransformationServicesHandler/MODLAUNCHER]: Transformation services begin scanning
[01lug2025 17:12:54.926] [main/DEBUG] [cpw.mods.modlauncher.TransformationServiceDecorator/MODLAUNCHER]: Beginning scan trigger - transformation service mixin
[01lug2025 17:12:54.926] [main/DEBUG] [cpw.mods.modlauncher.TransformationServiceDecorator/MODLAUNCHER]: End scan trigger - transformation service mixin
[01lug2025 17:12:54.926] [main/DEBUG] [cpw.mods.modlauncher.TransformationServiceDecorator/MODLAUNCHER]: Beginning scan trigger - transformation service fml
[01lug2025 17:12:54.926] [main/DEBUG] [net.neoforged.fml.loading.FMLServiceProvider/CORE]: Initiating mod scan
[01lug2025 17:12:54.928] [main/DEBUG] [net.neoforged.fml.loading.targets.CommonLaunchHandler/CORE]: Got mod coordinates 1.21%%D:\Programmazione\Mod\Immersive Ores\NEOFORGE\1.21\build\resources\main;1.21%%D:\Programmazione\Mod\Immersive Ores\NEOFORGE\1.21\build\classes\java\main from env
[01lug2025 17:12:54.928] [main/DEBUG] [net.neoforged.fml.loading.targets.CommonLaunchHandler/CORE]: Found supplied mod coordinates [{1.21=[D:\Programmazione\Mod\Immersive Ores\NEOFORGE\1.21\build\resources\main, D:\Programmazione\Mod\Immersive Ores\NEOFORGE\1.21\build\classes\java\main]}]
[01lug2025 17:12:54.939] [main/DEBUG] [net.neoforged.fml.util.ServiceLoaderUtil/CORE]: Found 4 implementations of IModFileCandidateLocator:
[01lug2025 17:12:54.940] [main/DEBUG] [net.neoforged.fml.util.ServiceLoaderUtil/CORE]: 	       0 - [built-in] net.neoforged.fml.loading.moddiscovery.locators.NeoForgeDevProvider from loader-4.0.23.jar
[01lug2025 17:12:54.940] [main/DEBUG] [net.neoforged.fml.util.ServiceLoaderUtil/CORE]: 	       0 - net.neoforged.fml.loading.moddiscovery.locators.ModsFolderLocator from loader-4.0.23.jar
[01lug2025 17:12:54.940] [main/DEBUG] [net.neoforged.fml.util.ServiceLoaderUtil/CORE]: 	       0 - net.neoforged.fml.loading.moddiscovery.locators.MavenDirectoryLocator from loader-4.0.23.jar
[01lug2025 17:12:54.940] [main/DEBUG] [net.neoforged.fml.util.ServiceLoaderUtil/CORE]: 	   -1000 - [built-in] net.neoforged.fml.loading.moddiscovery.locators.UserdevLocator from loader-4.0.23.jar
[01lug2025 17:12:54.942] [main/DEBUG] [net.neoforged.fml.util.ServiceLoaderUtil/CORE]: Found 2 implementations of IModFileReader:
[01lug2025 17:12:54.942] [main/DEBUG] [net.neoforged.fml.util.ServiceLoaderUtil/CORE]: 	       0 - net.neoforged.fml.loading.moddiscovery.readers.JarModsDotTomlModFileReader from loader-4.0.23.jar
[01lug2025 17:12:54.942] [main/DEBUG] [net.neoforged.fml.util.ServiceLoaderUtil/CORE]: 	   -1000 - net.neoforged.fml.loading.moddiscovery.readers.NestedLibraryModReader from loader-4.0.23.jar
[01lug2025 17:12:54.943] [main/DEBUG] [net.neoforged.fml.util.ServiceLoaderUtil/CORE]: Found 1 implementations of IDependencyLocator:
[01lug2025 17:12:54.943] [main/DEBUG] [net.neoforged.fml.util.ServiceLoaderUtil/CORE]: 	       0 - net.neoforged.fml.loading.moddiscovery.locators.JarInJarDependencyLocator from loader-4.0.23.jar
[01lug2025 17:12:54.943] [main/DEBUG] [net.neoforged.fml.loading.moddiscovery.ModDiscoverer/SCAN]: Scanning for mods and other resources to load. We know 4 ways to find mods
[01lug2025 17:12:54.943] [main/DEBUG] [net.neoforged.fml.loading.moddiscovery.ModDiscoverer/SCAN]: Trying locator neoforge devenv provider ([D:\Programmazione\Mod\Immersive Ores\NEOFORGE\1.21\.gradle\repositories\ng_dummy_ng\net\neoforged\neoforge\21.0.167\neoforge-21.0.167.jar])
[01lug2025 17:12:55.082] [pool-2-thread-1/INFO] [EARLYDISPLAY/]: GL info: Intel(R) UHD Graphics GL version 4.6.0 - Build 31.0.101.5592, Intel
[01lug2025 17:12:55.131] [main/DEBUG] [net.neoforged.fml.loading.moddiscovery.ModFileInfo/LOADING]: Found valid mod file neoforge-21.0.167.jar with {minecraft} mods - versions {1.21}
[01lug2025 17:12:55.131] [main/INFO] [net.neoforged.fml.loading.moddiscovery.ModDiscoverer/SCAN]: Found mod file "neoforge-21.0.167.jar" [locator: neoforge devenv provider ([D:\Programmazione\Mod\Immersive Ores\NEOFORGE\1.21\.gradle\repositories\ng_dummy_ng\net\neoforged\neoforge\21.0.167\neoforge-21.0.167.jar])]
[01lug2025 17:12:55.138] [main/DEBUG] [net.neoforged.fml.loading.moddiscovery.readers.JarModsDotTomlModFileReader/SCAN]: Found META-INF/neoforge.mods.toml mod of type null: D:\Programmazione\Mod\Immersive Ores\NEOFORGE\1.21\.gradle\repositories\ng_dummy_ng\net\neoforged\neoforge\21.0.167\neoforge-21.0.167.jar
[01lug2025 17:12:55.139] [main/DEBUG] [net.neoforged.fml.loading.moddiscovery.ModFileParser/LOADING]: Considering mod file candidate D:\Programmazione\Mod\Immersive Ores\NEOFORGE\1.21\.gradle\repositories\ng_dummy_ng\net\neoforged\neoforge\21.0.167\neoforge-21.0.167.jar
[01lug2025 17:12:55.151] [main/DEBUG] [net.neoforged.fml.loading.moddiscovery.ModFileInfo/LOADING]: Found valid mod file neoforge-21.0.167.jar with {neoforge} mods - versions {21.0.167}
[01lug2025 17:12:55.151] [main/INFO] [net.neoforged.fml.loading.moddiscovery.ModDiscoverer/SCAN]: Found mod file "neoforge-21.0.167.jar" [locator: neoforge devenv provider ([D:\Programmazione\Mod\Immersive Ores\NEOFORGE\1.21\.gradle\repositories\ng_dummy_ng\net\neoforged\neoforge\21.0.167\neoforge-21.0.167.jar])]
[01lug2025 17:12:55.151] [main/DEBUG] [net.neoforged.fml.loading.moddiscovery.ModDiscoverer/SCAN]: Locator neoforge devenv provider ([D:\Programmazione\Mod\Immersive Ores\NEOFORGE\1.21\.gradle\repositories\ng_dummy_ng\net\neoforged\neoforge\21.0.167\neoforge-21.0.167.jar]) found 2 mods, 0 warnings, 0 errors and skipped 0 candidates
[01lug2025 17:12:55.153] [main/DEBUG] [net.neoforged.fml.loading.moddiscovery.ModDiscoverer/SCAN]: Trying locator {mods folder locator at D:\Programmazione\Mod\Immersive Ores\NEOFORGE\1.21\runs\templateClient\mods}
[01lug2025 17:12:55.153] [main/DEBUG] [net.neoforged.fml.loading.moddiscovery.locators.ModsFolderLocator/SCAN]: Scanning mods dir D:\Programmazione\Mod\Immersive Ores\NEOFORGE\1.21\runs\templateClient\mods for mods
[01lug2025 17:12:55.154] [main/DEBUG] [net.neoforged.fml.loading.moddiscovery.ModDiscoverer/SCAN]: Locator {mods folder locator at D:\Programmazione\Mod\Immersive Ores\NEOFORGE\1.21\runs\templateClient\mods} found 0 mods, 0 warnings, 0 errors and skipped 0 candidates
[01lug2025 17:12:55.154] [main/DEBUG] [net.neoforged.fml.loading.moddiscovery.ModDiscoverer/SCAN]: Trying locator maven libs
[01lug2025 17:12:55.157] [main/DEBUG] [net.neoforged.fml.loading.moddiscovery.ModListHandler/CORE]: Found mod coordinates from lists: []
[01lug2025 17:12:55.157] [main/DEBUG] [net.neoforged.fml.loading.moddiscovery.ModDiscoverer/SCAN]: Locator maven libs found 0 mods, 0 warnings, 0 errors and skipped 0 candidates
[01lug2025 17:12:55.157] [main/DEBUG] [net.neoforged.fml.loading.moddiscovery.ModDiscoverer/SCAN]: Trying locator userdev mods and services
[01lug2025 17:12:55.158] [main/DEBUG] [net.neoforged.fml.loading.moddiscovery.readers.JarModsDotTomlModFileReader/SCAN]: Found META-INF/neoforge.mods.toml mod of type null: D:\Programmazione\Mod\Immersive Ores\NEOFORGE\1.21\build\resources\main
[01lug2025 17:12:55.159] [main/DEBUG] [net.neoforged.fml.loading.moddiscovery.ModFileParser/LOADING]: Considering mod file candidate D:\Programmazione\Mod\Immersive Ores\NEOFORGE\1.21\build\resources\main
[01lug2025 17:12:55.170] [main/DEBUG] [net.neoforged.fml.loading.moddiscovery.ModFileInfo/LOADING]: Found valid mod file main with {immersiveores} mods - versions {1.21-1.0.8}
[01lug2025 17:12:55.172] [main/INFO] [net.neoforged.fml.loading.moddiscovery.ModDiscoverer/SCAN]: Found mod file "main" [locator: userdev mods and services, reader: mod manifest]
[01lug2025 17:12:55.183] [main/DEBUG] [net.neoforged.fml.loading.moddiscovery.readers.JarModsDotTomlModFileReader/SCAN]: Found META-INF/neoforge.mods.toml mod of type null: D:\Programmazione\Mod\Immersive Ores\NEOFORGE\1.21\.gradle\repositories\ng_dummy_ng\net\neoforged\neoforge\21.0.167\neoforge-21.0.167.jar
[01lug2025 17:12:55.183] [main/DEBUG] [net.neoforged.fml.loading.moddiscovery.ModFileParser/LOADING]: Considering mod file candidate D:\Programmazione\Mod\Immersive Ores\NEOFORGE\1.21\.gradle\repositories\ng_dummy_ng\net\neoforged\neoforge\21.0.167\neoforge-21.0.167.jar
[01lug2025 17:12:55.184] [main/DEBUG] [net.neoforged.fml.loading.moddiscovery.ModFileInfo/LOADING]: Found valid mod file neoforge-21.0.167.jar with {neoforge} mods - versions {21.0.167}
[01lug2025 17:12:55.184] [main/INFO] [net.neoforged.fml.loading.moddiscovery.ModDiscoverer/SCAN]: Found mod file "neoforge-21.0.167.jar" [locator: userdev mods and services, reader: mod manifest]
[01lug2025 17:12:55.186] [main/DEBUG] [net.neoforged.fml.loading.moddiscovery.readers.JarModsDotTomlModFileReader/SCAN]: Found META-INF/neoforge.mods.toml mod of type null: C:\Users\rosar\.gradle\caches\modules-2\files-2.1\dev.architectury\architectury-neoforge\13.0.5\b5cf1082d9fafbf5a9e2adba0f831398beb4ca32\architectury-neoforge-13.0.5.jar
[01lug2025 17:12:55.186] [main/DEBUG] [net.neoforged.fml.loading.moddiscovery.ModFileParser/LOADING]: Considering mod file candidate C:\Users\rosar\.gradle\caches\modules-2\files-2.1\dev.architectury\architectury-neoforge\13.0.5\b5cf1082d9fafbf5a9e2adba0f831398beb4ca32\architectury-neoforge-13.0.5.jar
[01lug2025 17:12:55.188] [main/DEBUG] [net.neoforged.fml.loading.moddiscovery.ModFileInfo/LOADING]: Found valid mod file architectury-neoforge-13.0.5.jar with {architectury} mods - versions {13.0.5}
[01lug2025 17:12:55.188] [main/INFO] [net.neoforged.fml.loading.moddiscovery.ModDiscoverer/SCAN]: Found mod file "architectury-neoforge-13.0.5.jar" [locator: userdev mods and services, reader: mod manifest]
[01lug2025 17:12:55.190] [main/DEBUG] [net.neoforged.fml.loading.moddiscovery.readers.JarModsDotTomlModFileReader/SCAN]: Found META-INF/neoforge.mods.toml mod of type null: C:\Users\rosar\.gradle\caches\modules-2\files-2.1\me.shedaniel\RoughlyEnoughItems-neoforge\16.0.799\dbb0da2aea27ade998ca12208737525663e85683\RoughlyEnoughItems-neoforge-16.0.799.jar
[01lug2025 17:12:55.190] [main/DEBUG] [net.neoforged.fml.loading.moddiscovery.ModFileParser/LOADING]: Considering mod file candidate C:\Users\rosar\.gradle\caches\modules-2\files-2.1\me.shedaniel\RoughlyEnoughItems-neoforge\16.0.799\dbb0da2aea27ade998ca12208737525663e85683\RoughlyEnoughItems-neoforge-16.0.799.jar
[01lug2025 17:12:55.191] [main/DEBUG] [net.neoforged.fml.loading.moddiscovery.ModFileInfo/LOADING]: Found valid mod file RoughlyEnoughItems-neoforge-16.0.799.jar with {roughlyenoughitems} mods - versions {16.0.799}
[01lug2025 17:12:55.192] [main/INFO] [net.neoforged.fml.loading.moddiscovery.ModDiscoverer/SCAN]: Found mod file "RoughlyEnoughItems-neoforge-16.0.799.jar" [locator: userdev mods and services, reader: mod manifest]
[01lug2025 17:12:55.193] [main/DEBUG] [net.neoforged.fml.loading.moddiscovery.readers.JarModsDotTomlModFileReader/SCAN]: Found META-INF/neoforge.mods.toml mod of type null: C:\Users\rosar\.gradle\caches\modules-2\files-2.1\mezz.jei\jei-1.21-neoforge\19.8.2.99\e1dc10d45e8c488d06ff7ae553d2c46a6b5e39c7\jei-1.21-neoforge-19.8.2.99.jar
[01lug2025 17:12:55.193] [main/DEBUG] [net.neoforged.fml.loading.moddiscovery.ModFileParser/LOADING]: Considering mod file candidate C:\Users\rosar\.gradle\caches\modules-2\files-2.1\mezz.jei\jei-1.21-neoforge\19.8.2.99\e1dc10d45e8c488d06ff7ae553d2c46a6b5e39c7\jei-1.21-neoforge-19.8.2.99.jar
[01lug2025 17:12:55.195] [main/DEBUG] [net.neoforged.fml.loading.moddiscovery.ModFileInfo/LOADING]: Found valid mod file jei-1.21-neoforge-19.8.2.99.jar with {jei} mods - versions {19.8.2.99}
[01lug2025 17:12:55.195] [main/INFO] [net.neoforged.fml.loading.moddiscovery.ModDiscoverer/SCAN]: Found mod file "jei-1.21-neoforge-19.8.2.99.jar" [locator: userdev mods and services, reader: mod manifest]
[01lug2025 17:12:55.197] [main/DEBUG] [net.neoforged.fml.loading.moddiscovery.readers.JarModsDotTomlModFileReader/SCAN]: Found META-INF/neoforge.mods.toml mod of type null: C:\Users\rosar\.gradle\caches\modules-2\files-2.1\me.shedaniel.cloth\cloth-config-neoforge\15.0.130\4ff6b51cfb5c6cac437b18067d991a0f5f8743a7\cloth-config-neoforge-15.0.130-neoforge.jar
[01lug2025 17:12:55.197] [main/DEBUG] [net.neoforged.fml.loading.moddiscovery.ModFileParser/LOADING]: Considering mod file candidate C:\Users\rosar\.gradle\caches\modules-2\files-2.1\me.shedaniel.cloth\cloth-config-neoforge\15.0.130\4ff6b51cfb5c6cac437b18067d991a0f5f8743a7\cloth-config-neoforge-15.0.130-neoforge.jar
[01lug2025 17:12:55.199] [main/DEBUG] [net.neoforged.fml.loading.moddiscovery.ModFileInfo/LOADING]: Found valid mod file cloth-config-neoforge-15.0.130-neoforge.jar with {cloth_config} mods - versions {15.0.130}
[01lug2025 17:12:55.199] [main/INFO] [net.neoforged.fml.loading.moddiscovery.ModDiscoverer/SCAN]: Found mod file "cloth-config-neoforge-15.0.130-neoforge.jar" [locator: userdev mods and services, reader: mod manifest]
[01lug2025 17:12:55.213] [main/DEBUG] [net.neoforged.fml.loading.moddiscovery.ModDiscoverer/]: Skipping C:\Users\rosar\.gradle\caches\modules-2\files-2.1\net.neoforged.fancymodloader\earlydisplay\4.0.23\c9491ed7df998cf229eae9c7364ee9ab6f26bcfe\earlydisplay-4.0.23.jar because it was already located earlier
[01lug2025 17:12:55.213] [main/DEBUG] [net.neoforged.fml.loading.moddiscovery.ModDiscoverer/]: Skipping C:\Users\rosar\.gradle\caches\modules-2\files-2.1\net.neoforged.fancymodloader\loader\4.0.23\1603ac9e724a9bf4e3d4ae2631da629e4755111d\loader-4.0.23.jar because it was already located earlier
[01lug2025 17:12:55.213] [main/DEBUG] [net.neoforged.fml.loading.moddiscovery.ModDiscoverer/]: Skipping C:\Users\rosar\.gradle\caches\modules-2\files-2.1\net.neoforged\coremods\7.0.3\9147e6f638b4272b3bd5fc8f92ad37802512c6c\coremods-7.0.3.jar because it was already located earlier
[01lug2025 17:12:55.213] [main/DEBUG] [net.neoforged.fml.loading.moddiscovery.ModDiscoverer/]: Skipping C:\Users\rosar\.gradle\caches\modules-2\files-2.1\cpw.mods\modlauncher\11.0.4\6619d4812a3c092310d521ebc4c9503727563df7\modlauncher-11.0.4.jar because it was already located earlier
[01lug2025 17:12:55.213] [main/DEBUG] [net.neoforged.fml.loading.moddiscovery.ModDiscoverer/]: Skipping C:\Users\rosar\.gradle\caches\modules-2\files-2.1\net.neoforged.accesstransformers\at-modlauncher\10.0.1\5aba50202aceead086bc09fbc2751c9f05cb4890\at-modlauncher-10.0.1.jar because it was already located earlier
[01lug2025 17:12:55.213] [main/DEBUG] [net.neoforged.fml.loading.moddiscovery.ModDiscoverer/]: Skipping C:\Users\rosar\.gradle\caches\modules-2\files-2.1\net.neoforged\accesstransformers\10.0.1\fd83b5725f76eae9115e9355fa1c456a6a441400\accesstransformers-10.0.1.jar because it was already located earlier
[01lug2025 17:12:55.213] [main/DEBUG] [net.neoforged.fml.loading.moddiscovery.ModDiscoverer/]: Skipping C:\Users\rosar\.gradle\caches\modules-2\files-2.1\org.openjdk.nashorn\nashorn-core\15.4\f67f5ffaa5f5130cf6fb9b133da00c7df3b532a5\nashorn-core-15.4.jar because it was already located earlier
[01lug2025 17:12:55.213] [main/DEBUG] [net.neoforged.fml.loading.moddiscovery.ModDiscoverer/]: Skipping C:\Users\rosar\.gradle\caches\modules-2\files-2.1\net.neoforged\mergetool\2.0.3\1275202cbbb248f49345cf6787ce299afd9a02fb\mergetool-2.0.3-api.jar because it was already located earlier
[01lug2025 17:12:55.213] [main/DEBUG] [net.neoforged.fml.loading.moddiscovery.ModDiscoverer/]: Skipping C:\Users\rosar\.gradle\caches\modules-2\files-2.1\net.neoforged\bus\8.0.1\9df0ed904cec279eb33ca6df420f6f82706ebb4c\bus-8.0.1.jar because it was already located earlier
[01lug2025 17:12:55.213] [main/DEBUG] [net.neoforged.fml.loading.moddiscovery.ModDiscoverer/]: Skipping C:\Users\rosar\.gradle\caches\modules-2\files-2.1\com.electronwill.night-config\toml\3.8.0\861dbcf2757dd6701c98b3949198549ccb5f62ff\toml-3.8.0.jar because it was already located earlier
[01lug2025 17:12:55.213] [main/DEBUG] [net.neoforged.fml.loading.moddiscovery.ModDiscoverer/]: Skipping C:\Users\rosar\.gradle\caches\modules-2\files-2.1\com.electronwill.night-config\core\3.8.0\2498dd2b3120dd49e963e2feab8fa5d0c5f80e0a\core-3.8.0.jar because it was already located earlier
[01lug2025 17:12:55.213] [main/DEBUG] [net.neoforged.fml.loading.moddiscovery.ModDiscoverer/]: Skipping C:\Users\rosar\.gradle\caches\modules-2\files-2.1\net.neoforged\JarJarSelector\0.4.1\fb3cc7a58af22ad2880adb98af6d518128c47dae\JarJarSelector-0.4.1.jar because it was already located earlier
[01lug2025 17:12:55.214] [main/DEBUG] [net.neoforged.fml.loading.moddiscovery.ModDiscoverer/]: Skipping C:\Users\rosar\.gradle\caches\modules-2\files-2.1\net.neoforged\JarJarMetadata\0.4.1\f8da03683dc81694556dc3e177c5e3bb77ae6fcb\JarJarMetadata-0.4.1.jar because it was already located earlier
[01lug2025 17:12:55.214] [main/DEBUG] [net.neoforged.fml.loading.moddiscovery.ModDiscoverer/]: Skipping C:\Users\rosar\.gradle\caches\modules-2\files-2.1\org.apache.maven\maven-artifact\3.8.5\4433f50c07debefaed0553bd0068f4f48d449313\maven-artifact-3.8.5.jar because it was already located earlier
[01lug2025 17:12:55.214] [main/DEBUG] [net.neoforged.fml.loading.moddiscovery.ModDiscoverer/]: Skipping C:\Users\rosar\.gradle\caches\modules-2\files-2.1\net.jodah\typetools\0.6.3\a01aaa6ddaea9ec07ec4f209487b7a46a526283a\typetools-0.6.3.jar because it was already located earlier
[01lug2025 17:12:55.214] [main/DEBUG] [net.neoforged.fml.loading.moddiscovery.ModDiscoverer/]: Skipping C:\Users\rosar\.gradle\caches\modules-2\files-2.1\net.minecrell\terminalconsoleappender\1.3.0\b562e9bb61235c9520e26282cdee71f8f802d1fc\terminalconsoleappender-1.3.0.jar because it was already located earlier
[01lug2025 17:12:55.214] [main/DEBUG] [net.neoforged.fml.loading.moddiscovery.ModDiscoverer/]: Skipping C:\Users\rosar\.gradle\caches\modules-2\files-2.1\net.fabricmc\sponge-mixin\0.14.0+mixin.0.8.6\c265173c84346e9e5d42a2384b2b02bd39a4a899\sponge-mixin-0.14.0+mixin.0.8.6.jar because it was already located earlier
[01lug2025 17:12:55.214] [main/DEBUG] [net.neoforged.fml.loading.moddiscovery.ModDiscoverer/]: Skipping C:\Users\rosar\.gradle\caches\modules-2\files-2.1\com.mojang\authlib\6.0.54\de8bc95660e1b2fe8793fd427a7a10dcec5b3ea7\authlib-6.0.54.jar because it was already located earlier
[01lug2025 17:12:55.214] [main/DEBUG] [net.neoforged.fml.loading.moddiscovery.ModDiscoverer/]: Skipping C:\Users\rosar\.gradle\caches\modules-2\files-2.1\org.apache.commons\commons-compress\1.26.0\659feffdd12280201c8aacb8f7be94f9a883c824\commons-compress-1.26.0.jar because it was already located earlier
[01lug2025 17:12:55.214] [main/DEBUG] [net.neoforged.fml.loading.moddiscovery.ModDiscoverer/]: Skipping C:\Users\rosar\.gradle\caches\modules-2\files-2.1\org.apache.commons\commons-lang3\3.14.0\1ed471194b02f2c6cb734a0cd6f6f107c673afae\commons-lang3-3.14.0.jar because it was already located earlier
[01lug2025 17:12:55.214] [main/DEBUG] [net.neoforged.fml.loading.moddiscovery.ModDiscoverer/]: Skipping C:\Users\rosar\.gradle\caches\modules-2\files-2.1\com.mojang\logging\1.2.7\24cb95ffb0e3433fd6e844c04e68009e504ca1c0\logging-1.2.7.jar because it was already located earlier
[01lug2025 17:12:55.214] [main/DEBUG] [net.neoforged.fml.loading.moddiscovery.ModDiscoverer/]: Skipping C:\Users\rosar\.gradle\caches\modules-2\files-2.1\org.apache.logging.log4j\log4j-slf4j2-impl\2.22.1\d7e6693c2606cb7e7335047d7bb96dec52db5665\log4j-slf4j2-impl-2.22.1.jar because it was already located earlier
[01lug2025 17:12:55.214] [main/DEBUG] [net.neoforged.fml.loading.moddiscovery.ModDiscoverer/]: Skipping C:\Users\rosar\.gradle\caches\modules-2\files-2.1\org.apache.logging.log4j\log4j-core\2.22.1\7183a25510a02ad00cc6a95d3b3d2a7d3c5a8dc4\log4j-core-2.22.1.jar because it was already located earlier
[01lug2025 17:12:55.214] [main/DEBUG] [net.neoforged.fml.loading.moddiscovery.ModDiscoverer/]: Skipping C:\Users\rosar\.gradle\caches\modules-2\files-2.1\org.apache.logging.log4j\log4j-api\2.22.1\bea6fede6328fabafd7e68363161a7ea6605abd1\log4j-api-2.22.1.jar because it was already located earlier
[01lug2025 17:12:55.216] [main/DEBUG] [net.neoforged.fml.loading.moddiscovery.readers.JarModsDotTomlModFileReader/SCAN]: Found META-INF/MANIFEST.MF mod of type GAMELIBRARY: C:\Users\rosar\.gradle\caches\modules-2\files-2.1\io.github.llamalad7\mixinextras-neoforge\0.3.5\ef3ffcf309dae656517b2f120189b1c9b21737dd\mixinextras-neoforge-0.3.5.jar
[01lug2025 17:12:55.217] [main/INFO] [net.neoforged.fml.loading.moddiscovery.ModDiscoverer/SCAN]: Found gamelibrary file "mixinextras-neoforge-0.3.5.jar" [locator: userdev mods and services, reader: mod manifest]
[01lug2025 17:12:55.217] [main/DEBUG] [net.neoforged.fml.loading.moddiscovery.ModDiscoverer/]: Skipping C:\Users\rosar\.gradle\caches\modules-2\files-2.1\com.github.oshi\oshi-core\6.4.10\b1d8ab82d11d92fd639b56d639f8f46f739dd5fa\oshi-core-6.4.10.jar because it was already located earlier
[01lug2025 17:12:55.217] [main/DEBUG] [net.neoforged.fml.loading.moddiscovery.ModDiscoverer/]: Skipping C:\Users\rosar\.gradle\caches\modules-2\files-2.1\com.mojang\datafixerupper\8.0.16\67d4de6d7f95d89bcf5862995fb854ebaec02a34\datafixerupper-8.0.16.jar because it was already located earlier
[01lug2025 17:12:55.217] [main/DEBUG] [net.neoforged.fml.loading.moddiscovery.ModDiscoverer/]: Skipping C:\Users\rosar\.gradle\caches\modules-2\files-2.1\com.mojang\text2speech\1.17.9\3cad216e3a7f0c19b4b394388bc9ffc446f13b14\text2speech-1.17.9.jar because it was already located earlier
[01lug2025 17:12:55.217] [main/DEBUG] [net.neoforged.fml.loading.moddiscovery.ModDiscoverer/]: Skipping C:\Users\rosar\.gradle\caches\modules-2\files-2.1\org.slf4j\slf4j-api\2.0.9\7cf2726fdcfbc8610f9a71fb3ed639871f315340\slf4j-api-2.0.9.jar because it was already located earlier
[01lug2025 17:12:55.217] [main/DEBUG] [net.neoforged.fml.loading.moddiscovery.ModDiscoverer/]: Skipping C:\Users\rosar\.gradle\caches\modules-2\files-2.1\com.google.code.gson\gson\2.10.1\b3add478d4382b78ea20b1671390a858002feb6c\gson-2.10.1.jar because it was already located earlier
[01lug2025 17:12:55.217] [main/DEBUG] [net.neoforged.fml.loading.moddiscovery.ModDiscoverer/]: Skipping C:\Users\rosar\.gradle\caches\modules-2\files-2.1\com.mojang\patchy\2.2.10\da05971b07cbb379d002cf7eaec6a2048211fefc\patchy-2.2.10.jar because it was already located earlier
[01lug2025 17:12:55.217] [main/DEBUG] [net.neoforged.fml.loading.moddiscovery.ModDiscoverer/]: Skipping C:\Users\rosar\.gradle\caches\modules-2\files-2.1\com.google.guava\guava\32.1.2-jre\5e64ec7e056456bef3a4bc4c6fdaef71e8ab6318\guava-32.1.2-jre.jar because it was already located earlier
[01lug2025 17:12:55.217] [main/DEBUG] [net.neoforged.fml.loading.moddiscovery.ModDiscoverer/]: Skipping C:\Users\rosar\.gradle\caches\modules-2\files-2.1\com.google.guava\failureaccess\1.0.1\1dcf1de382a0bf95a3d8b0849546c88bac1292c9\failureaccess-1.0.1.jar because it was already located earlier
[01lug2025 17:12:55.217] [main/DEBUG] [net.neoforged.fml.loading.moddiscovery.ModDiscoverer/]: Skipping C:\Users\rosar\.gradle\caches\modules-2\files-2.1\com.google.guava\listenablefuture\9999.0-empty-to-avoid-conflict-with-guava\b421526c5f297295adef1c886e5246c39d4ac629\listenablefuture-9999.0-empty-to-avoid-conflict-with-guava.jar because it was already located earlier
[01lug2025 17:12:55.217] [main/DEBUG] [net.neoforged.fml.loading.moddiscovery.ModDiscoverer/]: Skipping C:\Users\rosar\.gradle\caches\modules-2\files-2.1\com.google.code.findbugs\jsr305\3.0.2\25ea2e8b0c338a877313bd4672d3fe056ea78f0d\jsr305-3.0.2.jar because it was already located earlier
[01lug2025 17:12:55.217] [main/DEBUG] [net.neoforged.fml.loading.moddiscovery.ModDiscoverer/]: Skipping C:\Users\rosar\.gradle\caches\modules-2\files-2.1\org.checkerframework\checker-qual\3.33.0\de2b60b62da487644fc11f734e73c8b0b431238f\checker-qual-3.33.0.jar because it was already located earlier
[01lug2025 17:12:55.217] [main/DEBUG] [net.neoforged.fml.loading.moddiscovery.ModDiscoverer/]: Skipping C:\Users\rosar\.gradle\caches\modules-2\files-2.1\com.google.errorprone\error_prone_annotations\2.18.0\89b684257096f548fa39a7df9fdaa409d4d4df91\error_prone_annotations-2.18.0.jar because it was already located earlier
[01lug2025 17:12:55.217] [main/DEBUG] [net.neoforged.fml.loading.moddiscovery.ModDiscoverer/]: Skipping C:\Users\rosar\.gradle\caches\modules-2\files-2.1\com.google.j2objc\j2objc-annotations\2.8\c85270e307e7b822f1086b93689124b89768e273\j2objc-annotations-2.8.jar because it was already located earlier
[01lug2025 17:12:55.217] [main/DEBUG] [net.neoforged.fml.loading.moddiscovery.ModDiscoverer/]: Skipping C:\Users\rosar\.gradle\caches\modules-2\files-2.1\commons-io\commons-io\2.15.1\f11560da189ab563a5c8e351941415430e9304ea\commons-io-2.15.1.jar because it was already located earlier
[01lug2025 17:12:55.218] [main/DEBUG] [net.neoforged.fml.loading.moddiscovery.ModDiscoverer/]: Skipping C:\Users\rosar\.gradle\caches\modules-2\files-2.1\net.sf.jopt-simple\jopt-simple\5.0.4\4fdac2fbe92dfad86aa6e9301736f6b4342a3f5c\jopt-simple-5.0.4.jar because it was already located earlier
[01lug2025 17:12:55.218] [main/DEBUG] [net.neoforged.fml.loading.moddiscovery.ModDiscoverer/]: Skipping C:\Users\rosar\.gradle\caches\modules-2\files-2.1\net.minecraftforge\srgutils\0.4.15\ca408b131759478f164e010fae0d73997e125fb5\srgutils-0.4.15.jar because it was already located earlier
[01lug2025 17:12:55.218] [main/DEBUG] [net.neoforged.fml.loading.moddiscovery.ModDiscoverer/]: Skipping C:\Users\rosar\.gradle\caches\modules-2\files-2.1\org.antlr\antlr4-runtime\4.13.1\17125bae1d965624e265ef49552f6465a2bfa307\antlr4-runtime-4.13.1.jar because it was already located earlier
[01lug2025 17:12:55.218] [main/DEBUG] [net.neoforged.fml.loading.moddiscovery.ModDiscoverer/]: Skipping C:\Users\rosar\.gradle\caches\modules-2\files-2.1\org.jline\jline-reader\3.20.0\8f15415b022a25b473e8e16c28ae913186ffb9c4\jline-reader-3.20.0.jar because it was already located earlier
[01lug2025 17:12:55.218] [main/DEBUG] [net.neoforged.fml.loading.moddiscovery.ModDiscoverer/]: Skipping C:\Users\rosar\.gradle\caches\modules-2\files-2.1\org.jline\jline-terminal\3.20.0\d0ddcc708ddf527a3454c941b7b9225cc83a15ff\jline-terminal-3.20.0.jar because it was already located earlier
[01lug2025 17:12:55.218] [main/DEBUG] [net.neoforged.fml.loading.moddiscovery.ModDiscoverer/]: Skipping C:\Users\rosar\.gradle\caches\modules-2\files-2.1\org.codehaus.plexus\plexus-utils\3.3.0\cf43b5391de623b36fe066a21127baef82c64022\plexus-utils-3.3.0.jar because it was already located earlier
[01lug2025 17:12:55.218] [main/DEBUG] [net.neoforged.fml.loading.moddiscovery.ModDiscoverer/]: Skipping C:\Users\rosar\.gradle\caches\modules-2\files-2.1\com.machinezoo.noexception\noexception\1.7.1\b65330c98e38a1f915fa54a6e5eca496505e3f0a\noexception-1.7.1.jar because it was already located earlier
[01lug2025 17:12:55.218] [main/DEBUG] [net.neoforged.fml.loading.moddiscovery.ModDiscoverer/]: Skipping D:\Programmazione\Mod\Immersive Ores\NEOFORGE\1.21\.gradle\repositories\ng_dummy_ng\net\minecraft\client\1.21\client-1.21-client-extra.jar because it was already located earlier
[01lug2025 17:12:55.218] [main/DEBUG] [net.neoforged.fml.loading.moddiscovery.ModDiscoverer/]: Skipping C:\Users\rosar\.gradle\caches\modules-2\files-2.1\com.ibm.icu\icu4j\73.2\61ad4ef7f9131fcf6d25c34b817f90d6da06c9e9\icu4j-73.2.jar because it was already located earlier
[01lug2025 17:12:55.218] [main/DEBUG] [net.neoforged.fml.loading.moddiscovery.ModDiscoverer/]: Skipping C:\Users\rosar\.gradle\caches\modules-2\files-2.1\com.mojang\blocklist\1.0.10\5c685c5ffa94c4cd39496c7184c1d122e515ecef\blocklist-1.0.10.jar because it was already located earlier
[01lug2025 17:12:55.218] [main/DEBUG] [net.neoforged.fml.loading.moddiscovery.ModDiscoverer/]: Skipping C:\Users\rosar\.gradle\caches\modules-2\files-2.1\com.mojang\brigadier\1.2.9\73e324f2ee541493a5179abf367237faa782ed21\brigadier-1.2.9.jar because it was already located earlier
[01lug2025 17:12:55.218] [main/DEBUG] [net.neoforged.fml.loading.moddiscovery.ModDiscoverer/]: Skipping C:\Users\rosar\.gradle\caches\modules-2\files-2.1\org.apache.httpcomponents\httpclient\4.5.13\e5f6cae5ca7ecaac1ec2827a9e2d65ae2869cada\httpclient-4.5.13.jar because it was already located earlier
[01lug2025 17:12:55.218] [main/DEBUG] [net.neoforged.fml.loading.moddiscovery.ModDiscoverer/]: Skipping C:\Users\rosar\.gradle\caches\modules-2\files-2.1\commons-codec\commons-codec\1.16.0\4e3eb3d79888d76b54e28b350915b5dc3919c9de\commons-codec-1.16.0.jar because it was already located earlier
[01lug2025 17:12:55.218] [main/DEBUG] [net.neoforged.fml.loading.moddiscovery.ModDiscoverer/]: Skipping C:\Users\rosar\.gradle\caches\modules-2\files-2.1\commons-logging\commons-logging\1.2\4bfc12adfe4842bf07b657f0369c4cb522955686\commons-logging-1.2.jar because it was already located earlier
[01lug2025 17:12:55.218] [main/DEBUG] [net.neoforged.fml.loading.moddiscovery.ModDiscoverer/]: Skipping C:\Users\rosar\.gradle\caches\modules-2\files-2.1\io.netty\netty-handler\4.1.97.Final\abb86c6906bf512bf2b797a41cd7d2e8d3cd7c36\netty-handler-4.1.97.Final.jar because it was already located earlier
[01lug2025 17:12:55.218] [main/DEBUG] [net.neoforged.fml.loading.moddiscovery.ModDiscoverer/]: Skipping C:\Users\rosar\.gradle\caches\modules-2\files-2.1\io.netty\netty-codec\4.1.97.Final\384ba4d75670befbedb45c4d3b497a93639c206d\netty-codec-4.1.97.Final.jar because it was already located earlier
[01lug2025 17:12:55.219] [main/DEBUG] [net.neoforged.fml.loading.moddiscovery.ModDiscoverer/]: Skipping C:\Users\rosar\.gradle\caches\modules-2\files-2.1\io.netty\netty-transport-classes-epoll\4.1.97.Final\795da37ded759e862457a82d9d92c4d39ce8ecee\netty-transport-classes-epoll-4.1.97.Final.jar because it was already located earlier
[01lug2025 17:12:55.219] [main/DEBUG] [net.neoforged.fml.loading.moddiscovery.ModDiscoverer/]: Skipping C:\Users\rosar\.gradle\caches\modules-2\files-2.1\io.netty\netty-transport-native-unix-common\4.1.97.Final\d469d84265ab70095b01b40886cabdd433b6e664\netty-transport-native-unix-common-4.1.97.Final.jar because it was already located earlier
[01lug2025 17:12:55.219] [main/DEBUG] [net.neoforged.fml.loading.moddiscovery.ModDiscoverer/]: Skipping C:\Users\rosar\.gradle\caches\modules-2\files-2.1\io.netty\netty-transport\4.1.97.Final\f37380d23c9bb079bc702910833b2fd532c9abd0\netty-transport-4.1.97.Final.jar because it was already located earlier
[01lug2025 17:12:55.219] [main/DEBUG] [net.neoforged.fml.loading.moddiscovery.ModDiscoverer/]: Skipping C:\Users\rosar\.gradle\caches\modules-2\files-2.1\io.netty\netty-buffer\4.1.97.Final\f8f3d8644afa5e6e1a40a3a6aeb9d9aa970ecb4f\netty-buffer-4.1.97.Final.jar because it was already located earlier
[01lug2025 17:12:55.219] [main/DEBUG] [net.neoforged.fml.loading.moddiscovery.ModDiscoverer/]: Skipping C:\Users\rosar\.gradle\caches\modules-2\files-2.1\io.netty\netty-resolver\4.1.97.Final\cec8348108dc76c47cf87c669d514be52c922144\netty-resolver-4.1.97.Final.jar because it was already located earlier
[01lug2025 17:12:55.219] [main/DEBUG] [net.neoforged.fml.loading.moddiscovery.ModDiscoverer/]: Skipping C:\Users\rosar\.gradle\caches\modules-2\files-2.1\io.netty\netty-common\4.1.97.Final\7cceacaf11df8dc63f23d0fb58e9d4640fc88404\netty-common-4.1.97.Final.jar because it was already located earlier
[01lug2025 17:12:55.219] [main/DEBUG] [net.neoforged.fml.loading.moddiscovery.ModDiscoverer/]: Skipping C:\Users\rosar\.gradle\caches\modules-2\files-2.1\it.unimi.dsi\fastutil\8.5.12\c24946d46824bd528054bface3231d2ecb7e95e8\fastutil-8.5.12.jar because it was already located earlier
[01lug2025 17:12:55.219] [main/DEBUG] [net.neoforged.fml.loading.moddiscovery.ModDiscoverer/]: Skipping C:\Users\rosar\.gradle\caches\modules-2\files-2.1\net.java.dev.jna\jna-platform\5.14.0\28934d48aed814f11e4c584da55c49fa7032b31b\jna-platform-5.14.0.jar because it was already located earlier
[01lug2025 17:12:55.219] [main/DEBUG] [net.neoforged.fml.loading.moddiscovery.ModDiscoverer/]: Skipping C:\Users\rosar\.gradle\caches\modules-2\files-2.1\ca.weblite\java-objc-bridge\1.1\1227f9e0666314f9de41477e3ec277e542ed7f7b\java-objc-bridge-1.1.jar because it was already located earlier
[01lug2025 17:12:55.219] [main/DEBUG] [net.neoforged.fml.loading.moddiscovery.ModDiscoverer/]: Skipping C:\Users\rosar\.gradle\caches\modules-2\files-2.1\net.java.dev.jna\jna\5.14.0\67bf3eaea4f0718cb376a181a629e5f88fa1c9dd\jna-5.14.0.jar because it was already located earlier
[01lug2025 17:12:55.219] [main/DEBUG] [net.neoforged.fml.loading.moddiscovery.ModDiscoverer/]: Skipping C:\Users\rosar\.gradle\caches\modules-2\files-2.1\org.apache.httpcomponents\httpcore\4.4.16\51cf043c87253c9f58b539c9f7e44c8894223850\httpcore-4.4.16.jar because it was already located earlier
[01lug2025 17:12:55.219] [main/DEBUG] [net.neoforged.fml.loading.moddiscovery.ModDiscoverer/]: Skipping C:\Users\rosar\.gradle\caches\modules-2\files-2.1\org.jcraft\jorbis\0.0.17\8872d22b293e8f5d7d56ff92be966e6dc28ebdc6\jorbis-0.0.17.jar because it was already located earlier
[01lug2025 17:12:55.219] [main/DEBUG] [net.neoforged.fml.loading.moddiscovery.ModDiscoverer/]: Skipping C:\Users\rosar\.gradle\caches\modules-2\files-2.1\org.joml\joml\1.10.5\22566d58af70ad3d72308bab63b8339906deb649\joml-1.10.5.jar because it was already located earlier
[01lug2025 17:12:55.219] [main/DEBUG] [net.neoforged.fml.loading.moddiscovery.ModDiscoverer/]: Skipping C:\Users\rosar\.gradle\caches\modules-2\files-2.1\org.lwjgl\lwjgl-freetype\3.3.3\a0db6c84a8becc8ca05f9dbfa985edc348a824c7\lwjgl-freetype-3.3.3.jar because it was already located earlier
[01lug2025 17:12:55.223] [main/DEBUG] [net.neoforged.fml.loading.moddiscovery.ModDiscoverer/]: Skipping C:\Users\rosar\.gradle\caches\modules-2\files-2.1\org.lwjgl\lwjgl-freetype\3.3.3\15a8c1de7f51d07a92eae7ce1222557073a0c0c3\lwjgl-freetype-3.3.3-natives-windows-x86.jar because it was already located earlier
[01lug2025 17:12:55.224] [main/DEBUG] [net.neoforged.fml.loading.moddiscovery.ModDiscoverer/]: Skipping C:\Users\rosar\.gradle\caches\modules-2\files-2.1\org.lwjgl\lwjgl-glfw\3.3.3\efa1eb78c5ccd840e9f329717109b5e892d72f8e\lwjgl-glfw-3.3.3.jar because it was already located earlier
[01lug2025 17:12:55.227] [main/DEBUG] [net.neoforged.fml.loading.moddiscovery.ModDiscoverer/]: Skipping C:\Users\rosar\.gradle\caches\modules-2\files-2.1\org.lwjgl\lwjgl-glfw\3.3.3\32334f3fd5270a59bad9939a93115acb6de36dcf\lwjgl-glfw-3.3.3-natives-windows-x86.jar because it was already located earlier
[01lug2025 17:12:55.227] [main/DEBUG] [net.neoforged.fml.loading.moddiscovery.ModDiscoverer/]: Skipping C:\Users\rosar\.gradle\caches\modules-2\files-2.1\org.lwjgl\lwjgl-jemalloc\3.3.3\b543467b7ff3c6920539a88ee602d34098628be5\lwjgl-jemalloc-3.3.3.jar because it was already located earlier
[01lug2025 17:12:55.227] [main/DEBUG] [net.neoforged.fml.loading.moddiscovery.ModDiscoverer/]: Skipping C:\Users\rosar\.gradle\caches\modules-2\files-2.1\org.lwjgl\lwjgl-jemalloc\3.3.3\426222fc027602a5f21b9c0fe79cde6a4c7a011f\lwjgl-jemalloc-3.3.3-natives-windows.jar because it was already located earlier
[01lug2025 17:12:55.231] [main/DEBUG] [net.neoforged.fml.loading.moddiscovery.ModDiscoverer/]: Skipping C:\Users\rosar\.gradle\caches\modules-2\files-2.1\org.lwjgl\lwjgl-openal\3.3.3\daada81ceb5fc0c291fbfdd4433cb8d9423577f2\lwjgl-openal-3.3.3.jar because it was already located earlier
[01lug2025 17:12:55.234] [main/DEBUG] [net.neoforged.fml.loading.moddiscovery.ModDiscoverer/]: Skipping C:\Users\rosar\.gradle\caches\modules-2\files-2.1\org.lwjgl\lwjgl-openal\3.3.3\87b8d5050e3adb46bb58fe1cb2669a4a48fce10d\lwjgl-openal-3.3.3-natives-windows-x86.jar because it was already located earlier
[01lug2025 17:12:55.234] [main/DEBUG] [net.neoforged.fml.loading.moddiscovery.ModDiscoverer/]: Skipping C:\Users\rosar\.gradle\caches\modules-2\files-2.1\org.lwjgl\lwjgl-opengl\3.3.3\2f6b0147078396a58979125a4c947664e98293a\lwjgl-opengl-3.3.3.jar because it was already located earlier
[01lug2025 17:12:55.235] [main/DEBUG] [net.neoforged.fml.loading.moddiscovery.ModDiscoverer/]: Skipping C:\Users\rosar\.gradle\caches\modules-2\files-2.1\org.lwjgl\lwjgl-opengl\3.3.3\65e956d3735a1abdc82eff4baec1b61174697d4b\lwjgl-opengl-3.3.3-natives-windows-arm64.jar because it was already located earlier
[01lug2025 17:12:55.238] [main/DEBUG] [net.neoforged.fml.loading.moddiscovery.ModDiscoverer/]: Skipping C:\Users\rosar\.gradle\caches\modules-2\files-2.1\org.lwjgl\lwjgl-stb\3.3.3\25dd6161988d7e65f71d5065c99902402ee32746\lwjgl-stb-3.3.3.jar because it was already located earlier
[01lug2025 17:12:55.238] [main/DEBUG] [net.neoforged.fml.loading.moddiscovery.ModDiscoverer/]: Skipping C:\Users\rosar\.gradle\caches\modules-2\files-2.1\org.lwjgl\lwjgl-stb\3.3.3\1d9facdf6541de114b0f963be33505b7679c78cb\lwjgl-stb-3.3.3-natives-windows.jar because it was already located earlier
[01lug2025 17:12:55.241] [main/DEBUG] [net.neoforged.fml.loading.moddiscovery.ModDiscoverer/]: Skipping C:\Users\rosar\.gradle\caches\modules-2\files-2.1\org.lwjgl\lwjgl-tinyfd\3.3.3\82d755ca94b102e9ca77283b9e2dc46d1b15fbe5\lwjgl-tinyfd-3.3.3.jar because it was already located earlier
[01lug2025 17:12:55.241] [main/DEBUG] [net.neoforged.fml.loading.moddiscovery.ModDiscoverer/]: Skipping C:\Users\rosar\.gradle\caches\modules-2\files-2.1\org.lwjgl\lwjgl-tinyfd\3.3.3\a6697981b0449a5087c1d546fc08b4f73e8f98c9\lwjgl-tinyfd-3.3.3-natives-windows.jar because it was already located earlier
[01lug2025 17:12:55.245] [main/DEBUG] [net.neoforged.fml.loading.moddiscovery.ModDiscoverer/]: Skipping C:\Users\rosar\.gradle\caches\modules-2\files-2.1\org.lwjgl\lwjgl\3.3.3\29589b5f87ed335a6c7e7ee6a5775f81f97ecb84\lwjgl-3.3.3.jar because it was already located earlier
[01lug2025 17:12:55.248] [main/DEBUG] [net.neoforged.fml.loading.moddiscovery.ModDiscoverer/]: Skipping C:\Users\rosar\.gradle\caches\modules-2\files-2.1\org.lwjgl\lwjgl\3.3.3\9e670718e050aeaeea0c2d5b907cffb142f2e58f\lwjgl-3.3.3-natives-windows-x86.jar because it was already located earlier
[01lug2025 17:12:55.248] [main/DEBUG] [net.neoforged.fml.loading.moddiscovery.ModDiscoverer/]: Skipping C:\Users\rosar\.gradle\caches\modules-2\files-2.1\org.lz4\lz4-java\1.8.0\4b986a99445e49ea5fbf5d149c4b63f6ed6c6780\lz4-java-1.8.0.jar because it was already located earlier
[01lug2025 17:12:55.249] [main/DEBUG] [net.neoforged.fml.loading.moddiscovery.ModDiscoverer/]: Skipping C:\Users\rosar\.gradle\caches\modules-2\files-2.1\org.jetbrains\annotations\24.1.0\7af6a669488450c4a07c2c3254e2151df42d7d04\annotations-24.1.0.jar because it was already located earlier
[01lug2025 17:12:55.249] [main/DEBUG] [net.neoforged.fml.loading.moddiscovery.ModDiscoverer/SCAN]: Locator userdev mods and services found 7 mods, 0 warnings, 0 errors and skipped 85 candidates
[01lug2025 17:12:55.250] [main/DEBUG] [net.neoforged.fml.loading.UniqueModListBuilder/]: Found 2 mods for first modid neoforge, selecting most recent based on version data
[01lug2025 17:12:55.250] [main/DEBUG] [net.neoforged.fml.loading.UniqueModListBuilder/]: Selected file neoforge-21.0.167.jar for modid neoforge with version 21.0.167
[01lug2025 17:12:55.259] [main/DEBUG] [net.neoforged.fml.loading.moddiscovery.ModDiscoverer/SCAN]: Successfully Loaded 8 mods. Attempting to load dependencies...
[01lug2025 17:12:55.259] [main/DEBUG] [net.neoforged.fml.loading.moddiscovery.ModDiscoverer/SCAN]: Trying locator jarinjar
[01lug2025 17:12:55.262] [main/TRACE] [net.neoforged.fml.loading.moddiscovery.locators.JarInJarDependencyLocator/]: Failed to load resource META-INF\jarjar\metadata.json from neoforge-21.0.167.jar, it does not contain dependency information.
[01lug2025 17:12:55.262] [main/TRACE] [net.neoforged.fml.loading.moddiscovery.locators.JarInJarDependencyLocator/]: Failed to load resource META-INF\jarjar\metadata.json from mixinextras-neoforge-0.3.5.jar, it does not contain dependency information.
[01lug2025 17:12:55.263] [main/TRACE] [net.neoforged.fml.loading.moddiscovery.locators.JarInJarDependencyLocator/]: Failed to load resource META-INF\jarjar\metadata.json from RoughlyEnoughItems-neoforge-16.0.799.jar, it does not contain dependency information.
[01lug2025 17:12:55.263] [main/TRACE] [net.neoforged.fml.loading.moddiscovery.locators.JarInJarDependencyLocator/]: Failed to load resource META-INF\jarjar\metadata.json from cloth-config-neoforge-15.0.130-neoforge.jar, it does not contain dependency information.
[01lug2025 17:12:55.263] [main/TRACE] [net.neoforged.fml.loading.moddiscovery.locators.JarInJarDependencyLocator/]: Failed to load resource META-INF\jarjar\metadata.json from main, it does not contain dependency information.
[01lug2025 17:12:55.263] [main/TRACE] [net.neoforged.fml.loading.moddiscovery.locators.JarInJarDependencyLocator/]: Failed to load resource META-INF\jarjar\metadata.json from architectury-neoforge-13.0.5.jar, it does not contain dependency information.
[01lug2025 17:12:55.263] [main/TRACE] [net.neoforged.fml.loading.moddiscovery.locators.JarInJarDependencyLocator/]: Failed to load resource META-INF\jarjar\metadata.json from jei-1.21-neoforge-19.8.2.99.jar, it does not contain dependency information.
[01lug2025 17:12:55.316] [main/DEBUG] [net.neoforged.fml.loading.moddiscovery.readers.JarModsDotTomlModFileReader/SCAN]: Found META-INF/MANIFEST.MF mod of type GAMELIBRARY: 
[01lug2025 17:12:55.317] [main/TRACE] [net.neoforged.fml.loading.moddiscovery.locators.JarInJarDependencyLocator/]: Failed to load resource META-INF\jarjar\metadata.json from mixinextras-neoforge-0.3.5.jar, it does not contain dependency information.
[01lug2025 17:12:55.337] [main/DEBUG] [net.neoforged.fml.loading.moddiscovery.readers.JarModsDotTomlModFileReader/SCAN]: Found META-INF/MANIFEST.MF mod of type GAMELIBRARY: 
[01lug2025 17:12:55.338] [main/WARN] [net.neoforged.jarjar.selection.JarSelector/]: Attempted to select a dependency jar for JarJar which was passed in as source: mixinextras-neoforge-0.3.5.jar. Using Mod File: C:\Users\rosar\.gradle\caches\modules-2\files-2.1\io.github.llamalad7\mixinextras-neoforge\0.3.5\ef3ffcf309dae656517b2f120189b1c9b21737dd\mixinextras-neoforge-0.3.5.jar
[01lug2025 17:12:55.339] [main/INFO] [net.neoforged.fml.loading.moddiscovery.locators.JarInJarDependencyLocator/]: No dependencies to load found. Skipping!
[01lug2025 17:12:55.341] [main/DEBUG] [net.neoforged.fml.loading.moddiscovery.ModFileInfo/LOADING]: Found valid mod file neoforge-21.0.167.jar with {minecraft} mods - versions {1.21}
[01lug2025 17:12:55.343] [main/DEBUG] [net.neoforged.fml.loading.moddiscovery.ModFile/LOADING]: Loading mod file D:\Programmazione\Mod\Immersive Ores\NEOFORGE\1.21\.gradle\repositories\ng_dummy_ng\net\neoforged\neoforge\21.0.167\neoforge-21.0.167.jar with languages [LanguageSpec[languageName=minecraft, acceptedVersions=1]]
[01lug2025 17:12:55.345] [main/DEBUG] [net.neoforged.fml.loading.moddiscovery.ModFileParser/LOADING]: Considering mod file candidate C:\Users\rosar\.gradle\caches\modules-2\files-2.1\me.shedaniel\RoughlyEnoughItems-neoforge\16.0.799\dbb0da2aea27ade998ca12208737525663e85683\RoughlyEnoughItems-neoforge-16.0.799.jar
[01lug2025 17:12:55.347] [main/DEBUG] [net.neoforged.fml.loading.moddiscovery.ModFileInfo/LOADING]: Found valid mod file RoughlyEnoughItems-neoforge-16.0.799.jar with {roughlyenoughitems} mods - versions {16.0.799}
[01lug2025 17:12:55.347] [main/DEBUG] [net.neoforged.fml.loading.moddiscovery.ModFile/LOADING]: Loading mod file C:\Users\rosar\.gradle\caches\modules-2\files-2.1\me.shedaniel\RoughlyEnoughItems-neoforge\16.0.799\dbb0da2aea27ade998ca12208737525663e85683\RoughlyEnoughItems-neoforge-16.0.799.jar with languages [LanguageSpec[languageName=javafml, acceptedVersions=[1,)]]
[01lug2025 17:12:55.348] [main/DEBUG] [net.neoforged.fml.loading.moddiscovery.ModFile/LOADING]: Found mixin config rei.mixins.json
[01lug2025 17:12:55.348] [main/DEBUG] [net.neoforged.fml.loading.moddiscovery.ModFileParser/LOADING]: Considering mod file candidate D:\Programmazione\Mod\Immersive Ores\NEOFORGE\1.21\build\resources\main
[01lug2025 17:12:55.350] [main/DEBUG] [net.neoforged.fml.loading.moddiscovery.ModFileInfo/LOADING]: Found valid mod file main with {immersiveores} mods - versions {1.21-1.0.8}
[01lug2025 17:12:55.350] [main/DEBUG] [net.neoforged.fml.loading.moddiscovery.ModFile/LOADING]: Loading mod file D:\Programmazione\Mod\Immersive Ores\NEOFORGE\1.21\build\resources\main with languages [LanguageSpec[languageName=javafml, acceptedVersions=[4,)]]
[01lug2025 17:12:55.350] [main/DEBUG] [net.neoforged.fml.loading.moddiscovery.ModFile/LOADING]: Found mixin config immersiveores.mixins.json
[01lug2025 17:12:55.350] [main/DEBUG] [net.neoforged.fml.loading.moddiscovery.ModFileParser/LOADING]: Considering mod file candidate C:\Users\rosar\.gradle\caches\modules-2\files-2.1\me.shedaniel.cloth\cloth-config-neoforge\15.0.130\4ff6b51cfb5c6cac437b18067d991a0f5f8743a7\cloth-config-neoforge-15.0.130-neoforge.jar
[01lug2025 17:12:55.351] [main/DEBUG] [net.neoforged.fml.loading.moddiscovery.ModFileInfo/LOADING]: Found valid mod file cloth-config-neoforge-15.0.130-neoforge.jar with {cloth_config} mods - versions {15.0.130}
[01lug2025 17:12:55.351] [main/DEBUG] [net.neoforged.fml.loading.moddiscovery.ModFile/LOADING]: Loading mod file C:\Users\rosar\.gradle\caches\modules-2\files-2.1\me.shedaniel.cloth\cloth-config-neoforge\15.0.130\4ff6b51cfb5c6cac437b18067d991a0f5f8743a7\cloth-config-neoforge-15.0.130-neoforge.jar with languages [LanguageSpec[languageName=javafml, acceptedVersions=[1,)]]
[01lug2025 17:12:55.351] [main/DEBUG] [net.neoforged.fml.loading.moddiscovery.ModFileParser/LOADING]: Considering mod file candidate C:\Users\rosar\.gradle\caches\modules-2\files-2.1\dev.architectury\architectury-neoforge\13.0.5\b5cf1082d9fafbf5a9e2adba0f831398beb4ca32\architectury-neoforge-13.0.5.jar
[01lug2025 17:12:55.352] [main/DEBUG] [net.neoforged.fml.loading.moddiscovery.ModFileInfo/LOADING]: Found valid mod file architectury-neoforge-13.0.5.jar with {architectury} mods - versions {13.0.5}
[01lug2025 17:12:55.352] [main/DEBUG] [net.neoforged.fml.loading.moddiscovery.ModFile/LOADING]: Loading mod file C:\Users\rosar\.gradle\caches\modules-2\files-2.1\dev.architectury\architectury-neoforge\13.0.5\b5cf1082d9fafbf5a9e2adba0f831398beb4ca32\architectury-neoforge-13.0.5.jar with languages [LanguageSpec[languageName=javafml, acceptedVersions=[1,)]]
[01lug2025 17:12:55.352] [main/DEBUG] [net.neoforged.fml.loading.moddiscovery.ModFile/LOADING]: Found mixin config architectury.mixins.json
[01lug2025 17:12:55.352] [main/DEBUG] [net.neoforged.fml.loading.moddiscovery.ModFile/LOADING]: Found mixin config architectury-common.mixins.json
[01lug2025 17:12:55.352] [main/DEBUG] [net.neoforged.fml.loading.moddiscovery.ModFileParser/LOADING]: Considering mod file candidate D:\Programmazione\Mod\Immersive Ores\NEOFORGE\1.21\.gradle\repositories\ng_dummy_ng\net\neoforged\neoforge\21.0.167\neoforge-21.0.167.jar
[01lug2025 17:12:55.352] [main/DEBUG] [net.neoforged.fml.loading.moddiscovery.ModFileInfo/LOADING]: Found valid mod file neoforge-21.0.167.jar with {neoforge} mods - versions {21.0.167}
[01lug2025 17:12:55.353] [main/DEBUG] [net.neoforged.fml.loading.moddiscovery.ModFile/LOADING]: Loading mod file D:\Programmazione\Mod\Immersive Ores\NEOFORGE\1.21\.gradle\repositories\ng_dummy_ng\net\neoforged\neoforge\21.0.167\neoforge-21.0.167.jar with languages [LanguageSpec[languageName=javafml, acceptedVersions=[3,]]]
[01lug2025 17:12:55.356] [main/DEBUG] [net.neoforged.fml.loading.moddiscovery.ModFileParser/LOADING]: Found coremod field_to_method with Javascript path coremods/field_to_method.js
[01lug2025 17:12:55.356] [main/DEBUG] [net.neoforged.fml.loading.moddiscovery.ModFileParser/LOADING]: Found coremod field_to_instanceof with Javascript path coremods/field_to_instanceof.js
[01lug2025 17:12:55.356] [main/DEBUG] [net.neoforged.fml.loading.moddiscovery.ModFileParser/LOADING]: Found coremod add_bouncer_method with Javascript path coremods/add_bouncer_method.js
[01lug2025 17:12:55.356] [main/DEBUG] [net.neoforged.fml.loading.moddiscovery.ModFileParser/LOADING]: Found coremod method_redirector with Javascript path coremods/method_redirector.js
[01lug2025 17:12:55.356] [main/DEBUG] [net.neoforged.fml.loading.moddiscovery.ModFile/LOADING]: Found mixin config neoforge.mixins.json
[01lug2025 17:12:55.356] [main/DEBUG] [net.neoforged.fml.loading.moddiscovery.ModFileParser/LOADING]: Considering mod file candidate C:\Users\rosar\.gradle\caches\modules-2\files-2.1\mezz.jei\jei-1.21-neoforge\19.8.2.99\e1dc10d45e8c488d06ff7ae553d2c46a6b5e39c7\jei-1.21-neoforge-19.8.2.99.jar
[01lug2025 17:12:55.358] [main/DEBUG] [net.neoforged.fml.loading.moddiscovery.ModFileInfo/LOADING]: Found valid mod file jei-1.21-neoforge-19.8.2.99.jar with {jei} mods - versions {19.8.2.99}
[01lug2025 17:12:55.358] [main/DEBUG] [net.neoforged.fml.loading.moddiscovery.ModFile/LOADING]: Loading mod file C:\Users\rosar\.gradle\caches\modules-2\files-2.1\mezz.jei\jei-1.21-neoforge\19.8.2.99\e1dc10d45e8c488d06ff7ae553d2c46a6b5e39c7\jei-1.21-neoforge-19.8.2.99.jar with languages [LanguageSpec[languageName=javafml, acceptedVersions=[4,)]]
[01lug2025 17:12:55.358] [main/DEBUG] [net.neoforged.fml.loading.moddiscovery.ModFile/LOADING]: Loading mod file C:\Users\rosar\.gradle\caches\modules-2\files-2.1\io.github.llamalad7\mixinextras-neoforge\0.3.5\ef3ffcf309dae656517b2f120189b1c9b21737dd\mixinextras-neoforge-0.3.5.jar with languages []
[01lug2025 17:12:55.358] [main/DEBUG] [net.neoforged.fml.loading.moddiscovery.ModValidator/SCAN]: Found 8 mod files with 7 mods
[01lug2025 17:12:55.359] [main/DEBUG] [cpw.mods.modlauncher.TransformationServiceDecorator/MODLAUNCHER]: End scan trigger - transformation service fml
[01lug2025 17:12:55.367] [main/DEBUG] [net.neoforged.fml.util.ServiceLoaderUtil/CORE]: Found 3 implementations of IModLanguageLoader:
[01lug2025 17:12:55.367] [main/DEBUG] [net.neoforged.fml.util.ServiceLoaderUtil/CORE]: 	net.neoforged.fml.javafmlmod.FMLJavaModLanguageProvider from loader-4.0.23.jar
[01lug2025 17:12:55.367] [main/DEBUG] [net.neoforged.fml.util.ServiceLoaderUtil/CORE]: 	net.neoforged.fml.lowcodemod.LowCodeModLanguageProvider from loader-4.0.23.jar
[01lug2025 17:12:55.367] [main/DEBUG] [net.neoforged.fml.util.ServiceLoaderUtil/CORE]: 	net.neoforged.fml.mclanguageprovider.MinecraftModLanguageProvider from loader-4.0.23.jar
[01lug2025 17:12:55.367] [main/DEBUG] [net.neoforged.fml.loading.LanguageProviderLoader/CORE]: Found language provider javafml, version 4.0.23
[01lug2025 17:12:55.368] [main/DEBUG] [net.neoforged.fml.loading.LanguageProviderLoader/CORE]: Found language provider lowcodefml, version 4.0.23
[01lug2025 17:12:55.368] [main/DEBUG] [net.neoforged.fml.loading.LanguageProviderLoader/CORE]: Found language provider minecraft, version 4.0.23
[01lug2025 17:12:55.371] [main/DEBUG] [net.neoforged.fml.loading.ModSorter/]: Configured system mods: [minecraft, neoforge]
[01lug2025 17:12:55.372] [main/DEBUG] [net.neoforged.fml.loading.ModSorter/]: Found system mod: minecraft
[01lug2025 17:12:55.372] [main/DEBUG] [net.neoforged.fml.loading.ModSorter/]: Found system mod: neoforge
[01lug2025 17:12:55.373] [main/DEBUG] [net.neoforged.fml.loading.ModSorter/LOADING]: Found 10 mod requirements (10 mandatory, 0 optional)
[01lug2025 17:12:55.373] [main/DEBUG] [net.neoforged.fml.loading.ModSorter/LOADING]: Found 0 mod requirements missing (0 mandatory, 0 optional)
[01lug2025 17:12:55.385] [main/DEBUG] [net.neoforged.fml.loading.FMLLoader/SCAN]: Adding Access Transformer in C:\Users\rosar\.gradle\caches\modules-2\files-2.1\me.shedaniel\RoughlyEnoughItems-neoforge\16.0.799\dbb0da2aea27ade998ca12208737525663e85683\RoughlyEnoughItems-neoforge-16.0.799.jar
[01lug2025 17:12:55.387] [main/DEBUG] [AXFORM/AXFORM]: Loading access transformer accesstransformer.cfg
[01lug2025 17:12:55.450] [main/DEBUG] [AXFORM/AXFORM]: Loaded access transformer accesstransformer.cfg
[01lug2025 17:12:55.450] [main/DEBUG] [net.neoforged.fml.loading.FMLLoader/SCAN]: Adding Access Transformer in C:\Users\rosar\.gradle\caches\modules-2\files-2.1\me.shedaniel.cloth\cloth-config-neoforge\15.0.130\4ff6b51cfb5c6cac437b18067d991a0f5f8743a7\cloth-config-neoforge-15.0.130-neoforge.jar
[01lug2025 17:12:55.451] [main/DEBUG] [AXFORM/AXFORM]: Loading access transformer accesstransformer.cfg
[01lug2025 17:12:55.452] [main/DEBUG] [AXFORM/AXFORM]: Loaded access transformer accesstransformer.cfg
[01lug2025 17:12:55.452] [main/DEBUG] [net.neoforged.fml.loading.FMLLoader/SCAN]: Adding Access Transformer in C:\Users\rosar\.gradle\caches\modules-2\files-2.1\dev.architectury\architectury-neoforge\13.0.5\b5cf1082d9fafbf5a9e2adba0f831398beb4ca32\architectury-neoforge-13.0.5.jar
[01lug2025 17:12:55.453] [main/DEBUG] [AXFORM/AXFORM]: Loading access transformer accesstransformer.cfg
[01lug2025 17:12:55.464] [main/DEBUG] [AXFORM/AXFORM]: Loaded access transformer accesstransformer.cfg
[01lug2025 17:12:55.464] [main/DEBUG] [net.neoforged.fml.loading.FMLLoader/SCAN]: Adding Access Transformer in D:\Programmazione\Mod\Immersive Ores\NEOFORGE\1.21\.gradle\repositories\ng_dummy_ng\net\neoforged\neoforge\21.0.167\neoforge-21.0.167.jar
[01lug2025 17:12:55.465] [main/DEBUG] [AXFORM/AXFORM]: Loading access transformer accesstransformer.cfg
[01lug2025 17:12:55.483] [main/DEBUG] [AXFORM/AXFORM]: Loaded access transformer accesstransformer.cfg
[01lug2025 17:12:55.483] [main/DEBUG] [net.neoforged.fml.loading.FMLLoader/SCAN]: Adding Access Transformer in C:\Users\rosar\.gradle\caches\modules-2\files-2.1\mezz.jei\jei-1.21-neoforge\19.8.2.99\e1dc10d45e8c488d06ff7ae553d2c46a6b5e39c7\jei-1.21-neoforge-19.8.2.99.jar
[01lug2025 17:12:55.483] [main/DEBUG] [AXFORM/AXFORM]: Loading access transformer accesstransformer.cfg
[01lug2025 17:12:55.484] [main/DEBUG] [AXFORM/AXFORM]: Loaded access transformer accesstransformer.cfg
[01lug2025 17:12:55.490] [main/DEBUG] [mixin/]: Adding mixin platform agents for container net.neoforged.fml.loading.mixin.FMLMixinContainerHandle@2d000e80
[01lug2025 17:12:55.490] [main/DEBUG] [mixin/]: Instancing new MixinPlatformAgentMinecraftForge for net.neoforged.fml.loading.mixin.FMLMixinContainerHandle@2d000e80
[01lug2025 17:12:55.490] [main/DEBUG] [mixin/]: MixinPlatformAgentMinecraftForge rejected container net.neoforged.fml.loading.mixin.FMLMixinContainerHandle@2d000e80
[01lug2025 17:12:55.490] [main/DEBUG] [mixin/]: Instancing new MixinPlatformAgentDefault for net.neoforged.fml.loading.mixin.FMLMixinContainerHandle@2d000e80
[01lug2025 17:12:55.490] [main/DEBUG] [mixin/]: MixinPlatformAgentDefault accepted container net.neoforged.fml.loading.mixin.FMLMixinContainerHandle@2d000e80
[01lug2025 17:12:55.491] [main/DEBUG] [mixin/]: Instancing new FMLMixinPlatformAgent for net.neoforged.fml.loading.mixin.FMLMixinContainerHandle@2d000e80
[01lug2025 17:12:55.491] [main/DEBUG] [mixin/]: FMLMixinPlatformAgent accepted container net.neoforged.fml.loading.mixin.FMLMixinContainerHandle@2d000e80
[01lug2025 17:12:55.517] [main/DEBUG] [cpw.mods.modlauncher.TransformationServicesHandler/MODLAUNCHER]: Transformation services loading transformers
[01lug2025 17:12:55.518] [main/DEBUG] [cpw.mods.modlauncher.TransformationServiceDecorator/MODLAUNCHER]: Initializing transformers for transformation service mixin
[01lug2025 17:12:55.520] [main/DEBUG] [cpw.mods.modlauncher.TransformationServiceDecorator/MODLAUNCHER]: Initialized transformers for transformation service mixin
[01lug2025 17:12:55.520] [main/DEBUG] [cpw.mods.modlauncher.TransformationServiceDecorator/MODLAUNCHER]: Initializing transformers for transformation service fml
[01lug2025 17:12:55.520] [main/DEBUG] [net.neoforged.fml.loading.FMLServiceProvider/LOADING]: Loading coremod transformers
[01lug2025 17:12:55.521] [main/INFO] [net.neoforged.fml.loading.FMLServiceProvider/CORE]: Loading coremod script-engine for [neoforge]
[01lug2025 17:12:55.525] [main/DEBUG] [net.neoforged.fml.loading.CoreModScriptLoader/CORE]: Loading coremod scripts
[01lug2025 17:12:56.058] [main/DEBUG] [net.neoforged.coremod.CoreModScriptingEngine/COREMOD]: Loading CoreMod from coremods/field_to_method.js
[01lug2025 17:12:56.325] [main/DEBUG] [net.neoforged.coremod.CoreModScriptingEngine/COREMOD]: CoreMod loaded successfully
[01lug2025 17:12:56.325] [main/DEBUG] [net.neoforged.coremod.CoreModScriptingEngine/COREMOD]: Loading CoreMod from coremods/field_to_instanceof.js
[01lug2025 17:12:56.416] [main/DEBUG] [net.neoforged.coremod.CoreModScriptingEngine/COREMOD]: CoreMod loaded successfully
[01lug2025 17:12:56.416] [main/DEBUG] [net.neoforged.coremod.CoreModScriptingEngine/COREMOD]: Loading CoreMod from coremods/add_bouncer_method.js
[01lug2025 17:12:56.456] [main/DEBUG] [net.neoforged.coremod.CoreModScriptingEngine/COREMOD]: CoreMod loaded successfully
[01lug2025 17:12:56.456] [main/DEBUG] [net.neoforged.coremod.CoreModScriptingEngine/COREMOD]: Loading CoreMod from coremods/method_redirector.js
[01lug2025 17:12:56.522] [main/DEBUG] [net.neoforged.coremod.CoreModScriptingEngine/COREMOD]: CoreMod loaded successfully
[01lug2025 17:12:56.535] [main/DEBUG] [net.neoforged.fml.util.ServiceLoaderUtil/CORE]: Found 0 implementations of ICoreMod:
[01lug2025 17:12:56.539] [main/DEBUG] [cpw.mods.modlauncher.TransformStore/MODLAUNCHER]: Adding transformer net.neoforged.coremod.transformer.CoreModClassTransformer@37ad042b to Target : cpw.mods.modlauncher.api.TargetType@4bc28c33 {Lnet/minecraft/world/level/biome/Biome;} {} {V}
[01lug2025 17:12:56.541] [main/DEBUG] [cpw.mods.modlauncher.TransformStore/MODLAUNCHER]: Adding transformer net.neoforged.coremod.transformer.CoreModClassTransformer@7f9fc8bd to Target : cpw.mods.modlauncher.api.TargetType@4bc28c33 {Lnet/minecraft/world/level/levelgen/structure/Structure;} {} {V}
[01lug2025 17:12:56.542] [main/DEBUG] [cpw.mods.modlauncher.TransformStore/MODLAUNCHER]: Adding transformer net.neoforged.coremod.transformer.CoreModClassTransformer@ea52184 to Target : cpw.mods.modlauncher.api.TargetType@4bc28c33 {Lnet/minecraft/world/level/block/FlowerPotBlock;} {} {V}
[01lug2025 17:12:56.542] [main/DEBUG] [cpw.mods.modlauncher.TransformStore/MODLAUNCHER]: Adding transformer net.neoforged.coremod.transformer.CoreModClassTransformer@3e7b65d7 to Target : cpw.mods.modlauncher.api.TargetType@4bc28c33 {Lnet/minecraft/network/play/client/CClientSettingsPacket;} {} {V}
[01lug2025 17:12:56.542] [main/DEBUG] [cpw.mods.modlauncher.TransformStore/MODLAUNCHER]: Adding transformer net.neoforged.coremod.transformer.CoreModClassTransformer@3c854752 to Target : cpw.mods.modlauncher.api.TargetType@4bc28c33 {Lnet/minecraft/world/entity/EntityType;} {} {V}
[01lug2025 17:12:56.542] [main/DEBUG] [cpw.mods.modlauncher.TransformStore/MODLAUNCHER]: Adding transformer net.neoforged.coremod.transformer.CoreModClassTransformer@3c854752 to Target : cpw.mods.modlauncher.api.TargetType@4bc28c33 {Lnet/minecraft/world/entity/npc/Villager;} {} {V}
[01lug2025 17:12:56.542] [main/DEBUG] [cpw.mods.modlauncher.TransformStore/MODLAUNCHER]: Adding transformer net.neoforged.coremod.transformer.CoreModClassTransformer@3c854752 to Target : cpw.mods.modlauncher.api.TargetType@4bc28c33 {Lnet/minecraft/world/entity/raid/Raid;} {} {V}
[01lug2025 17:12:56.542] [main/DEBUG] [cpw.mods.modlauncher.TransformStore/MODLAUNCHER]: Adding transformer net.neoforged.coremod.transformer.CoreModClassTransformer@3c854752 to Target : cpw.mods.modlauncher.api.TargetType@4bc28c33 {Lnet/minecraft/world/entity/monster/Strider;} {} {V}
[01lug2025 17:12:56.542] [main/DEBUG] [cpw.mods.modlauncher.TransformStore/MODLAUNCHER]: Adding transformer net.neoforged.coremod.transformer.CoreModClassTransformer@3c854752 to Target : cpw.mods.modlauncher.api.TargetType@4bc28c33 {Lnet/minecraft/world/entity/animal/horse/SkeletonTrapGoal;} {} {V}
[01lug2025 17:12:56.542] [main/DEBUG] [cpw.mods.modlauncher.TransformStore/MODLAUNCHER]: Adding transformer net.neoforged.coremod.transformer.CoreModClassTransformer@3c854752 to Target : cpw.mods.modlauncher.api.TargetType@4bc28c33 {Lnet/minecraft/world/entity/animal/frog/Tadpole;} {} {V}
[01lug2025 17:12:56.542] [main/DEBUG] [cpw.mods.modlauncher.TransformStore/MODLAUNCHER]: Adding transformer net.neoforged.coremod.transformer.CoreModClassTransformer@3c854752 to Target : cpw.mods.modlauncher.api.TargetType@4bc28c33 {Lnet/minecraft/world/entity/npc/CatSpawner;} {} {V}
[01lug2025 17:12:56.542] [main/DEBUG] [cpw.mods.modlauncher.TransformStore/MODLAUNCHER]: Adding transformer net.neoforged.coremod.transformer.CoreModClassTransformer@3c854752 to Target : cpw.mods.modlauncher.api.TargetType@4bc28c33 {Lnet/minecraft/world/level/levelgen/PhantomSpawner;} {} {V}
[01lug2025 17:12:56.542] [main/DEBUG] [cpw.mods.modlauncher.TransformStore/MODLAUNCHER]: Adding transformer net.neoforged.coremod.transformer.CoreModClassTransformer@3c854752 to Target : cpw.mods.modlauncher.api.TargetType@4bc28c33 {Lnet/minecraft/server/commands/SummonCommand;} {} {V}
[01lug2025 17:12:56.542] [main/DEBUG] [cpw.mods.modlauncher.TransformStore/MODLAUNCHER]: Adding transformer net.neoforged.coremod.transformer.CoreModClassTransformer@3c854752 to Target : cpw.mods.modlauncher.api.TargetType@4bc28c33 {Lnet/minecraft/world/entity/monster/Evoker$EvokerSummonSpellGoal;} {} {V}
[01lug2025 17:12:56.542] [main/DEBUG] [cpw.mods.modlauncher.TransformStore/MODLAUNCHER]: Adding transformer net.neoforged.coremod.transformer.CoreModClassTransformer@3c854752 to Target : cpw.mods.modlauncher.api.TargetType@4bc28c33 {Lnet/minecraft/world/level/levelgen/structure/structures/SwampHutPiece;} {} {V}
[01lug2025 17:12:56.542] [main/DEBUG] [cpw.mods.modlauncher.TransformStore/MODLAUNCHER]: Adding transformer net.neoforged.coremod.transformer.CoreModClassTransformer@3c854752 to Target : cpw.mods.modlauncher.api.TargetType@4bc28c33 {Lnet/minecraft/world/entity/ai/village/VillageSiege;} {} {V}
[01lug2025 17:12:56.542] [main/DEBUG] [cpw.mods.modlauncher.TransformStore/MODLAUNCHER]: Adding transformer net.neoforged.coremod.transformer.CoreModClassTransformer@3c854752 to Target : cpw.mods.modlauncher.api.TargetType@4bc28c33 {Lnet/minecraft/world/level/levelgen/structure/structures/OceanRuinPieces$OceanRuinPiece;} {} {V}
[01lug2025 17:12:56.542] [main/DEBUG] [cpw.mods.modlauncher.TransformStore/MODLAUNCHER]: Adding transformer net.neoforged.coremod.transformer.CoreModClassTransformer@3c854752 to Target : cpw.mods.modlauncher.api.TargetType@4bc28c33 {Lnet/minecraft/world/level/levelgen/structure/templatesystem/StructureTemplate;} {} {V}
[01lug2025 17:12:56.542] [main/DEBUG] [cpw.mods.modlauncher.TransformStore/MODLAUNCHER]: Adding transformer net.neoforged.coremod.transformer.CoreModClassTransformer@3c854752 to Target : cpw.mods.modlauncher.api.TargetType@4bc28c33 {Lnet/minecraft/world/level/levelgen/PatrolSpawner;} {} {V}
[01lug2025 17:12:56.542] [main/DEBUG] [cpw.mods.modlauncher.TransformStore/MODLAUNCHER]: Adding transformer net.neoforged.coremod.transformer.CoreModClassTransformer@3c854752 to Target : cpw.mods.modlauncher.api.TargetType@4bc28c33 {Lnet/minecraft/server/commands/RaidCommand;} {} {V}
[01lug2025 17:12:56.542] [main/DEBUG] [cpw.mods.modlauncher.TransformStore/MODLAUNCHER]: Adding transformer net.neoforged.coremod.transformer.CoreModClassTransformer@3c854752 to Target : cpw.mods.modlauncher.api.TargetType@4bc28c33 {Lnet/minecraft/world/level/levelgen/structure/structures/WoodlandMansionPieces$WoodlandMansionPiece;} {} {V}
[01lug2025 17:12:56.542] [main/DEBUG] [cpw.mods.modlauncher.TransformStore/MODLAUNCHER]: Adding transformer net.neoforged.coremod.transformer.CoreModClassTransformer@3c854752 to Target : cpw.mods.modlauncher.api.TargetType@4bc28c33 {Lnet/minecraft/world/level/levelgen/structure/structures/OceanMonumentPieces$OceanMonumentPiece;} {} {V}
[01lug2025 17:12:56.542] [main/DEBUG] [cpw.mods.modlauncher.TransformStore/MODLAUNCHER]: Adding transformer net.neoforged.coremod.transformer.CoreModClassTransformer@3c854752 to Target : cpw.mods.modlauncher.api.TargetType@4bc28c33 {Lnet/minecraft/world/level/NaturalSpawner;} {} {V}
[01lug2025 17:12:56.542] [main/DEBUG] [cpw.mods.modlauncher.TransformStore/MODLAUNCHER]: Adding transformer net.neoforged.coremod.transformer.CoreModClassTransformer@3c854752 to Target : cpw.mods.modlauncher.api.TargetType@4bc28c33 {Lnet/minecraft/world/entity/monster/Zombie;} {} {V}
[01lug2025 17:12:56.542] [main/DEBUG] [cpw.mods.modlauncher.TransformStore/MODLAUNCHER]: Adding transformer net.neoforged.coremod.transformer.CoreModClassTransformer@3c854752 to Target : cpw.mods.modlauncher.api.TargetType@4bc28c33 {Lnet/minecraft/world/entity/monster/ZombieVillager;} {} {V}
[01lug2025 17:12:56.542] [main/DEBUG] [cpw.mods.modlauncher.TransformStore/MODLAUNCHER]: Adding transformer net.neoforged.coremod.transformer.CoreModClassTransformer@3c854752 to Target : cpw.mods.modlauncher.api.TargetType@4bc28c33 {Lnet/minecraft/world/entity/monster/Spider;} {} {V}
[01lug2025 17:12:56.542] [main/DEBUG] [cpw.mods.modlauncher.TransformationServiceDecorator/MODLAUNCHER]: Initialized transformers for transformation service fml
[01lug2025 17:12:56.622] [main/DEBUG] [mixin/]: Processing prepare() for PlatformAgent[MixinPlatformAgentDefault:ModLauncher Root Container(ModLauncher:4f56a0a2)]
[01lug2025 17:12:56.623] [main/DEBUG] [mixin/]: Processing prepare() for PlatformAgent[MixinPlatformAgentDefault:net.neoforged.fml.loading.mixin.FMLMixinContainerHandle@2d000e80]
[01lug2025 17:12:56.623] [main/DEBUG] [mixin/]: Processing prepare() for PlatformAgent[FMLMixinPlatformAgent:null]
[01lug2025 17:12:56.697] [main/DEBUG] [mixin/]: Compatibility level JAVA_8 specified by rei.mixins.json is lower than the default level supported by the current mixin service (JAVA_16).
[01lug2025 17:12:56.697] [main/DEBUG] [mixin/]: Mixin config rei.mixins.json does not specify "minVersion" or "requiredFeatures" property
[01lug2025 17:12:56.699] [main/DEBUG] [mixin/]: Compatibility level JAVA_8 specified by immersiveores.mixins.json is lower than the default level supported by the current mixin service (JAVA_16).
[01lug2025 17:12:56.703] [main/DEBUG] [mixin/]: Processing launch tasks for PlatformAgent[MixinPlatformAgentDefault:ModLauncher Root Container(ModLauncher:4f56a0a2)]
[01lug2025 17:12:56.704] [main/DEBUG] [mixin/]: Adding mixin platform agents for container SecureJarResource(mixin_synthetic)
[01lug2025 17:12:56.704] [main/DEBUG] [mixin/]: Instancing new MixinPlatformAgentMinecraftForge for SecureJarResource(mixin_synthetic)
[01lug2025 17:12:56.704] [main/DEBUG] [mixin/]: MixinPlatformAgentMinecraftForge rejected container SecureJarResource(mixin_synthetic)
[01lug2025 17:12:56.704] [main/DEBUG] [mixin/]: Instancing new MixinPlatformAgentDefault for SecureJarResource(mixin_synthetic)
[01lug2025 17:12:56.704] [main/DEBUG] [mixin/]: MixinPlatformAgentDefault accepted container SecureJarResource(mixin_synthetic)
[01lug2025 17:12:56.704] [main/DEBUG] [mixin/]: Instancing new FMLMixinPlatformAgent for SecureJarResource(mixin_synthetic)
[01lug2025 17:12:56.704] [main/DEBUG] [mixin/]: FMLMixinPlatformAgent rejected container SecureJarResource(mixin_synthetic)
[01lug2025 17:12:56.704] [main/DEBUG] [mixin/]: Processing prepare() for PlatformAgent[MixinPlatformAgentDefault:SecureJarResource(mixin_synthetic)]
[01lug2025 17:12:56.704] [main/DEBUG] [mixin/]: Adding mixin platform agents for container SecureJarResource(minecraft)
[01lug2025 17:12:56.704] [main/DEBUG] [mixin/]: Instancing new MixinPlatformAgentMinecraftForge for SecureJarResource(minecraft)
[01lug2025 17:12:56.704] [main/DEBUG] [mixin/]: MixinPlatformAgentMinecraftForge rejected container SecureJarResource(minecraft)
[01lug2025 17:12:56.704] [main/DEBUG] [mixin/]: Instancing new MixinPlatformAgentDefault for SecureJarResource(minecraft)
[01lug2025 17:12:56.704] [main/DEBUG] [mixin/]: MixinPlatformAgentDefault accepted container SecureJarResource(minecraft)
[01lug2025 17:12:56.704] [main/DEBUG] [mixin/]: Instancing new FMLMixinPlatformAgent for SecureJarResource(minecraft)
[01lug2025 17:12:56.704] [main/DEBUG] [mixin/]: FMLMixinPlatformAgent rejected container SecureJarResource(minecraft)
[01lug2025 17:12:56.704] [main/DEBUG] [mixin/]: Processing prepare() for PlatformAgent[MixinPlatformAgentDefault:SecureJarResource(minecraft)]
[01lug2025 17:12:56.704] [main/DEBUG] [mixin/]: Adding mixin platform agents for container SecureJarResource(roughlyenoughitems)
[01lug2025 17:12:56.704] [main/DEBUG] [mixin/]: Instancing new MixinPlatformAgentMinecraftForge for SecureJarResource(roughlyenoughitems)
[01lug2025 17:12:56.704] [main/DEBUG] [mixin/]: MixinPlatformAgentMinecraftForge rejected container SecureJarResource(roughlyenoughitems)
[01lug2025 17:12:56.704] [main/DEBUG] [mixin/]: Instancing new MixinPlatformAgentDefault for SecureJarResource(roughlyenoughitems)
[01lug2025 17:12:56.704] [main/DEBUG] [mixin/]: MixinPlatformAgentDefault accepted container SecureJarResource(roughlyenoughitems)
[01lug2025 17:12:56.704] [main/DEBUG] [mixin/]: Instancing new FMLMixinPlatformAgent for SecureJarResource(roughlyenoughitems)
[01lug2025 17:12:56.704] [main/DEBUG] [mixin/]: FMLMixinPlatformAgent rejected container SecureJarResource(roughlyenoughitems)
[01lug2025 17:12:56.704] [main/DEBUG] [mixin/]: Processing prepare() for PlatformAgent[MixinPlatformAgentDefault:SecureJarResource(roughlyenoughitems)]
[01lug2025 17:12:56.704] [main/DEBUG] [mixin/]: Adding mixin platform agents for container SecureJarResource(cloth_config)
[01lug2025 17:12:56.705] [main/DEBUG] [mixin/]: Instancing new MixinPlatformAgentMinecraftForge for SecureJarResource(cloth_config)
[01lug2025 17:12:56.705] [main/DEBUG] [mixin/]: MixinPlatformAgentMinecraftForge rejected container SecureJarResource(cloth_config)
[01lug2025 17:12:56.705] [main/DEBUG] [mixin/]: Instancing new MixinPlatformAgentDefault for SecureJarResource(cloth_config)
[01lug2025 17:12:56.705] [main/DEBUG] [mixin/]: MixinPlatformAgentDefault accepted container SecureJarResource(cloth_config)
[01lug2025 17:12:56.705] [main/DEBUG] [mixin/]: Instancing new FMLMixinPlatformAgent for SecureJarResource(cloth_config)
[01lug2025 17:12:56.705] [main/DEBUG] [mixin/]: FMLMixinPlatformAgent rejected container SecureJarResource(cloth_config)
[01lug2025 17:12:56.705] [main/DEBUG] [mixin/]: Processing prepare() for PlatformAgent[MixinPlatformAgentDefault:SecureJarResource(cloth_config)]
[01lug2025 17:12:56.705] [main/DEBUG] [mixin/]: Adding mixin platform agents for container SecureJarResource(immersiveores)
[01lug2025 17:12:56.705] [main/DEBUG] [mixin/]: Instancing new MixinPlatformAgentMinecraftForge for SecureJarResource(immersiveores)
[01lug2025 17:12:56.705] [main/DEBUG] [mixin/]: MixinPlatformAgentMinecraftForge rejected container SecureJarResource(immersiveores)
[01lug2025 17:12:56.705] [main/DEBUG] [mixin/]: Instancing new MixinPlatformAgentDefault for SecureJarResource(immersiveores)
[01lug2025 17:12:56.705] [main/DEBUG] [mixin/]: MixinPlatformAgentDefault accepted container SecureJarResource(immersiveores)
[01lug2025 17:12:56.705] [main/DEBUG] [mixin/]: Instancing new FMLMixinPlatformAgent for SecureJarResource(immersiveores)
[01lug2025 17:12:56.705] [main/DEBUG] [mixin/]: FMLMixinPlatformAgent rejected container SecureJarResource(immersiveores)
[01lug2025 17:12:56.705] [main/DEBUG] [mixin/]: Processing prepare() for PlatformAgent[MixinPlatformAgentDefault:SecureJarResource(immersiveores)]
[01lug2025 17:12:56.705] [main/DEBUG] [mixin/]: Adding mixin platform agents for container SecureJarResource(architectury)
[01lug2025 17:12:56.705] [main/DEBUG] [mixin/]: Instancing new MixinPlatformAgentMinecraftForge for SecureJarResource(architectury)
[01lug2025 17:12:56.705] [main/DEBUG] [mixin/]: MixinPlatformAgentMinecraftForge rejected container SecureJarResource(architectury)
[01lug2025 17:12:56.705] [main/DEBUG] [mixin/]: Instancing new MixinPlatformAgentDefault for SecureJarResource(architectury)
[01lug2025 17:12:56.705] [main/DEBUG] [mixin/]: MixinPlatformAgentDefault accepted container SecureJarResource(architectury)
[01lug2025 17:12:56.705] [main/DEBUG] [mixin/]: Instancing new FMLMixinPlatformAgent for SecureJarResource(architectury)
[01lug2025 17:12:56.705] [main/DEBUG] [mixin/]: FMLMixinPlatformAgent rejected container SecureJarResource(architectury)
[01lug2025 17:12:56.705] [main/DEBUG] [mixin/]: Processing prepare() for PlatformAgent[MixinPlatformAgentDefault:SecureJarResource(architectury)]
[01lug2025 17:12:56.705] [main/DEBUG] [mixin/]: Adding mixin platform agents for container SecureJarResource(jei)
[01lug2025 17:12:56.705] [main/DEBUG] [mixin/]: Instancing new MixinPlatformAgentMinecraftForge for SecureJarResource(jei)
[01lug2025 17:12:56.705] [main/DEBUG] [mixin/]: MixinPlatformAgentMinecraftForge rejected container SecureJarResource(jei)
[01lug2025 17:12:56.705] [main/DEBUG] [mixin/]: Instancing new MixinPlatformAgentDefault for SecureJarResource(jei)
[01lug2025 17:12:56.705] [main/DEBUG] [mixin/]: MixinPlatformAgentDefault accepted container SecureJarResource(jei)
[01lug2025 17:12:56.705] [main/DEBUG] [mixin/]: Instancing new FMLMixinPlatformAgent for SecureJarResource(jei)
[01lug2025 17:12:56.705] [main/DEBUG] [mixin/]: FMLMixinPlatformAgent rejected container SecureJarResource(jei)
[01lug2025 17:12:56.705] [main/DEBUG] [mixin/]: Processing prepare() for PlatformAgent[MixinPlatformAgentDefault:SecureJarResource(jei)]
[01lug2025 17:12:56.706] [main/DEBUG] [mixin/]: Adding mixin platform agents for container SecureJarResource(mixinextras.neoforge)
[01lug2025 17:12:56.706] [main/DEBUG] [mixin/]: Instancing new MixinPlatformAgentMinecraftForge for SecureJarResource(mixinextras.neoforge)
[01lug2025 17:12:56.706] [main/DEBUG] [mixin/]: MixinPlatformAgentMinecraftForge rejected container SecureJarResource(mixinextras.neoforge)
[01lug2025 17:12:56.706] [main/DEBUG] [mixin/]: Instancing new MixinPlatformAgentDefault for SecureJarResource(mixinextras.neoforge)
[01lug2025 17:12:56.706] [main/DEBUG] [mixin/]: MixinPlatformAgentDefault accepted container SecureJarResource(mixinextras.neoforge)
[01lug2025 17:12:56.706] [main/DEBUG] [mixin/]: Instancing new FMLMixinPlatformAgent for SecureJarResource(mixinextras.neoforge)
[01lug2025 17:12:56.706] [main/DEBUG] [mixin/]: FMLMixinPlatformAgent rejected container SecureJarResource(mixinextras.neoforge)
[01lug2025 17:12:56.706] [main/DEBUG] [mixin/]: Processing prepare() for PlatformAgent[MixinPlatformAgentDefault:SecureJarResource(mixinextras.neoforge)]
[01lug2025 17:12:56.706] [main/DEBUG] [mixin/]: Registering mixin config: mixinextras.init.mixins.json source=SecureJarResource(mixinextras.neoforge)
[01lug2025 17:12:56.707] [main/DEBUG] [mixin/]: inject() running with 10 agents
[01lug2025 17:12:56.707] [main/DEBUG] [mixin/]: Processing inject() for PlatformAgent[MixinPlatformAgentDefault:ModLauncher Root Container(ModLauncher:4f56a0a2)]
[01lug2025 17:12:56.707] [main/DEBUG] [mixin/]: Processing inject() for PlatformAgent[MixinPlatformAgentDefault:net.neoforged.fml.loading.mixin.FMLMixinContainerHandle@2d000e80]
[01lug2025 17:12:56.707] [main/DEBUG] [mixin/]: Processing inject() for PlatformAgent[FMLMixinPlatformAgent:null]
[01lug2025 17:12:56.707] [main/DEBUG] [mixin/]: Processing inject() for PlatformAgent[MixinPlatformAgentDefault:SecureJarResource(mixin_synthetic)]
[01lug2025 17:12:56.707] [main/DEBUG] [mixin/]: Processing inject() for PlatformAgent[MixinPlatformAgentDefault:SecureJarResource(minecraft)]
[01lug2025 17:12:56.707] [main/DEBUG] [mixin/]: Processing inject() for PlatformAgent[MixinPlatformAgentDefault:SecureJarResource(roughlyenoughitems)]
[01lug2025 17:12:56.707] [main/DEBUG] [mixin/]: Processing inject() for PlatformAgent[MixinPlatformAgentDefault:SecureJarResource(cloth_config)]
[01lug2025 17:12:56.707] [main/DEBUG] [mixin/]: Processing inject() for PlatformAgent[MixinPlatformAgentDefault:SecureJarResource(immersiveores)]
[01lug2025 17:12:56.707] [main/DEBUG] [mixin/]: Processing inject() for PlatformAgent[MixinPlatformAgentDefault:SecureJarResource(architectury)]
[01lug2025 17:12:56.707] [main/DEBUG] [mixin/]: Processing inject() for PlatformAgent[MixinPlatformAgentDefault:SecureJarResource(jei)]
[01lug2025 17:12:56.707] [main/DEBUG] [mixin/]: Processing inject() for PlatformAgent[MixinPlatformAgentDefault:SecureJarResource(mixinextras.neoforge)]
[01lug2025 17:12:56.707] [main/INFO] [cpw.mods.modlauncher.LaunchServiceHandler/MODLAUNCHER]: Launching target 'forgeclientuserdev' with arguments [--version, 21.0.167, --gameDir, ., --assetsDir, C:\Users\rosar\.gradle\caches\minecraft\assets, --assetIndex, asset-index]
[01lug2025 17:12:56.775] [main/DEBUG] [mixin/]: Preparing mixins for MixinEnvironment[DEFAULT]
[01lug2025 17:12:56.777] [main/DEBUG] [mixin/]: Selecting config rei.mixins.json
[01lug2025 17:12:56.787] [main/DEBUG] [mixin/]: Selecting config immersiveores.mixins.json
[01lug2025 17:12:56.788] [main/WARN] [mixin/]: Reference map 'onlyexcavators.refmap.json' for immersiveores.mixins.json could not be read. If this is a development environment you can ignore this message
[01lug2025 17:12:56.788] [main/DEBUG] [mixin/]: Selecting config architectury.mixins.json
[01lug2025 17:12:56.797] [main/DEBUG] [mixin/]: Selecting config architectury-common.mixins.json
[01lug2025 17:12:56.797] [main/DEBUG] [mixin/]: Selecting config neoforge.mixins.json
[01lug2025 17:12:56.797] [main/DEBUG] [mixin/]: Selecting config mixinextras.init.mixins.json
[01lug2025 17:12:56.844] [main/DEBUG] [MixinExtras|Service/]: com.llamalad7.mixinextras.service.MixinExtrasServiceImpl(version=0.3.5) is taking over from null
[01lug2025 17:12:56.877] [main/DEBUG] [mixin/]: Registering new injector for @Inject with org.spongepowered.asm.mixin.injection.struct.CallbackInjectionInfo
[01lug2025 17:12:56.878] [main/DEBUG] [mixin/]: Registering new injector for @ModifyArg with org.spongepowered.asm.mixin.injection.struct.ModifyArgInjectionInfo
[01lug2025 17:12:56.879] [main/DEBUG] [mixin/]: Registering new injector for @ModifyArgs with org.spongepowered.asm.mixin.injection.struct.ModifyArgsInjectionInfo
[01lug2025 17:12:56.881] [main/DEBUG] [mixin/]: Registering new injector for @Redirect with org.spongepowered.asm.mixin.injection.struct.RedirectInjectionInfo
[01lug2025 17:12:56.882] [main/DEBUG] [mixin/]: Registering new injector for @ModifyVariable with org.spongepowered.asm.mixin.injection.struct.ModifyVariableInjectionInfo
[01lug2025 17:12:56.883] [main/DEBUG] [mixin/]: Registering new injector for @ModifyConstant with org.spongepowered.asm.mixin.injection.struct.ModifyConstantInjectionInfo
[01lug2025 17:12:56.895] [main/DEBUG] [mixin/]: Preparing rei.mixins.json (9)
[01lug2025 17:12:56.915] [main/TRACE] [mixin/]: Added class metadata for net/minecraft/network/PacketEncoder to metadata cache
[01lug2025 17:12:56.923] [main/TRACE] [mixin/]: Added class metadata for net/minecraft/tags/TagLoader to metadata cache
[01lug2025 17:12:56.923] [main/TRACE] [mixin/]: Added class metadata for net/minecraft/tags/TagManager to metadata cache
[01lug2025 17:12:56.933] [main/DEBUG] [net.neoforged.accesstransformer.AccessTransformer/AXFORM]: Transforming net.minecraft.client.multiplayer.ClientPacketListener FIELD commands to access PUBLIC and LEAVE
[01lug2025 17:12:56.933] [main/DEBUG] [net.neoforged.fml.common.asm.RuntimeDistCleaner/DISTXFORM]: Removing Class Annotation: net/minecraft/client/multiplayer/ClientPacketListener @Lnet/neoforged/api/distmarker/OnlyIn;
[01lug2025 17:12:56.945] [main/TRACE] [mixin/]: Added class metadata for net/minecraft/client/multiplayer/ClientPacketListener to metadata cache
[01lug2025 17:12:56.946] [main/DEBUG] [net.neoforged.fml.common.asm.RuntimeDistCleaner/DISTXFORM]: Removing Class Annotation: net/minecraft/client/gui/screens/inventory/EffectRenderingInventoryScreen @Lnet/neoforged/api/distmarker/OnlyIn;
[01lug2025 17:12:56.947] [main/TRACE] [mixin/]: Added class metadata for net/minecraft/client/gui/screens/inventory/EffectRenderingInventoryScreen to metadata cache
[01lug2025 17:12:56.947] [main/DEBUG] [net.neoforged.fml.common.asm.RuntimeDistCleaner/DISTXFORM]: Removing Class Annotation: net/minecraft/client/gui/font/FontSet @Lnet/neoforged/api/distmarker/OnlyIn;
[01lug2025 17:12:56.948] [main/TRACE] [mixin/]: Added class metadata for net/minecraft/client/gui/font/FontSet to metadata cache
[01lug2025 17:12:56.949] [main/DEBUG] [net.neoforged.fml.common.asm.RuntimeDistCleaner/DISTXFORM]: Removing Class Annotation: com/mojang/blaze3d/platform/InputConstants @Lnet/neoforged/api/distmarker/OnlyIn;
[01lug2025 17:12:56.950] [main/TRACE] [mixin/]: Added class metadata for com/mojang/blaze3d/platform/InputConstants to metadata cache
[01lug2025 17:12:56.950] [main/DEBUG] [net.neoforged.fml.common.asm.RuntimeDistCleaner/DISTXFORM]: Removing Class Annotation: com/mojang/blaze3d/platform/InputConstants$Key @Lnet/neoforged/api/distmarker/OnlyIn;
[01lug2025 17:12:56.950] [main/TRACE] [mixin/]: Added class metadata for com/mojang/blaze3d/platform/InputConstants$Key to metadata cache
[01lug2025 17:12:56.950] [main/DEBUG] [net.neoforged.fml.common.asm.RuntimeDistCleaner/DISTXFORM]: Removing Class Annotation: net/minecraft/client/gui/components/toasts/RecipeToast @Lnet/neoforged/api/distmarker/OnlyIn;
[01lug2025 17:12:56.951] [main/TRACE] [mixin/]: Added class metadata for net/minecraft/client/gui/components/toasts/RecipeToast to metadata cache
[01lug2025 17:12:56.951] [main/DEBUG] [mixin/]: Preparing immersiveores.mixins.json (4)
[01lug2025 17:12:56.958] [main/DEBUG] [net.neoforged.accesstransformer.AccessTransformer/AXFORM]: Transforming net.minecraft.client.renderer.LevelRenderer METHOD shouldShowEntityOutlines()Z to access PUBLIC and LEAVE
[01lug2025 17:12:56.958] [main/DEBUG] [net.neoforged.fml.common.asm.RuntimeDistCleaner/DISTXFORM]: Removing Class Annotation: net/minecraft/client/renderer/LevelRenderer @Lnet/neoforged/api/distmarker/OnlyIn;
[01lug2025 17:12:56.967] [main/TRACE] [mixin/]: Added class metadata for net/minecraft/client/renderer/LevelRenderer to metadata cache
[01lug2025 17:12:56.967] [main/DEBUG] [mixin/]: Preparing architectury.mixins.json (11)
[01lug2025 17:12:56.972] [main/DEBUG] [net.neoforged.accesstransformer.AccessTransformer/AXFORM]: Transforming net.minecraft.world.item.BucketItem FIELD content to access PUBLIC and LEAVE
[01lug2025 17:12:56.973] [main/TRACE] [mixin/]: Added class metadata for net/minecraft/world/item/BucketItem to metadata cache
[01lug2025 17:12:56.973] [main/DEBUG] [net.neoforged.accesstransformer.AccessTransformer/AXFORM]: Transforming net.minecraft.world.level.block.LiquidBlock FIELD fluid to access PUBLIC and LEAVE
[01lug2025 17:12:56.974] [main/DEBUG] [net.neoforged.accesstransformer.AccessTransformer/AXFORM]: Transforming net.minecraft.world.level.block.LiquidBlock METHOD <init>(Lnet/minecraft/world/level/material/FlowingFluid;Lnet/minecraft/world/level/block/state/BlockBehaviour$Properties;)V to access PUBLIC and LEAVE
[01lug2025 17:12:56.974] [main/TRACE] [mixin/]: Added class metadata for net/minecraft/world/level/block/LiquidBlock to metadata cache
[01lug2025 17:12:56.975] [main/TRACE] [mixin/]: Added class metadata for net/minecraft/world/level/chunk/storage/ChunkSerializer to metadata cache
[01lug2025 17:12:56.977] [main/TRACE] [mixin/]: Added class metadata for net/minecraft/world/entity/item/FallingBlockEntity to metadata cache
[01lug2025 17:12:56.978] [main/DEBUG] [net.neoforged.accesstransformer.AccessTransformer/AXFORM]: Transforming net.minecraft.world.entity.player.Inventory FIELD compartments to access PUBLIC and LEAVE
[01lug2025 17:12:56.979] [main/TRACE] [mixin/]: Added class metadata for net/minecraft/world/entity/player/Inventory to metadata cache
[01lug2025 17:12:56.980] [main/TRACE] [mixin/]: Added class metadata for dev/architectury/extensions/ItemExtension to metadata cache
[01lug2025 17:12:56.980] [main/TRACE] [mixin/]: Added class metadata for net/neoforged/neoforge/event/level/LevelEvent to metadata cache
[01lug2025 17:12:56.983] [main/DEBUG] [net.neoforged.accesstransformer.AccessTransformer/AXFORM]: Transforming net.minecraft.commands.CommandSourceStack FIELD source to access PUBLIC and LEAVE
[01lug2025 17:12:56.985] [main/TRACE] [mixin/]: Added class metadata for net/minecraft/commands/CommandSourceStack to metadata cache
[01lug2025 17:12:56.987] [main/DEBUG] [net.neoforged.accesstransformer.AccessTransformer/AXFORM]: Transforming net.minecraft.client.multiplayer.ClientLevel FIELD connection to access PUBLIC and LEAVE
[01lug2025 17:12:56.987] [main/DEBUG] [net.neoforged.fml.common.asm.RuntimeDistCleaner/DISTXFORM]: Removing Class Annotation: net/minecraft/client/multiplayer/ClientLevel @Lnet/neoforged/api/distmarker/OnlyIn;
[01lug2025 17:12:56.989] [main/TRACE] [mixin/]: Added class metadata for net/minecraft/client/multiplayer/ClientLevel to metadata cache
[01lug2025 17:12:56.992] [main/DEBUG] [net.neoforged.accesstransformer.AccessTransformer/AXFORM]: Transforming net.minecraft.client.Minecraft FIELD pendingConnection to access PUBLIC and LEAVE
[01lug2025 17:12:56.992] [main/DEBUG] [net.neoforged.fml.common.asm.RuntimeDistCleaner/DISTXFORM]: Removing Class Annotation: net/minecraft/client/Minecraft @Lnet/neoforged/api/distmarker/OnlyIn;
[01lug2025 17:12:56.999] [main/TRACE] [mixin/]: Added class metadata for net/minecraft/client/Minecraft to metadata cache
[01lug2025 17:12:56.999] [main/DEBUG] [mixin/]: Preparing architectury-common.mixins.json (9)
[01lug2025 17:12:57.002] [main/DEBUG] [net.neoforged.accesstransformer.AccessTransformer/AXFORM]: Transforming net.minecraft.world.level.block.Block METHOD popExperience(Lnet/minecraft/server/level/ServerLevel;Lnet/minecraft/core/BlockPos;I)V to access PUBLIC and LEAVE
[01lug2025 17:12:57.003] [main/TRACE] [mixin/]: Added class metadata for net/minecraft/world/level/block/Block to metadata cache
[01lug2025 17:12:57.011] [main/DEBUG] [net.neoforged.coremod.transformer.CoreModBaseTransformer/COREMOD]: Transforming net/minecraft/world/entity/EntityType
[01lug2025 17:12:57.197] [main/TRACE] [mixin/]: Added class metadata for net/minecraft/world/entity/EntityType to metadata cache
[01lug2025 17:12:57.197] [main/TRACE] [mixin/]: Added class metadata for net/minecraft/world/level/material/Fluid to metadata cache
[01lug2025 17:12:57.198] [main/TRACE] [mixin/]: Added class metadata for net/minecraft/world/food/FoodProperties$Builder to metadata cache
[01lug2025 17:12:57.199] [main/DEBUG] [net.neoforged.accesstransformer.AccessTransformer/AXFORM]: Transforming net.minecraft.world.item.Item FIELD components to access PRIVATE and REMOVEFINAL
[01lug2025 17:12:57.199] [main/DEBUG] [net.neoforged.accesstransformer.AccessTransformer/AXFORM]: Transforming net.minecraft.world.item.Item METHOD getPlayerPOVHitResult(Lnet/minecraft/world/level/Level;Lnet/minecraft/world/entity/player/Player;Lnet/minecraft/world/level/ClipContext$Fluid;)Lnet/minecraft/world/phys/BlockHitResult; to access PUBLIC and LEAVE
[01lug2025 17:12:57.200] [main/TRACE] [mixin/]: Added class metadata for net/minecraft/world/item/Item to metadata cache
[01lug2025 17:12:57.200] [main/TRACE] [mixin/]: Added class metadata for net/minecraft/world/item/Item$Properties to metadata cache
[01lug2025 17:12:57.201] [main/TRACE] [mixin/]: Added class metadata for net/minecraft/world/entity/LightningBolt to metadata cache
[01lug2025 17:12:57.201] [main/DEBUG] [mixin/]: Preparing neoforge.mixins.json (2)
[01lug2025 17:12:57.203] [main/DEBUG] [net.neoforged.accesstransformer.AccessTransformer/AXFORM]: Transforming net.minecraft.world.level.block.entity.BlockEntityType INNERCLASS BlockEntitySupplier to access PUBLIC and LEAVE
[01lug2025 17:12:57.205] [main/TRACE] [mixin/]: Added class metadata for net/minecraft/world/level/block/entity/BlockEntityType to metadata cache
[01lug2025 17:12:57.206] [main/TRACE] [mixin/]: Added class metadata for net/minecraft/core/MappedRegistry to metadata cache
[01lug2025 17:12:57.206] [main/DEBUG] [mixin/]: Preparing mixinextras.init.mixins.json (0)
[01lug2025 17:12:57.216] [main/TRACE] [mixin/]: Added class metadata for java/lang/invoke/MethodHandles$Lookup to metadata cache
[01lug2025 17:12:57.216] [main/TRACE] [mixin/]: Added class metadata for java/util/Map$Entry to metadata cache
[01lug2025 17:12:57.217] [main/TRACE] [mixin/]: Added class metadata for me/shedaniel/rei/plugin/common/displays/tag/TagNodes$CollectionWrapper to metadata cache
[01lug2025 17:12:57.217] [main/TRACE] [mixin/]: Added class metadata for me/shedaniel/rei/plugin/common/displays/tag/TagNodes$RawTagData to metadata cache
[01lug2025 17:12:57.217] [main/TRACE] [mixin/]: Added class metadata for me/shedaniel/rei/plugin/common/displays/tag/TagNodes$TagData to metadata cache
[01lug2025 17:12:57.217] [main/TRACE] [mixin/]: Added class metadata for net/minecraft/tags/TagLoader$EntryWithSource to metadata cache
[01lug2025 17:12:57.217] [main/TRACE] [mixin/]: Added class metadata for net/minecraft/tags/TagEntry$Lookup to metadata cache
[01lug2025 17:12:57.218] [main/TRACE] [mixin/]: Added class metadata for net/minecraft/core/RegistryAccess$RegistryEntry to metadata cache
[01lug2025 17:12:57.218] [main/TRACE] [mixin/]: Added class metadata for net/minecraft/tags/TagManager$LoadResult to metadata cache
[01lug2025 17:12:57.218] [main/TRACE] [mixin/]: Added class metadata for net/minecraft/core/RegistryAccess$Frozen to metadata cache
[01lug2025 17:12:57.219] [main/DEBUG] [net.neoforged.accesstransformer.AccessTransformer/AXFORM]: Transforming net.minecraft.client.gui.screens.inventory.AbstractContainerScreen FIELD imageWidth to access PUBLIC and LEAVE
[01lug2025 17:12:57.219] [main/DEBUG] [net.neoforged.accesstransformer.AccessTransformer/AXFORM]: Transforming net.minecraft.client.gui.screens.inventory.AbstractContainerScreen FIELD imageHeight to access PUBLIC and LEAVE
[01lug2025 17:12:57.219] [main/DEBUG] [net.neoforged.accesstransformer.AccessTransformer/AXFORM]: Transforming net.minecraft.client.gui.screens.inventory.AbstractContainerScreen FIELD hoveredSlot to access PUBLIC and LEAVE
[01lug2025 17:12:57.219] [main/DEBUG] [net.neoforged.accesstransformer.AccessTransformer/AXFORM]: Transforming net.minecraft.client.gui.screens.inventory.AbstractContainerScreen FIELD leftPos to access PUBLIC and LEAVE
[01lug2025 17:12:57.219] [main/DEBUG] [net.neoforged.accesstransformer.AccessTransformer/AXFORM]: Transforming net.minecraft.client.gui.screens.inventory.AbstractContainerScreen FIELD topPos to access PUBLIC and LEAVE
[01lug2025 17:12:57.219] [main/DEBUG] [net.neoforged.accesstransformer.AccessTransformer/AXFORM]: Transforming net.minecraft.client.gui.screens.inventory.AbstractContainerScreen FIELD draggingItem to access PUBLIC and REMOVEFINAL
[01lug2025 17:12:57.219] [main/DEBUG] [net.neoforged.accesstransformer.AccessTransformer/AXFORM]: Transforming net.minecraft.client.gui.screens.inventory.AbstractContainerScreen FIELD isQuickCrafting to access PUBLIC and LEAVE
[01lug2025 17:12:57.219] [main/DEBUG] [net.neoforged.fml.common.asm.RuntimeDistCleaner/DISTXFORM]: Removing Class Annotation: net/minecraft/client/gui/screens/inventory/AbstractContainerScreen @Lnet/neoforged/api/distmarker/OnlyIn;
[01lug2025 17:12:57.223] [main/TRACE] [mixin/]: Added class metadata for net/minecraft/client/gui/screens/inventory/AbstractContainerScreen to metadata cache
[01lug2025 17:12:57.223] [main/TRACE] [mixin/]: Added class metadata for net/minecraft/world/phys/HitResult$Type to metadata cache
[01lug2025 17:12:57.223] [main/DEBUG] [net.neoforged.fml.common.asm.RuntimeDistCleaner/DISTXFORM]: Removing Class Annotation: net/minecraft/client/renderer/MultiBufferSource$BufferSource @Lnet/neoforged/api/distmarker/OnlyIn;
[01lug2025 17:12:57.224] [main/TRACE] [mixin/]: Added class metadata for net/minecraft/client/renderer/MultiBufferSource$BufferSource to metadata cache
[01lug2025 17:12:57.224] [main/TRACE] [mixin/]: Added class metadata for com/blocklegend001/immersiveores/mixin/LevelRendererExcavatorMixin$1 to metadata cache
[01lug2025 17:12:57.224] [main/TRACE] [mixin/]: Added class metadata for net/minecraft/core/Direction$Axis to metadata cache
[01lug2025 17:12:57.225] [main/TRACE] [mixin/]: Added class metadata for com/blocklegend001/immersiveores/mixin/LevelRendererHammerMixin$1 to metadata cache
[01lug2025 17:12:57.225] [main/TRACE] [mixin/]: Added class metadata for dev/architectury/event/events/common/PlayerEvent$FillBucket to metadata cache
[01lug2025 17:12:57.229] [main/TRACE] [mixin/]: Added class metadata for net/neoforged/neoforge/event/level/ChunkDataEvent$Load to metadata cache
[01lug2025 17:12:57.229] [main/TRACE] [mixin/]: Added class metadata for dev/architectury/event/forge/EventHandlerImplCommon$LevelEventAttachment to metadata cache
[01lug2025 17:12:57.230] [main/TRACE] [mixin/]: Added class metadata for dev/architectury/event/events/common/BlockEvent$FallingLand to metadata cache
[01lug2025 17:12:57.233] [main/DEBUG] [net.neoforged.accesstransformer.AccessTransformer/AXFORM]: Transforming net.minecraft.world.entity.Entity FIELD ENTITY_COUNTER to access PROTECTED and LEAVE
[01lug2025 17:12:57.233] [main/DEBUG] [net.neoforged.accesstransformer.AccessTransformer/AXFORM]: Transforming net.minecraft.world.entity.Entity METHOD getEncodeId()Ljava/lang/String; to access PUBLIC and LEAVE
[01lug2025 17:12:57.241] [main/TRACE] [mixin/]: Added class metadata for net/minecraft/world/entity/Entity to metadata cache
[01lug2025 17:12:57.241] [main/TRACE] [mixin/]: Added class metadata for dev/architectury/event/events/client/ClientCommandRegistrationEvent$ClientCommandSourceStack to metadata cache
[01lug2025 17:12:57.242] [main/DEBUG] [net.neoforged.fml.common.asm.RuntimeDistCleaner/DISTXFORM]: Removing Class Annotation: dev/architectury/event/events/client/ClientTickEvent$ClientLevel @Lnet/neoforged/api/distmarker/OnlyIn;
[01lug2025 17:12:57.242] [main/TRACE] [mixin/]: Added class metadata for dev/architectury/event/events/client/ClientTickEvent$ClientLevel to metadata cache
[01lug2025 17:12:57.243] [main/DEBUG] [net.neoforged.accesstransformer.AccessTransformer/AXFORM]: Transforming net.minecraft.world.level.Level FIELD oRainLevel to access PUBLIC and LEAVE
[01lug2025 17:12:57.243] [main/DEBUG] [net.neoforged.accesstransformer.AccessTransformer/AXFORM]: Transforming net.minecraft.world.level.Level FIELD rainLevel to access PUBLIC and LEAVE
[01lug2025 17:12:57.243] [main/DEBUG] [net.neoforged.accesstransformer.AccessTransformer/AXFORM]: Transforming net.minecraft.world.level.Level FIELD oThunderLevel to access PUBLIC and LEAVE
[01lug2025 17:12:57.243] [main/DEBUG] [net.neoforged.accesstransformer.AccessTransformer/AXFORM]: Transforming net.minecraft.world.level.Level FIELD thunderLevel to access PUBLIC and LEAVE
[01lug2025 17:12:57.245] [main/TRACE] [mixin/]: Added class metadata for net/minecraft/world/level/Level to metadata cache
[01lug2025 17:12:57.246] [main/DEBUG] [net.neoforged.fml.common.asm.RuntimeDistCleaner/DISTXFORM]: Removing Class Annotation: dev/architectury/event/events/client/ClientLifecycleEvent$ClientState @Lnet/neoforged/api/distmarker/OnlyIn;
[01lug2025 17:12:57.246] [main/TRACE] [mixin/]: Added class metadata for dev/architectury/event/events/client/ClientLifecycleEvent$ClientState to metadata cache
[01lug2025 17:12:57.246] [main/TRACE] [mixin/]: Added class metadata for org/spongepowered/asm/mixin/injection/At$Shift to metadata cache
[01lug2025 17:12:57.247] [main/TRACE] [mixin/]: Added class metadata for dev/architectury/event/events/common/LightningEvent$Strike to metadata cache
[01lug2025 17:12:57.249] [main/DEBUG] [mixin/]: Prepared 33 mixins in 0,470 sec (14,2ms avg) (0ms load, 0ms transform, 0ms plugin)
[01lug2025 17:12:57.250] [main/DEBUG] [net.neoforged.fml.common.asm.RuntimeDistCleaner/DISTXFORM]: Removing Class Annotation: net/minecraft/client/gui/screens/LoadingOverlay @Lnet/neoforged/api/distmarker/OnlyIn;
[01lug2025 17:12:57.252] [main/DEBUG] [net.neoforged.fml.common.asm.RuntimeDistCleaner/DISTXFORM]: Removing Class Annotation: net/minecraft/client/gui/screens/Overlay @Lnet/neoforged/api/distmarker/OnlyIn;
[01lug2025 17:12:57.252] [main/DEBUG] [net.neoforged.fml.common.asm.RuntimeDistCleaner/DISTXFORM]: Removing Class Annotation: net/minecraft/client/gui/components/Renderable @Lnet/neoforged/api/distmarker/OnlyIn;
[01lug2025 17:12:57.253] [main/DEBUG] [net.neoforged.fml.common.asm.RuntimeDistCleaner/DISTXFORM]: Removing Class Annotation: net/minecraft/client/renderer/texture/AbstractTexture @Lnet/neoforged/api/distmarker/OnlyIn;
[01lug2025 17:12:57.254] [main/DEBUG] [net.neoforged.fml.common.asm.RuntimeDistCleaner/DISTXFORM]: Removing Class Annotation: net/minecraft/client/gui/screens/LoadingOverlay$LogoTexture @Lnet/neoforged/api/distmarker/OnlyIn;
[01lug2025 17:12:57.255] [main/DEBUG] [net.neoforged.fml.common.asm.RuntimeDistCleaner/DISTXFORM]: Removing Class Annotation: net/minecraft/client/renderer/texture/SimpleTexture @Lnet/neoforged/api/distmarker/OnlyIn;
[01lug2025 17:12:57.257] [main/DEBUG] [net.neoforged.fml.common.asm.RuntimeDistCleaner/DISTXFORM]: Removing Class Annotation: com/mojang/blaze3d/vertex/VertexConsumer @Lnet/neoforged/api/distmarker/OnlyIn;
[01lug2025 17:12:57.259] [main/DEBUG] [net.neoforged.accesstransformer.AccessTransformer/AXFORM]: Transforming net.minecraft.client.gui.GuiGraphics FIELD tooltipStack to access PUBLIC and LEAVE
[01lug2025 17:12:57.259] [main/DEBUG] [net.neoforged.accesstransformer.AccessTransformer/AXFORM]: Transforming net.minecraft.client.gui.GuiGraphics METHOD innerBlit(Lnet/minecraft/resources/ResourceLocation;IIIIIFFFF)V to access PUBLIC and LEAVE
[01lug2025 17:12:57.259] [main/DEBUG] [net.neoforged.accesstransformer.AccessTransformer/AXFORM]: Transforming net.minecraft.client.gui.GuiGraphics METHOD renderTooltipInternal(Lnet/minecraft/client/gui/Font;Ljava/util/List;IILnet/minecraft/client/gui/screens/inventory/tooltip/ClientTooltipPositioner;)V to access PUBLIC and LEAVE
[01lug2025 17:12:57.267] [main/DEBUG] [net.neoforged.fml.common.asm.RuntimeDistCleaner/DISTXFORM]: Removing Class Annotation: net/minecraft/client/gui/GuiGraphics @Lnet/neoforged/api/distmarker/OnlyIn;
[01lug2025 17:12:57.278] [main/DEBUG] [net.neoforged.accesstransformer.AccessTransformer/AXFORM]: Transforming net.minecraft.client.Minecraft FIELD pendingConnection to access PUBLIC and LEAVE
[01lug2025 17:12:57.287] [main/INFO] [MixinExtras|Service/]: Initializing MixinExtras via com.llamalad7.mixinextras.service.MixinExtrasServiceImpl(version=0.3.5).
[01lug2025 17:12:57.289] [main/DEBUG] [mixin/]: Registering new injector for @SugarWrapper with com.llamalad7.mixinextras.sugar.impl.SugarWrapperInjectionInfo
[01lug2025 17:12:57.290] [main/DEBUG] [mixin/]: Registering new injector for @FactoryRedirectWrapper with com.llamalad7.mixinextras.wrapper.factory.FactoryRedirectWrapperInjectionInfo
[01lug2025 17:12:57.302] [main/DEBUG] [mixin/]: Mixing MixinMinecraft from architectury.mixins.json into net.minecraft.client.Minecraft
[01lug2025 17:12:57.307] [main/TRACE] [mixin/]: Added class metadata for net/minecraft/util/thread/ReentrantBlockableEventLoop to metadata cache
[01lug2025 17:12:57.307] [main/DEBUG] [net.neoforged.accesstransformer.AccessTransformer/AXFORM]: Transforming net.minecraft.util.thread.BlockableEventLoop METHOD submitAsync(Ljava/lang/Runnable;)Ljava/util/concurrent/CompletableFuture; to access PUBLIC and LEAVE
[01lug2025 17:12:57.308] [main/TRACE] [mixin/]: Added class metadata for net/minecraft/util/thread/BlockableEventLoop to metadata cache
[01lug2025 17:12:57.308] [main/DEBUG] [mixin/]: architectury.mixins.json:MixinMinecraft from mod architectury: Class version 65 required is higher than the class version supported by the current version of Mixin (JAVA_16 supports class version 60)
[01lug2025 17:12:57.330] [main/DEBUG] [net.neoforged.fml.common.asm.RuntimeDistCleaner/DISTXFORM]: Removing Class Annotation: dev/architectury/event/events/client/ClientLifecycleEvent @Lnet/neoforged/api/distmarker/OnlyIn;
[01lug2025 17:12:57.331] [main/TRACE] [mixin/]: Added class metadata for dev/architectury/event/events/client/ClientLifecycleEvent to metadata cache
[01lug2025 17:12:57.331] [main/TRACE] [mixin/]: Added class metadata for dev/architectury/event/Event to metadata cache
[01lug2025 17:12:57.332] [main/TRACE] [mixin/]: Added class metadata for dev/architectury/event/events/common/LifecycleEvent$InstanceState to metadata cache
[01lug2025 17:12:57.335] [main/TRACE] [mixin/]: Added class metadata for net/minecraft/util/profiling/metrics/ProfilerMeasured to metadata cache
[01lug2025 17:12:57.335] [main/TRACE] [mixin/]: Added class metadata for java/util/concurrent/Executor to metadata cache
[01lug2025 17:12:57.335] [main/TRACE] [mixin/]: Added class metadata for net/minecraft/util/thread/ProcessorHandle to metadata cache
[01lug2025 17:12:57.335] [main/TRACE] [mixin/]: Added class metadata for java/lang/AutoCloseable to metadata cache
[01lug2025 17:12:57.336] [main/TRACE] [mixin/]: Added class metadata for net/neoforged/neoforge/client/extensions/IMinecraftExtension to metadata cache
[01lug2025 17:12:57.336] [main/DEBUG] [net.neoforged.fml.common.asm.RuntimeDistCleaner/DISTXFORM]: Removing Class Annotation: com/mojang/blaze3d/platform/WindowEventHandler @Lnet/neoforged/api/distmarker/OnlyIn;
[01lug2025 17:12:57.336] [main/TRACE] [mixin/]: Added class metadata for com/mojang/blaze3d/platform/WindowEventHandler to metadata cache
[01lug2025 17:12:57.339] [main/TRACE] [mixin/]: Added class metadata for org/spongepowered/asm/mixin/injection/callback/CallbackInfo to metadata cache
[01lug2025 17:12:57.420] [main/DEBUG] [mixin/]: architectury.mixins.json:MixinMinecraft from mod architectury->@Inject::onStart(Lorg/spongepowered/asm/mixin/injection/callback/CallbackInfo;)V doesn't use it's CallbackInfo
[01lug2025 17:12:57.420] [main/DEBUG] [mixin/]: architectury.mixins.json:MixinMinecraft from mod architectury->@Inject::onStart(Lorg/spongepowered/asm/mixin/injection/callback/CallbackInfo;)V has 0 override(s) in child classes
[01lug2025 17:12:57.420] [main/DEBUG] [mixin/]: architectury.mixins.json:MixinMinecraft from mod architectury->@Inject::onStart(Lorg/spongepowered/asm/mixin/injection/callback/CallbackInfo;)V won't be passed a CallbackInfo as a result
[01lug2025 17:12:57.420] [main/DEBUG] [mixin/]: architectury.mixins.json:MixinMinecraft from mod architectury->@Inject::onStopping(Lorg/spongepowered/asm/mixin/injection/callback/CallbackInfo;)V doesn't use it's CallbackInfo
[01lug2025 17:12:57.420] [main/DEBUG] [mixin/]: architectury.mixins.json:MixinMinecraft from mod architectury->@Inject::onStopping(Lorg/spongepowered/asm/mixin/injection/callback/CallbackInfo;)V has 0 override(s) in child classes
[01lug2025 17:12:57.420] [main/DEBUG] [mixin/]: architectury.mixins.json:MixinMinecraft from mod architectury->@Inject::onStopping(Lorg/spongepowered/asm/mixin/injection/callback/CallbackInfo;)V won't be passed a CallbackInfo as a result
[01lug2025 17:12:57.423] [main/DEBUG] [net.neoforged.fml.common.asm.RuntimeDistCleaner/DISTXFORM]: Removing Class Annotation: net/minecraft/client/Minecraft @Lnet/neoforged/api/distmarker/OnlyIn;
[01lug2025 17:12:57.428] [main/DEBUG] [net.neoforged.accesstransformer.AccessTransformer/AXFORM]: Transforming net.minecraft.util.thread.BlockableEventLoop METHOD submitAsync(Ljava/lang/Runnable;)Ljava/util/concurrent/CompletableFuture; to access PUBLIC and LEAVE
[01lug2025 17:12:57.431] [main/DEBUG] [net.neoforged.fml.common.asm.RuntimeDistCleaner/DISTXFORM]: Removing Class Annotation: com/mojang/blaze3d/platform/WindowEventHandler @Lnet/neoforged/api/distmarker/OnlyIn;
[01lug2025 17:12:57.433] [main/DEBUG] [net.neoforged.accesstransformer.AccessTransformer/AXFORM]: Transforming net.minecraft.client.gui.screens.Screen FIELD narratables to access PUBLIC and LEAVE
[01lug2025 17:12:57.433] [main/DEBUG] [net.neoforged.accesstransformer.AccessTransformer/AXFORM]: Transforming net.minecraft.client.gui.screens.Screen FIELD renderables to access PUBLIC and LEAVE
[01lug2025 17:12:57.433] [main/DEBUG] [net.neoforged.accesstransformer.AccessTransformer/AXFORM]: Transforming net.minecraft.client.gui.screens.Screen METHOD addRenderableWidget(Lnet/minecraft/client/gui/components/events/GuiEventListener;)Lnet/minecraft/client/gui/components/events/GuiEventListener; to access PUBLIC and LEAVE
[01lug2025 17:12:57.433] [main/DEBUG] [net.neoforged.accesstransformer.AccessTransformer/AXFORM]: Transforming net.minecraft.client.gui.screens.Screen METHOD addRenderableOnly(Lnet/minecraft/client/gui/components/Renderable;)Lnet/minecraft/client/gui/components/Renderable; to access PUBLIC and LEAVE
[01lug2025 17:12:57.433] [main/DEBUG] [net.neoforged.accesstransformer.AccessTransformer/AXFORM]: Transforming net.minecraft.client.gui.screens.Screen METHOD addWidget(Lnet/minecraft/client/gui/components/events/GuiEventListener;)Lnet/minecraft/client/gui/components/events/GuiEventListener; to access PUBLIC and LEAVE
[01lug2025 17:12:57.433] [main/DEBUG] [net.neoforged.accesstransformer.AccessTransformer/AXFORM]: Transforming net.minecraft.client.gui.screens.Screen METHOD insertText(Ljava/lang/String;Z)V to access PUBLIC and LEAVE
[01lug2025 17:12:57.433] [main/DEBUG] [net.neoforged.accesstransformer.AccessTransformer/AXFORM]: Transforming net.minecraft.client.gui.screens.Screen METHOD init(Lnet/minecraft/client/Minecraft;II)V to access PROTECTED and LEAVE
[01lug2025 17:12:57.433] [main/DEBUG] [net.neoforged.accesstransformer.AccessTransformer/AXFORM]: Transforming net.minecraft.client.gui.screens.Screen METHOD init()V to access PUBLIC and LEAVE
[01lug2025 17:12:57.433] [main/DEBUG] [net.neoforged.accesstransformer.AccessTransformer/AXFORM]: Transforming net.minecraft.client.gui.screens.Screen METHOD isValidCharacterForName(Ljava/lang/String;CI)Z to access PUBLIC and LEAVE
[01lug2025 17:12:57.433] [main/DEBUG] [net.neoforged.fml.common.asm.RuntimeDistCleaner/DISTXFORM]: Removing Class Annotation: net/minecraft/client/gui/screens/Screen @Lnet/neoforged/api/distmarker/OnlyIn;
[01lug2025 17:12:57.435] [main/DEBUG] [net.neoforged.fml.common.asm.RuntimeDistCleaner/DISTXFORM]: Removing Class Annotation: net/minecraft/client/gui/components/events/AbstractContainerEventHandler @Lnet/neoforged/api/distmarker/OnlyIn;
[01lug2025 17:12:57.435] [main/DEBUG] [net.neoforged.fml.common.asm.RuntimeDistCleaner/DISTXFORM]: Removing Class Annotation: net/minecraft/client/gui/components/events/ContainerEventHandler @Lnet/neoforged/api/distmarker/OnlyIn;
[01lug2025 17:12:57.436] [main/DEBUG] [net.neoforged.fml.common.asm.RuntimeDistCleaner/DISTXFORM]: Removing Class Annotation: net/minecraft/client/gui/components/events/GuiEventListener @Lnet/neoforged/api/distmarker/OnlyIn;
[01lug2025 17:12:57.436] [main/DEBUG] [net.neoforged.fml.common.asm.RuntimeDistCleaner/DISTXFORM]: Removing Class Annotation: net/minecraft/client/gui/components/TabOrderedElement @Lnet/neoforged/api/distmarker/OnlyIn;
[01lug2025 17:12:57.437] [main/DEBUG] [net.neoforged.fml.common.asm.RuntimeDistCleaner/DISTXFORM]: Removing Class Annotation: net/minecraft/client/gui/screens/DeathScreen @Lnet/neoforged/api/distmarker/OnlyIn;
[01lug2025 17:12:57.438] [main/DEBUG] [net.neoforged.fml.common.asm.RuntimeDistCleaner/DISTXFORM]: Removing Class Annotation: net/minecraft/client/gui/screens/TitleScreen @Lnet/neoforged/api/distmarker/OnlyIn;
[01lug2025 17:12:57.441] [main/DEBUG] [net.neoforged.fml.common.asm.RuntimeDistCleaner/DISTXFORM]: Removing Class Annotation: net/minecraft/client/multiplayer/ServerData @Lnet/neoforged/api/distmarker/OnlyIn;
[01lug2025 17:12:57.447] [main/DEBUG] [net.neoforged.accesstransformer.AccessTransformer/AXFORM]: Transforming net.minecraft.world.entity.Entity FIELD ENTITY_COUNTER to access PROTECTED and LEAVE
[01lug2025 17:12:57.447] [main/DEBUG] [net.neoforged.accesstransformer.AccessTransformer/AXFORM]: Transforming net.minecraft.world.entity.Entity METHOD getEncodeId()Ljava/lang/String; to access PUBLIC and LEAVE
[01lug2025 17:12:57.456] [main/DEBUG] [net.neoforged.fml.common.asm.RuntimeDistCleaner/DISTXFORM]: Removing Class Annotation: com/mojang/blaze3d/platform/WindowEventHandler @Lnet/neoforged/api/distmarker/OnlyIn;
[01lug2025 17:12:57.459] [main/DEBUG] [net.neoforged.accesstransformer.AccessTransformer/AXFORM]: Transforming net.minecraft.util.thread.BlockableEventLoop METHOD submitAsync(Ljava/lang/Runnable;)Ljava/util/concurrent/CompletableFuture; to access PUBLIC and LEAVE
[01lug2025 17:12:57.764] [main/DEBUG] [io.netty.util.internal.logging.InternalLoggerFactory/]: Using SLF4J as the default logging framework
[01lug2025 17:12:57.767] [main/DEBUG] [io.netty.util.ResourceLeakDetector/]: -Dio.netty.leakDetection.level: simple
[01lug2025 17:12:57.767] [main/DEBUG] [io.netty.util.ResourceLeakDetector/]: -Dio.netty.leakDetection.targetRecords: 4
[01lug2025 17:12:58.377] [main/DEBUG] [oshi.util.FileUtil/]: No oshi.properties file found from ClassLoader cpw.mods.modlauncher.TransformingClassLoader@766a49c7
[01lug2025 17:12:58.627] [Datafixer Bootstrap/INFO] [com.mojang.datafixers.DataFixerBuilder/]: 229 Datafixer optimizations took 277 milliseconds
[01lug2025 17:12:58.739] [main/DEBUG] [oshi.util.FileUtil/]: No oshi.architecture.properties file found from ClassLoader cpw.mods.modlauncher.TransformingClassLoader@766a49c7
[01lug2025 17:12:58.808] [pool-11-thread-1/DEBUG] [mixin/]: Mixing MappedRegistryAccessor from neoforge.mixins.json into net.minecraft.core.MappedRegistry
[01lug2025 17:12:58.809] [pool-11-thread-1/DEBUG] [mixin/]: neoforge.mixins.json:MappedRegistryAccessor from mod neoforge: Class version 65 required is higher than the class version supported by the current version of Mixin (JAVA_16 supports class version 60)
[01lug2025 17:12:58.875] [pool-11-thread-1/DEBUG] [mixin/]: Mixing inject.MixinBlock from architectury-common.mixins.json into net.minecraft.world.level.block.Block
[01lug2025 17:12:58.877] [pool-11-thread-1/DEBUG] [mixin/]: architectury-common.mixins.json:inject.MixinBlock from mod architectury: Class version 65 required is higher than the class version supported by the current version of Mixin (JAVA_16 supports class version 60)
[01lug2025 17:12:59.142] [pool-11-thread-1/DEBUG] [net.neoforged.coremod.transformer.CoreModBaseTransformer/COREMOD]: Transforming net/minecraft/world/level/block/FlowerPotBlock
[01lug2025 17:12:59.152] [pool-11-thread-1/DEBUG] [mixin/]: Mixing neoforge.LiquidBlockAccessor from architectury.mixins.json into net.minecraft.world.level.block.LiquidBlock
[01lug2025 17:12:59.152] [pool-11-thread-1/DEBUG] [mixin/]: architectury.mixins.json:neoforge.LiquidBlockAccessor from mod architectury: Class version 65 required is higher than the class version supported by the current version of Mixin (JAVA_16 supports class version 60)
[01lug2025 17:12:59.152] [pool-11-thread-1/DEBUG] [mixin/]: Mixing inject.MixinLiquidBlock from architectury-common.mixins.json into net.minecraft.world.level.block.LiquidBlock
[01lug2025 17:12:59.153] [pool-11-thread-1/DEBUG] [mixin/]: architectury-common.mixins.json:inject.MixinLiquidBlock from mod architectury: Class version 65 required is higher than the class version supported by the current version of Mixin (JAVA_16 supports class version 60)
[01lug2025 17:12:59.298] [pool-11-thread-1/DEBUG] [net.neoforged.coremod.transformer.CoreModBaseTransformer/COREMOD]: Transforming net/minecraft/world/entity/EntityType
[01lug2025 17:12:59.319] [pool-11-thread-1/DEBUG] [mixin/]: Mixing inject.MixinEntityType from architectury-common.mixins.json into net.minecraft.world.entity.EntityType
[01lug2025 17:12:59.319] [pool-11-thread-1/DEBUG] [mixin/]: architectury-common.mixins.json:inject.MixinEntityType from mod architectury: Class version 65 required is higher than the class version supported by the current version of Mixin (JAVA_16 supports class version 60)
[01lug2025 17:12:59.343] [pool-11-thread-1/DEBUG] [mixin/]: Mixing inject.MixinFluid from architectury-common.mixins.json into net.minecraft.world.level.material.Fluid
[01lug2025 17:12:59.343] [pool-11-thread-1/DEBUG] [mixin/]: architectury-common.mixins.json:inject.MixinFluid from mod architectury: Class version 65 required is higher than the class version supported by the current version of Mixin (JAVA_16 supports class version 60)
[01lug2025 17:12:59.407] [pool-11-thread-1/DEBUG] [mixin/]: Mixing MixinFallingBlockEntity from architectury.mixins.json into net.minecraft.world.entity.item.FallingBlockEntity
[01lug2025 17:12:59.408] [pool-11-thread-1/DEBUG] [mixin/]: architectury.mixins.json:MixinFallingBlockEntity from mod architectury: Class version 65 required is higher than the class version supported by the current version of Mixin (JAVA_16 supports class version 60)
[01lug2025 17:12:59.424] [pool-11-thread-1/DEBUG] [mixin/]: architectury.mixins.json:MixinFallingBlockEntity from mod architectury->@Inject::handleLand(Lorg/spongepowered/asm/mixin/injection/callback/CallbackInfo;Lnet/minecraft/world/level/block/Block;Lnet/minecraft/core/BlockPos;ZZDLnet/minecraft/world/level/block/state/BlockState;)V doesn't use it's CallbackInfo
[01lug2025 17:12:59.424] [pool-11-thread-1/DEBUG] [mixin/]: architectury.mixins.json:MixinFallingBlockEntity from mod architectury->@Inject::handleLand(Lorg/spongepowered/asm/mixin/injection/callback/CallbackInfo;Lnet/minecraft/world/level/block/Block;Lnet/minecraft/core/BlockPos;ZZDLnet/minecraft/world/level/block/state/BlockState;)V has 0 override(s) in child classes
[01lug2025 17:12:59.424] [pool-11-thread-1/DEBUG] [mixin/]: architectury.mixins.json:MixinFallingBlockEntity from mod architectury->@Inject::handleLand(Lorg/spongepowered/asm/mixin/injection/callback/CallbackInfo;Lnet/minecraft/world/level/block/Block;Lnet/minecraft/core/BlockPos;ZZDLnet/minecraft/world/level/block/state/BlockState;)V won't be passed a CallbackInfo as a result
[01lug2025 17:12:59.706] [pool-11-thread-1/DEBUG] [mixin/]: Mixing BlockEntityTypeAccessor from neoforge.mixins.json into net.minecraft.world.level.block.entity.BlockEntityType
[01lug2025 17:12:59.706] [pool-11-thread-1/DEBUG] [mixin/]: neoforge.mixins.json:BlockEntityTypeAccessor from mod neoforge: Class version 65 required is higher than the class version supported by the current version of Mixin (JAVA_16 supports class version 60)
[01lug2025 17:12:59.901] [pool-11-thread-1/DEBUG] [net.neoforged.coremod.transformer.CoreModBaseTransformer/COREMOD]: Transforming net/minecraft/world/level/biome/Biome
[01lug2025 17:13:00.303] [pool-11-thread-1/DEBUG] [net.neoforged.coremod.transformer.CoreModBaseTransformer/COREMOD]: Transforming net/minecraft/world/entity/animal/frog/Tadpole
[01lug2025 17:13:00.721] [pool-11-thread-1/DEBUG] [mixin/]: Mixing inject.MixinItem from architectury-common.mixins.json into net.minecraft.world.item.Item
[01lug2025 17:13:00.721] [pool-11-thread-1/DEBUG] [mixin/]: architectury-common.mixins.json:inject.MixinItem from mod architectury: Class version 65 required is higher than the class version supported by the current version of Mixin (JAVA_16 supports class version 60)
[01lug2025 17:13:00.726] [pool-11-thread-1/DEBUG] [mixin/]: architectury-common.mixins.json:inject.MixinItem from mod architectury->@Inject::init(Lnet/minecraft/world/item/Item$Properties;Lorg/spongepowered/asm/mixin/injection/callback/CallbackInfo;)V doesn't use it's CallbackInfo
[01lug2025 17:13:00.726] [pool-11-thread-1/DEBUG] [mixin/]: architectury-common.mixins.json:inject.MixinItem from mod architectury->@Inject::init(Lnet/minecraft/world/item/Item$Properties;Lorg/spongepowered/asm/mixin/injection/callback/CallbackInfo;)V has 0 override(s) in child classes
[01lug2025 17:13:00.726] [pool-11-thread-1/DEBUG] [mixin/]: architectury-common.mixins.json:inject.MixinItem from mod architectury->@Inject::init(Lnet/minecraft/world/item/Item$Properties;Lorg/spongepowered/asm/mixin/injection/callback/CallbackInfo;)V won't be passed a CallbackInfo as a result
[01lug2025 17:13:00.739] [pool-11-thread-1/DEBUG] [mixin/]: Mixing neoforge.MixinBucketItem from architectury.mixins.json into net.minecraft.world.item.BucketItem
[01lug2025 17:13:00.739] [pool-11-thread-1/DEBUG] [mixin/]: architectury.mixins.json:neoforge.MixinBucketItem from mod architectury: Class version 65 required is higher than the class version supported by the current version of Mixin (JAVA_16 supports class version 60)
[01lug2025 17:13:00.741] [pool-11-thread-1/DEBUG] [mixin/]: Mixing neoforge.BucketItemAccessor from architectury.mixins.json into net.minecraft.world.item.BucketItem
[01lug2025 17:13:00.741] [pool-11-thread-1/DEBUG] [mixin/]: architectury.mixins.json:neoforge.BucketItemAccessor from mod architectury: Class version 65 required is higher than the class version supported by the current version of Mixin (JAVA_16 supports class version 60)
[01lug2025 17:13:00.741] [pool-11-thread-1/DEBUG] [mixin/]: Mixing inject.MixinBucketItem from architectury-common.mixins.json into net.minecraft.world.item.BucketItem
[01lug2025 17:13:00.741] [pool-11-thread-1/DEBUG] [mixin/]: architectury-common.mixins.json:inject.MixinBucketItem from mod architectury: Class version 65 required is higher than the class version supported by the current version of Mixin (JAVA_16 supports class version 60)
[01lug2025 17:13:00.755] [pool-11-thread-1/DEBUG] [mixin/]: architectury.mixins.json:neoforge.MixinBucketItem from mod architectury->@Inject::fillBucket(Lnet/minecraft/world/level/Level;Lnet/minecraft/world/entity/player/Player;Lnet/minecraft/world/InteractionHand;Lorg/spongepowered/asm/mixin/injection/callback/CallbackInfoReturnable;Lnet/minecraft/world/item/ItemStack;Lnet/minecraft/world/phys/BlockHitResult;)V does use it's CallbackInfoReturnable
[01lug2025 17:13:00.794] [pool-11-thread-1/DEBUG] [mixin/]: Mixing inject.MixinItemProperties from architectury-common.mixins.json into net.minecraft.world.item.Item$Properties
[01lug2025 17:13:00.794] [pool-11-thread-1/DEBUG] [mixin/]: architectury-common.mixins.json:inject.MixinItemProperties from mod architectury: Class version 65 required is higher than the class version supported by the current version of Mixin (JAVA_16 supports class version 60)
[01lug2025 17:13:00.827] [pool-11-thread-1/DEBUG] [io.netty.util.internal.PlatformDependent0/]: -Dio.netty.noUnsafe: false
[01lug2025 17:13:00.827] [pool-11-thread-1/DEBUG] [io.netty.util.internal.PlatformDependent0/]: Java version: 21
[01lug2025 17:13:00.828] [pool-11-thread-1/DEBUG] [io.netty.util.internal.PlatformDependent0/]: sun.misc.Unsafe.theUnsafe: available
[01lug2025 17:13:00.828] [pool-11-thread-1/DEBUG] [io.netty.util.internal.PlatformDependent0/]: sun.misc.Unsafe.copyMemory: available
[01lug2025 17:13:00.828] [pool-11-thread-1/DEBUG] [io.netty.util.internal.PlatformDependent0/]: sun.misc.Unsafe.storeFence: available
[01lug2025 17:13:00.828] [pool-11-thread-1/DEBUG] [io.netty.util.internal.PlatformDependent0/]: java.nio.Buffer.address: available
[01lug2025 17:13:00.829] [pool-11-thread-1/DEBUG] [io.netty.util.internal.PlatformDependent0/]: java.nio.Bits.unaligned: available, true
[01lug2025 17:13:00.830] [pool-11-thread-1/DEBUG] [io.netty.util.internal.PlatformDependent0/]: java.nio.DirectByteBuffer.<init>(long, {int,long}): unavailable
[01lug2025 17:13:00.830] [pool-11-thread-1/DEBUG] [io.netty.util.internal.PlatformDependent/]: sun.misc.Unsafe: available
[01lug2025 17:13:00.830] [pool-11-thread-1/DEBUG] [io.netty.util.internal.PlatformDependent/]: maxDirectMemory: 4219469824 bytes (maybe)
[01lug2025 17:13:00.830] [pool-11-thread-1/DEBUG] [io.netty.util.internal.PlatformDependent/]: -Dio.netty.tmpdir: C:\Users\rosar\AppData\Local\Temp (java.io.tmpdir)
[01lug2025 17:13:00.831] [pool-11-thread-1/DEBUG] [io.netty.util.internal.PlatformDependent/]: -Dio.netty.bitMode: 64 (sun.arch.data.model)
[01lug2025 17:13:00.831] [pool-11-thread-1/DEBUG] [io.netty.util.internal.PlatformDependent/]: Platform: Windows
[01lug2025 17:13:00.831] [pool-11-thread-1/DEBUG] [io.netty.util.internal.PlatformDependent/]: -Dio.netty.maxDirectMemory: -1 bytes
[01lug2025 17:13:00.831] [pool-11-thread-1/DEBUG] [io.netty.util.internal.PlatformDependent/]: -Dio.netty.uninitializedArrayAllocationThreshold: -1
[01lug2025 17:13:00.832] [pool-11-thread-1/DEBUG] [io.netty.util.internal.CleanerJava9/]: java.nio.ByteBuffer.cleaner(): available
[01lug2025 17:13:00.832] [pool-11-thread-1/DEBUG] [io.netty.util.internal.PlatformDependent/]: -Dio.netty.noPreferDirect: false
[01lug2025 17:13:01.040] [pool-11-thread-1/DEBUG] [net.neoforged.coremod.transformer.CoreModBaseTransformer/COREMOD]: Transforming net/minecraft/world/entity/monster/Spider
[01lug2025 17:13:01.084] [pool-11-thread-1/DEBUG] [net.neoforged.coremod.transformer.CoreModBaseTransformer/COREMOD]: Transforming net/minecraft/world/entity/monster/Zombie
[01lug2025 17:13:01.110] [pool-11-thread-1/DEBUG] [net.neoforged.coremod.transformer.CoreModBaseTransformer/COREMOD]: Transforming net/minecraft/world/entity/monster/ZombieVillager
[01lug2025 17:13:01.188] [pool-11-thread-1/DEBUG] [net.neoforged.coremod.transformer.CoreModBaseTransformer/COREMOD]: Transforming net/minecraft/world/entity/monster/Evoker$EvokerSummonSpellGoal
[01lug2025 17:13:01.234] [pool-11-thread-1/DEBUG] [mixin/]: Mixing MixinLightningBolt from architectury-common.mixins.json into net.minecraft.world.entity.LightningBolt
[01lug2025 17:13:01.234] [pool-11-thread-1/DEBUG] [mixin/]: architectury-common.mixins.json:MixinLightningBolt from mod architectury: Class version 65 required is higher than the class version supported by the current version of Mixin (JAVA_16 supports class version 60)
[01lug2025 17:13:01.241] [pool-11-thread-1/DEBUG] [mixin/]: architectury-common.mixins.json:MixinLightningBolt from mod architectury->@Inject::handleLightning(Lorg/spongepowered/asm/mixin/injection/callback/CallbackInfo;Ljava/util/List;)V doesn't use it's CallbackInfo
[01lug2025 17:13:01.242] [pool-11-thread-1/DEBUG] [mixin/]: architectury-common.mixins.json:MixinLightningBolt from mod architectury->@Inject::handleLightning(Lorg/spongepowered/asm/mixin/injection/callback/CallbackInfo;Ljava/util/List;)V has 0 override(s) in child classes
[01lug2025 17:13:01.242] [pool-11-thread-1/DEBUG] [mixin/]: architectury-common.mixins.json:MixinLightningBolt from mod architectury->@Inject::handleLightning(Lorg/spongepowered/asm/mixin/injection/callback/CallbackInfo;Ljava/util/List;)V won't be passed a CallbackInfo as a result
[01lug2025 17:13:01.288] [pool-11-thread-1/DEBUG] [net.neoforged.coremod.transformer.CoreModBaseTransformer/COREMOD]: Transforming net/minecraft/world/entity/animal/horse/SkeletonTrapGoal
[01lug2025 17:13:01.297] [pool-11-thread-1/DEBUG] [net.neoforged.coremod.transformer.CoreModBaseTransformer/COREMOD]: Transforming net/minecraft/world/entity/monster/Strider
[01lug2025 17:13:01.320] [pool-11-thread-1/DEBUG] [net.neoforged.coremod.transformer.CoreModBaseTransformer/COREMOD]: Transforming net/minecraft/world/entity/npc/Villager
[01lug2025 17:13:01.392] [pool-11-thread-1/DEBUG] [mixin/]: Mixing inject.MixinFoodPropertiesBuilder from architectury-common.mixins.json into net.minecraft.world.food.FoodProperties$Builder
[01lug2025 17:13:01.392] [pool-11-thread-1/DEBUG] [mixin/]: architectury-common.mixins.json:inject.MixinFoodPropertiesBuilder from mod architectury: Class version 65 required is higher than the class version supported by the current version of Mixin (JAVA_16 supports class version 60)
[01lug2025 17:13:01.688] [pool-11-thread-1/DEBUG] [mixin/]: Mixing MixinInventory from architectury.mixins.json into net.minecraft.world.entity.player.Inventory
[01lug2025 17:13:01.688] [pool-11-thread-1/DEBUG] [mixin/]: architectury.mixins.json:MixinInventory from mod architectury: Class version 65 required is higher than the class version supported by the current version of Mixin (JAVA_16 supports class version 60)
[01lug2025 17:13:01.692] [pool-11-thread-1/DEBUG] [mixin/]: architectury.mixins.json:MixinInventory from mod architectury->@Inject::updateItems(Lorg/spongepowered/asm/mixin/injection/callback/CallbackInfo;)V doesn't use it's CallbackInfo
[01lug2025 17:13:01.692] [pool-11-thread-1/DEBUG] [mixin/]: architectury.mixins.json:MixinInventory from mod architectury->@Inject::updateItems(Lorg/spongepowered/asm/mixin/injection/callback/CallbackInfo;)V has 0 override(s) in child classes
[01lug2025 17:13:01.692] [pool-11-thread-1/DEBUG] [mixin/]: architectury.mixins.json:MixinInventory from mod architectury->@Inject::updateItems(Lorg/spongepowered/asm/mixin/injection/callback/CallbackInfo;)V won't be passed a CallbackInfo as a result
[01lug2025 17:13:02.008] [pool-11-thread-1/DEBUG] [net.neoforged.coremod.transformer.CoreModBaseTransformer/COREMOD]: Transforming net/minecraft/world/level/levelgen/structure/Structure
[01lug2025 17:13:02.026] [pool-11-thread-1/DEBUG] [net.neoforged.coremod.transformer.CoreModBaseTransformer/COREMOD]: Transforming net/minecraft/world/level/levelgen/structure/structures/OceanRuinPieces$OceanRuinPiece
[01lug2025 17:13:02.031] [pool-11-thread-1/DEBUG] [net.neoforged.coremod.transformer.CoreModBaseTransformer/COREMOD]: Transforming net/minecraft/world/level/levelgen/structure/structures/SwampHutPiece
[01lug2025 17:13:02.034] [pool-11-thread-1/DEBUG] [net.neoforged.coremod.transformer.CoreModBaseTransformer/COREMOD]: Transforming net/minecraft/world/level/levelgen/structure/structures/OceanMonumentPieces$OceanMonumentPiece
[01lug2025 17:13:02.042] [pool-11-thread-1/DEBUG] [net.neoforged.coremod.transformer.CoreModBaseTransformer/COREMOD]: Transforming net/minecraft/world/level/levelgen/structure/structures/WoodlandMansionPieces$WoodlandMansionPiece
[01lug2025 17:13:02.380] [pool-11-thread-1/DEBUG] [net.neoforged.neoforge.registries.GameData/REGISTRIES]: Creating vanilla freeze snapshot
[01lug2025 17:13:02.399] [pool-11-thread-1/DEBUG] [net.neoforged.neoforge.registries.GameData/REGISTRIES]: Vanilla freeze snapshot created
[01lug2025 17:13:02.449] [main/DEBUG] [mixin/]: Mixing MixinLevelEvent from architectury.mixins.json into net.neoforged.neoforge.event.level.LevelEvent
[01lug2025 17:13:02.449] [main/DEBUG] [mixin/]: architectury.mixins.json:MixinLevelEvent from mod architectury: Class version 65 required is higher than the class version supported by the current version of Mixin (JAVA_16 supports class version 60)
[01lug2025 17:13:02.669] [main/DEBUG] [mixin/]: Mixing client.MixinCommandSourceStack from architectury.mixins.json into net.minecraft.commands.CommandSourceStack
[01lug2025 17:13:02.669] [main/DEBUG] [mixin/]: architectury.mixins.json:client.MixinCommandSourceStack from mod architectury: Class version 65 required is higher than the class version supported by the current version of Mixin (JAVA_16 supports class version 60)
[01lug2025 17:13:02.753] [main/DEBUG] [net.neoforged.coremod.transformer.CoreModBaseTransformer/COREMOD]: Transforming net/minecraft/server/commands/SummonCommand
[01lug2025 17:13:02.809] [main/DEBUG] [net.neoforged.coremod.transformer.CoreModBaseTransformer/COREMOD]: Transforming net/minecraft/server/commands/RaidCommand
[01lug2025 17:13:02.857] [main/WARN] [net.minecraft.commands.Commands/]: Ambiguity between arguments [teleport, location] and [teleport, destination] with inputs: [0.1 -0.5 .9, 0 0 0]
[01lug2025 17:13:02.857] [main/WARN] [net.minecraft.commands.Commands/]: Ambiguity between arguments [teleport, location] and [teleport, targets] with inputs: [0.1 -0.5 .9, 0 0 0]
[01lug2025 17:13:02.859] [main/WARN] [net.minecraft.commands.Commands/]: Ambiguity between arguments [teleport, destination] and [teleport, targets] with inputs: [Player, 0123, @e, dd12be42-52a9-4a91-a8a1-11c01849e498]
[01lug2025 17:13:02.860] [main/WARN] [net.minecraft.commands.Commands/]: Ambiguity between arguments [teleport, targets] and [teleport, destination] with inputs: [Player, 0123, dd12be42-52a9-4a91-a8a1-11c01849e498]
[01lug2025 17:13:02.860] [main/WARN] [net.minecraft.commands.Commands/]: Ambiguity between arguments [teleport, targets, location] and [teleport, targets, destination] with inputs: [0.1 -0.5 .9, 0 0 0]
[01lug2025 17:13:02.887] [Render thread/DEBUG] [mixin/]: Mixing MixinEffectRenderingInventoryScreen from rei.mixins.json into net.minecraft.client.gui.screens.inventory.EffectRenderingInventoryScreen
[01lug2025 17:13:02.888] [Render thread/DEBUG] [mixin/]: rei.mixins.json:MixinEffectRenderingInventoryScreen from mod roughlyenoughitems: Class version 65 required is higher than the class version supported by the current version of Mixin (JAVA_8 supports class version 52)
[01lug2025 17:13:02.907] [Render thread/DEBUG] [mixin/]: Mixing MixinClientLevel from architectury.mixins.json into net.minecraft.client.multiplayer.ClientLevel
[01lug2025 17:13:02.907] [Render thread/DEBUG] [mixin/]: architectury.mixins.json:MixinClientLevel from mod architectury: Class version 65 required is higher than the class version supported by the current version of Mixin (JAVA_16 supports class version 60)
[01lug2025 17:13:02.912] [Render thread/DEBUG] [mixin/]: architectury.mixins.json:MixinClientLevel from mod architectury->@Inject::tickEntities(Lorg/spongepowered/asm/mixin/injection/callback/CallbackInfo;)V doesn't use it's CallbackInfo
[01lug2025 17:13:02.912] [Render thread/DEBUG] [mixin/]: architectury.mixins.json:MixinClientLevel from mod architectury->@Inject::tickEntities(Lorg/spongepowered/asm/mixin/injection/callback/CallbackInfo;)V has 0 override(s) in child classes
[01lug2025 17:13:02.912] [Render thread/DEBUG] [mixin/]: architectury.mixins.json:MixinClientLevel from mod architectury->@Inject::tickEntities(Lorg/spongepowered/asm/mixin/injection/callback/CallbackInfo;)V won't be passed a CallbackInfo as a result
[01lug2025 17:13:02.912] [Render thread/DEBUG] [mixin/]: architectury.mixins.json:MixinClientLevel from mod architectury->@Inject::tickEntitiesPost(Lorg/spongepowered/asm/mixin/injection/callback/CallbackInfo;)V doesn't use it's CallbackInfo
[01lug2025 17:13:02.913] [Render thread/DEBUG] [mixin/]: architectury.mixins.json:MixinClientLevel from mod architectury->@Inject::tickEntitiesPost(Lorg/spongepowered/asm/mixin/injection/callback/CallbackInfo;)V has 0 override(s) in child classes
[01lug2025 17:13:02.913] [Render thread/DEBUG] [mixin/]: architectury.mixins.json:MixinClientLevel from mod architectury->@Inject::tickEntitiesPost(Lorg/spongepowered/asm/mixin/injection/callback/CallbackInfo;)V won't be passed a CallbackInfo as a result
[01lug2025 17:13:02.977] [Render thread/WARN] [net.minecraft.server.packs.VanillaPackResourcesBuilder/]: Assets URL 'union:/D:/Programmazione/Mod/Immersive%20Ores/NEOFORGE/1.21/.gradle/repositories/ng_dummy_ng/net/neoforged/neoforge/21.0.167/neoforge-21.0.167.jar%23189!/assets/.mcassetsroot' uses unexpected schema
[01lug2025 17:13:02.978] [Render thread/WARN] [net.minecraft.server.packs.VanillaPackResourcesBuilder/]: Assets URL 'union:/D:/Programmazione/Mod/Immersive%20Ores/NEOFORGE/1.21/.gradle/repositories/ng_dummy_ng/net/neoforged/neoforge/21.0.167/neoforge-21.0.167.jar%23189!/data/.mcassetsroot' uses unexpected schema
[01lug2025 17:13:03.015] [Render thread/INFO] [com.mojang.authlib.yggdrasil.YggdrasilAuthenticationService/]: Environment: Environment[sessionHost=https://sessionserver.mojang.com, servicesHost=https://api.minecraftservices.com, name=PROD]
[01lug2025 17:13:03.026] [Render thread/INFO] [net.minecraft.client.Minecraft/]: Setting user: Dev
[01lug2025 17:13:03.061] [Render thread/DEBUG] [mixin/]: Mixing MixinInputConstantsKey from rei.mixins.json into com.mojang.blaze3d.platform.InputConstants$Key
[01lug2025 17:13:03.061] [Render thread/DEBUG] [mixin/]: rei.mixins.json:MixinInputConstantsKey from mod roughlyenoughitems: Class version 65 required is higher than the class version supported by the current version of Mixin (JAVA_8 supports class version 52)
[01lug2025 17:13:03.063] [Render thread/DEBUG] [mixin/]: rei.mixins.json:MixinInputConstantsKey from mod roughlyenoughitems->@Inject::getDisplayName(Lorg/spongepowered/asm/mixin/injection/callback/CallbackInfoReturnable;)V does use it's CallbackInfoReturnable
[01lug2025 17:13:03.065] [Render thread/DEBUG] [mixin/]: Mixing MixinInputConstants from rei.mixins.json into com.mojang.blaze3d.platform.InputConstants
[01lug2025 17:13:03.065] [Render thread/DEBUG] [mixin/]: rei.mixins.json:MixinInputConstants from mod roughlyenoughitems: Class version 65 required is higher than the class version supported by the current version of Mixin (JAVA_8 supports class version 52)
[01lug2025 17:13:03.067] [Render thread/DEBUG] [mixin/]: rei.mixins.json:MixinInputConstants from mod roughlyenoughitems->@Inject::isKeyDown(JILorg/spongepowered/asm/mixin/injection/callback/CallbackInfoReturnable;)V does use it's CallbackInfoReturnable
[01lug2025 17:13:03.111] [Render thread/INFO] [net.minecraft.client.Minecraft/]: Backend library: LWJGL version 3.3.3+5
[01lug2025 17:13:03.280] [Render thread/DEBUG] [net.neoforged.fml.ModWorkManager/LOADING]: Using 16 threads for parallel mod-loading
[01lug2025 17:13:03.305] [Render thread/DEBUG] [net.neoforged.fml.javafmlmod.FMLModContainer/LOADING]: Creating FMLModContainer instance for [me.shedaniel.rei.forge.RoughlyEnoughItemsForge]
[01lug2025 17:13:03.309] [Render thread/DEBUG] [net.neoforged.fml.javafmlmod.FMLModContainer/LOADING]: Creating FMLModContainer instance for [me.shedaniel.clothconfig.ClothConfigForge]
[01lug2025 17:13:03.310] [Render thread/DEBUG] [net.neoforged.fml.javafmlmod.FMLModContainer/LOADING]: Creating FMLModContainer instance for [com.blocklegend001.immersiveores.ImmersiveOres]
[01lug2025 17:13:03.311] [Render thread/DEBUG] [net.neoforged.fml.javafmlmod.FMLModContainer/LOADING]: Creating FMLModContainer instance for [dev.architectury.neoforge.ArchitecturyNeoForge]
[01lug2025 17:13:03.312] [Render thread/DEBUG] [net.neoforged.fml.javafmlmod.FMLModContainer/LOADING]: Creating FMLModContainer instance for [net.neoforged.neoforge.common.NeoForgeMod, net.neoforged.neoforge.client.ClientNeoForgeMod]
[01lug2025 17:13:03.315] [Render thread/DEBUG] [net.neoforged.fml.javafmlmod.FMLModContainer/LOADING]: Creating FMLModContainer instance for [mezz.jei.neoforge.JustEnoughItems]
[01lug2025 17:13:03.329] [modloading-worker-0/DEBUG] [net.neoforged.fml.javafmlmod.AutomaticEventSubscriber/LOADING]: Attempting to inject @EventBusSubscriber classes into the eventbus for cloth_config
[01lug2025 17:13:03.374] [modloading-worker-0/DEBUG] [net.neoforged.fml.config.ConfigTracker/CONFIG]: Config file immersiveores/enderium-common.toml for immersiveores tracking
[01lug2025 17:13:03.374] [modloading-worker-0/DEBUG] [net.neoforged.fml.config.ConfigTracker/CONFIG]: Config file jei-server.toml for jei tracking
[01lug2025 17:13:03.384] [modloading-worker-0/DEBUG] [net.neoforged.neoforge.internal.versions.neoforge.NeoForgeVersion/CORE]: Found NeoForge version 21.0.167
[01lug2025 17:13:03.385] [modloading-worker-0/DEBUG] [net.neoforged.neoforge.internal.versions.neoforge.NeoForgeVersion/CORE]: Found FML version 4.0.23
[01lug2025 17:13:03.385] [modloading-worker-0/INFO] [net.neoforged.neoforge.common.NeoForgeMod/NEOFORGE-MOD]: NeoForge mod loading, version 21.0.167, for MC 1.21
[01lug2025 17:13:03.385] [modloading-worker-0/DEBUG] [net.neoforged.fml.config.ConfigTracker/CONFIG]: Loaded TOML config file D:\Programmazione\Mod\Immersive Ores\NEOFORGE\1.21\runs\templateClient\config\immersiveores\enderium-common.toml
[01lug2025 17:13:03.405] [modloading-worker-0/DEBUG] [net.neoforged.fml.config.ConfigTracker/CONFIG]: Watching TOML config file D:\Programmazione\Mod\Immersive Ores\NEOFORGE\1.21\runs\templateClient\config\immersiveores\enderium-common.toml for changes
[01lug2025 17:13:03.406] [modloading-worker-0/DEBUG] [net.neoforged.fml.config.ConfigTracker/CONFIG]: Config file immersiveores/vulpus-common.toml for immersiveores tracking
[01lug2025 17:13:03.409] [modloading-worker-0/DEBUG] [net.neoforged.fml.config.ConfigTracker/CONFIG]: Loaded TOML config file D:\Programmazione\Mod\Immersive Ores\NEOFORGE\1.21\runs\templateClient\config\immersiveores\vulpus-common.toml
[01lug2025 17:13:03.409] [modloading-worker-0/DEBUG] [net.neoforged.fml.config.ConfigTracker/CONFIG]: Watching TOML config file D:\Programmazione\Mod\Immersive Ores\NEOFORGE\1.21\runs\templateClient\config\immersiveores\vulpus-common.toml for changes
[01lug2025 17:13:03.411] [modloading-worker-0/DEBUG] [net.neoforged.fml.config.ConfigTracker/CONFIG]: Config file immersiveores/vibranium-common.toml for immersiveores tracking
[01lug2025 17:13:03.413] [modloading-worker-0/DEBUG] [net.neoforged.fml.config.ConfigTracker/CONFIG]: Loaded TOML config file D:\Programmazione\Mod\Immersive Ores\NEOFORGE\1.21\runs\templateClient\config\immersiveores\vibranium-common.toml
[01lug2025 17:13:03.414] [modloading-worker-0/DEBUG] [net.neoforged.fml.config.ConfigTracker/CONFIG]: Watching TOML config file D:\Programmazione\Mod\Immersive Ores\NEOFORGE\1.21\runs\templateClient\config\immersiveores\vibranium-common.toml for changes
[01lug2025 17:13:03.428] [modloading-worker-0/DEBUG] [mezz.jei.common.platform.Services/]: Loaded mezz.jei.neoforge.platform.PlatformHelper@32ee3078 for service interface mezz.jei.common.platform.IPlatformHelper
[01lug2025 17:13:03.428] [modloading-worker-0/DEBUG] [net.neoforged.fml.config.ConfigTracker/CONFIG]: Config file neoforge-client.toml for neoforge tracking
[01lug2025 17:13:03.428] [modloading-worker-0/DEBUG] [net.neoforged.fml.config.ConfigTracker/CONFIG]: Config file neoforge-server.toml for neoforge tracking
[01lug2025 17:13:03.428] [modloading-worker-0/DEBUG] [net.neoforged.fml.config.ConfigTracker/CONFIG]: Config file neoforge-common.toml for neoforge tracking
[01lug2025 17:13:03.490] [modloading-worker-0/DEBUG] [net.neoforged.fml.javafmlmod.AutomaticEventSubscriber/LOADING]: Attempting to inject @EventBusSubscriber classes into the eventbus for immersiveores
[01lug2025 17:13:03.492] [modloading-worker-0/DEBUG] [net.neoforged.fml.javafmlmod.AutomaticEventSubscriber/LOADING]: Auto-subscribing com.blocklegend001.immersiveores.datagen.DataGenerators to MOD
[01lug2025 17:13:03.498] [modloading-worker-0/DEBUG] [net.neoforged.fml.javafmlmod.AutomaticEventSubscriber/LOADING]: Auto-subscribing com.blocklegend001.immersiveores.event.ClientEvents to GAME
[01lug2025 17:13:03.499] [modloading-worker-0/DEBUG] [net.neoforged.fml.javafmlmod.AutomaticEventSubscriber/LOADING]: Auto-subscribing com.blocklegend001.immersiveores.event.ModEventHandler to GAME
[01lug2025 17:13:03.499] [modloading-worker-0/DEBUG] [net.neoforged.fml.javafmlmod.AutomaticEventSubscriber/LOADING]: Auto-subscribing com.blocklegend001.immersiveores.util.tools.excavator.ModEventsEnderiumExcavator to GAME
[01lug2025 17:13:03.502] [modloading-worker-0/DEBUG] [net.neoforged.fml.javafmlmod.AutomaticEventSubscriber/LOADING]: Auto-subscribing com.blocklegend001.immersiveores.util.tools.excavator.ModEventsVibraniumExcavator to GAME
[01lug2025 17:13:03.503] [modloading-worker-0/DEBUG] [net.neoforged.fml.javafmlmod.AutomaticEventSubscriber/LOADING]: Auto-subscribing com.blocklegend001.immersiveores.util.tools.excavator.ModEventsVulpusExcavator to GAME
[01lug2025 17:13:03.505] [modloading-worker-0/DEBUG] [net.neoforged.fml.javafmlmod.AutomaticEventSubscriber/LOADING]: Auto-subscribing com.blocklegend001.immersiveores.util.tools.hammer.ModEventsEnderiumHammer to GAME
[01lug2025 17:13:03.507] [modloading-worker-0/DEBUG] [net.neoforged.fml.javafmlmod.AutomaticEventSubscriber/LOADING]: Auto-subscribing com.blocklegend001.immersiveores.util.tools.hammer.ModEventsVibraniumHammer to GAME
[01lug2025 17:13:03.508] [modloading-worker-0/DEBUG] [net.neoforged.fml.javafmlmod.AutomaticEventSubscriber/LOADING]: Auto-subscribing com.blocklegend001.immersiveores.util.tools.hammer.ModEventsVulpusHammer to GAME
[01lug2025 17:13:03.518] [modloading-worker-0/DEBUG] [net.neoforged.fml.javafmlmod.AutomaticEventSubscriber/LOADING]: Attempting to inject @EventBusSubscriber classes into the eventbus for architectury
[01lug2025 17:13:03.519] [modloading-worker-0/DEBUG] [mezz.jei.common.config.file.ConfigSerializer/]: Loading config file: D:\Programmazione\Mod\Immersive Ores\NEOFORGE\1.21\runs\templateClient\config\jei\jei-debug.ini
[01lug2025 17:13:03.520] [modloading-worker-0/DEBUG] [mezz.jei.common.config.file.ConfigSerializer/]: Saving config file: D:\Programmazione\Mod\Immersive Ores\NEOFORGE\1.21\runs\templateClient\config\jei\jei-debug.ini
[01lug2025 17:13:03.529] [modloading-worker-0/DEBUG] [mezz.jei.common.config.file.ConfigSerializer/]: Loading config file: D:\Programmazione\Mod\Immersive Ores\NEOFORGE\1.21\runs\templateClient\config\jei\jei-mod-id-format.ini
[01lug2025 17:13:03.530] [modloading-worker-0/DEBUG] [mezz.jei.common.config.file.ConfigSerializer/]: Saving config file: D:\Programmazione\Mod\Immersive Ores\NEOFORGE\1.21\runs\templateClient\config\jei\jei-mod-id-format.ini
[01lug2025 17:13:03.532] [modloading-worker-0/DEBUG] [net.neoforged.fml.javafmlmod.AutomaticEventSubscriber/LOADING]: Attempting to inject @EventBusSubscriber classes into the eventbus for neoforge
[01lug2025 17:13:03.532] [modloading-worker-0/DEBUG] [net.neoforged.fml.javafmlmod.AutomaticEventSubscriber/LOADING]: Auto-subscribing net.neoforged.neoforge.server.command.ConfigCommand to GAME
[01lug2025 17:13:03.534] [modloading-worker-0/DEBUG] [net.neoforged.fml.javafmlmod.AutomaticEventSubscriber/LOADING]: Auto-subscribing net.neoforged.neoforge.network.filters.GenericPacketSplitter to MOD
[01lug2025 17:13:03.536] [modloading-worker-0/DEBUG] [mezz.jei.common.config.file.ConfigSerializer/]: Loading config file: D:\Programmazione\Mod\Immersive Ores\NEOFORGE\1.21\runs\templateClient\config\jei\jei-colors.ini
[01lug2025 17:13:03.537] [modloading-worker-0/DEBUG] [REI/]: [REI] Added filtering rule [roughlyenoughitems:search]: INSTANCE
[01lug2025 17:13:03.539] [modloading-worker-0/DEBUG] [mezz.jei.common.config.file.ConfigSerializer/]: Saving config file: D:\Programmazione\Mod\Immersive Ores\NEOFORGE\1.21\runs\templateClient\config\jei\jei-colors.ini
[01lug2025 17:13:03.539] [modloading-worker-0/DEBUG] [REI/]: [REI] Added filtering rule [roughlyenoughitems:manual]: INSTANCE
[01lug2025 17:13:03.540] [modloading-worker-0/DEBUG] [REI/]: [REI] Added filtering rule [roughlyenoughitems:basic]: INSTANCE
[01lug2025 17:13:03.551] [modloading-worker-0/DEBUG] [mezz.jei.common.config.file.ConfigSerializer/]: Loading config file: D:\Programmazione\Mod\Immersive Ores\NEOFORGE\1.21\runs\templateClient\config\jei\jei-client.ini
[01lug2025 17:13:03.553] [modloading-worker-0/DEBUG] [mezz.jei.common.config.file.ConfigSerializer/]: Saving config file: D:\Programmazione\Mod\Immersive Ores\NEOFORGE\1.21\runs\templateClient\config\jei\jei-client.ini
[01lug2025 17:13:03.562] [modloading-worker-0/INFO] [mezz.jei.library.load.PluginCaller/]: Sending ConfigManager...
[01lug2025 17:13:03.565] [modloading-worker-0/DEBUG] [mezz.jei.library.load.PluginCallerTimerRunnable/]: Sending ConfigManager: jei:minecraft...
[01lug2025 17:13:03.565] [modloading-worker-0/DEBUG] [mezz.jei.library.load.PluginCallerTimerRunnable/]: Sending ConfigManager: jei:neoforge_gui...
[01lug2025 17:13:03.565] [modloading-worker-0/DEBUG] [mezz.jei.library.load.PluginCallerTimerRunnable/]: Sending ConfigManager: jei:debug...
[01lug2025 17:13:03.565] [modloading-worker-0/DEBUG] [mezz.jei.library.load.PluginCallerTimerRunnable/]: Sending ConfigManager: jei:gui...
[01lug2025 17:13:03.565] [modloading-worker-0/DEBUG] [mezz.jei.library.load.PluginCallerTimerRunnable/]: Sending ConfigManager: jei:internal...
[01lug2025 17:13:03.569] [modloading-worker-0/INFO] [mezz.jei.library.load.PluginCaller/]: Sending ConfigManager took 2.959 ms
[01lug2025 17:13:03.572] [modloading-worker-0/DEBUG] [io.netty.buffer.AbstractByteBuf/]: -Dio.netty.buffer.checkAccessible: true
[01lug2025 17:13:03.572] [modloading-worker-0/DEBUG] [io.netty.buffer.AbstractByteBuf/]: -Dio.netty.buffer.checkBounds: true
[01lug2025 17:13:03.574] [modloading-worker-0/DEBUG] [io.netty.util.ResourceLeakDetectorFactory/]: Loaded default ResourceLeakDetector: io.netty.util.ResourceLeakDetector@46a4a15a
[01lug2025 17:13:03.576] [modloading-worker-0/DEBUG] [net.neoforged.fml.javafmlmod.AutomaticEventSubscriber/LOADING]: Attempting to inject @EventBusSubscriber classes into the eventbus for jei
[01lug2025 17:13:03.591] [modloading-worker-0/DEBUG] [io.netty.util.internal.InternalThreadLocalMap/]: -Dio.netty.threadLocalMap.stringBuilder.initialSize: 1024
[01lug2025 17:13:03.592] [modloading-worker-0/DEBUG] [io.netty.util.internal.InternalThreadLocalMap/]: -Dio.netty.threadLocalMap.stringBuilder.maxSize: 4096
[01lug2025 17:13:03.595] [modloading-worker-0/DEBUG] [io.netty.buffer.PooledByteBufAllocator/]: -Dio.netty.allocator.numHeapArenas: 32
[01lug2025 17:13:03.595] [modloading-worker-0/DEBUG] [io.netty.buffer.PooledByteBufAllocator/]: -Dio.netty.allocator.numDirectArenas: 32
[01lug2025 17:13:03.595] [modloading-worker-0/DEBUG] [io.netty.buffer.PooledByteBufAllocator/]: -Dio.netty.allocator.pageSize: 8192
[01lug2025 17:13:03.596] [modloading-worker-0/DEBUG] [io.netty.buffer.PooledByteBufAllocator/]: -Dio.netty.allocator.maxOrder: 9
[01lug2025 17:13:03.596] [modloading-worker-0/DEBUG] [io.netty.buffer.PooledByteBufAllocator/]: -Dio.netty.allocator.chunkSize: 4194304
[01lug2025 17:13:03.596] [modloading-worker-0/DEBUG] [io.netty.buffer.PooledByteBufAllocator/]: -Dio.netty.allocator.smallCacheSize: 256
[01lug2025 17:13:03.596] [modloading-worker-0/DEBUG] [io.netty.buffer.PooledByteBufAllocator/]: -Dio.netty.allocator.normalCacheSize: 64
[01lug2025 17:13:03.596] [modloading-worker-0/DEBUG] [io.netty.buffer.PooledByteBufAllocator/]: -Dio.netty.allocator.maxCachedBufferCapacity: 32768
[01lug2025 17:13:03.596] [modloading-worker-0/DEBUG] [io.netty.buffer.PooledByteBufAllocator/]: -Dio.netty.allocator.cacheTrimInterval: 8192
[01lug2025 17:13:03.596] [modloading-worker-0/DEBUG] [io.netty.buffer.PooledByteBufAllocator/]: -Dio.netty.allocator.cacheTrimIntervalMillis: 0
[01lug2025 17:13:03.596] [modloading-worker-0/DEBUG] [io.netty.buffer.PooledByteBufAllocator/]: -Dio.netty.allocator.useCacheForAllThreads: false
[01lug2025 17:13:03.596] [modloading-worker-0/DEBUG] [io.netty.buffer.PooledByteBufAllocator/]: -Dio.netty.allocator.maxCachedByteBuffersPerChunk: 1023
[01lug2025 17:13:03.607] [modloading-worker-0/DEBUG] [io.netty.buffer.ByteBufUtil/]: -Dio.netty.allocator.type: pooled
[01lug2025 17:13:03.608] [modloading-worker-0/DEBUG] [io.netty.buffer.ByteBufUtil/]: -Dio.netty.threadLocalDirectBufferSize: 0
[01lug2025 17:13:03.608] [modloading-worker-0/DEBUG] [io.netty.buffer.ByteBufUtil/]: -Dio.netty.maxThreadLocalCharBufferSize: 16384
[01lug2025 17:13:03.620] [modloading-worker-0/DEBUG] [net.neoforged.fml.javafmlmod.AutomaticEventSubscriber/LOADING]: Auto-subscribing net.neoforged.neoforge.network.NetworkInitialization to MOD
[01lug2025 17:13:03.621] [modloading-worker-0/DEBUG] [net.neoforged.fml.javafmlmod.AutomaticEventSubscriber/LOADING]: Auto-subscribing net.neoforged.neoforge.network.ConfigurationInitialization to MOD
[01lug2025 17:13:03.627] [modloading-worker-0/DEBUG] [net.neoforged.fml.javafmlmod.AutomaticEventSubscriber/LOADING]: Auto-subscribing net.neoforged.neoforge.common.MonsterRoomHooks to GAME
[01lug2025 17:13:03.630] [modloading-worker-0/DEBUG] [net.neoforged.fml.javafmlmod.AutomaticEventSubscriber/LOADING]: Auto-subscribing net.neoforged.neoforge.common.DeferredSpawnEggItem$CommonHandler to MOD
[01lug2025 17:13:03.632] [modloading-worker-0/DEBUG] [net.neoforged.fml.javafmlmod.AutomaticEventSubscriber/LOADING]: Auto-subscribing net.neoforged.neoforge.common.DeferredSpawnEggItem$ColorRegisterHandler to MOD
[01lug2025 17:13:03.634] [modloading-worker-0/DEBUG] [net.neoforged.fml.javafmlmod.AutomaticEventSubscriber/LOADING]: Auto-subscribing net.neoforged.neoforge.client.model.data.ModelDataManager to GAME
[01lug2025 17:13:03.637] [modloading-worker-0/DEBUG] [net.neoforged.fml.javafmlmod.AutomaticEventSubscriber/LOADING]: Auto-subscribing net.neoforged.neoforge.client.ParticleBoundsDebugRenderer to GAME
[01lug2025 17:13:03.640] [modloading-worker-0/DEBUG] [net.neoforged.fml.javafmlmod.AutomaticEventSubscriber/LOADING]: Auto-subscribing net.neoforged.neoforge.client.ClientHooks$ClientEvents to MOD
[01lug2025 17:13:03.642] [modloading-worker-0/DEBUG] [net.neoforged.fml.javafmlmod.AutomaticEventSubscriber/LOADING]: Auto-subscribing net.neoforged.neoforge.client.BlockEntityRenderBoundsDebugRenderer to GAME
[01lug2025 17:13:03.644] [modloading-worker-0/DEBUG] [net.neoforged.fml.javafmlmod.AutomaticEventSubscriber/LOADING]: Auto-subscribing net.neoforged.neoforge.attachment.AttachmentInternals to GAME
[01lug2025 17:13:03.652] [modloading-worker-0/INFO] [REI/]: [REI] Config loaded
[01lug2025 17:13:03.663] [modloading-worker-0/DEBUG] [REI/]: [REI] Config saved
[01lug2025 17:13:03.665] [modloading-worker-0/DEBUG] [REI/]: [REI] Config saved
[01lug2025 17:13:03.668] [modloading-worker-0/DEBUG] [REI/]: [REI] Config saved
[01lug2025 17:13:03.719] [modloading-worker-0/INFO] [REI/]: [REI] Registered plugin provider DefaultPluginImpl [roughlyenoughitems] for REIServerPlugin
[01lug2025 17:13:03.719] [modloading-worker-0/INFO] [REI/]: [REI] Registered plugin provider DefaultPluginImpl [roughlyenoughitems] for REIPlugin
[01lug2025 17:13:03.720] [modloading-worker-0/INFO] [REI/]: [REI] Registered plugin provider DefaultRuntimePlugin [roughlyenoughitems] for REIServerPlugin
[01lug2025 17:13:03.720] [modloading-worker-0/INFO] [REI/]: [REI] Registered plugin provider DefaultRuntimePlugin [roughlyenoughitems] for REIPlugin
[01lug2025 17:13:03.738] [modloading-worker-0/INFO] [REI/]: [REI] Registered plugin provider DefaultClientPluginImpl [roughlyenoughitems] for REIClientPlugin
[01lug2025 17:13:03.739] [modloading-worker-0/INFO] [REI/]: [REI] Registered plugin provider DefaultClientPluginImpl [roughlyenoughitems] for REIPlugin
[01lug2025 17:13:03.749] [modloading-worker-0/INFO] [REI/]: [REI] Registered plugin provider DefaultClientRuntimePlugin [roughlyenoughitems] for REIClientPlugin
[01lug2025 17:13:03.749] [modloading-worker-0/INFO] [REI/]: [REI] Registered plugin provider DefaultClientRuntimePlugin [roughlyenoughitems] for REIPlugin
[01lug2025 17:13:03.750] [modloading-worker-0/DEBUG] [REI/]: [REI] Added filtering rule [roughlyenoughitems:hidden_from_recipe_viewers]: INSTANCE
[01lug2025 17:13:03.751] [modloading-worker-0/INFO] [REI/]: [REI] Registered plugin provider HideIngredientsFromTagsPlugin [roughlyenoughitems] for REIClientPlugin
[01lug2025 17:13:03.751] [modloading-worker-0/INFO] [REI/]: [REI] Registered plugin provider HideIngredientsFromTagsPlugin [roughlyenoughitems] for REIPlugin
[01lug2025 17:13:03.764] [modloading-worker-0/DEBUG] [net.neoforged.fml.javafmlmod.AutomaticEventSubscriber/LOADING]: Attempting to inject @EventBusSubscriber classes into the eventbus for roughlyenoughitems
[01lug2025 17:13:03.774] [modloading-sync-worker/DEBUG] [net.neoforged.neoforge.registries.GameData/REGISTRIES]: Unfreezing registries
[01lug2025 17:13:03.968] [modloading-sync-worker/DEBUG] [net.neoforged.neoforge.registries.GameData/REGISTRIES]: Freezing registries
[01lug2025 17:13:03.985] [modloading-sync-worker/DEBUG] [net.neoforged.neoforge.registries.GameData/REGISTRIES]: All registries frozen
[01lug2025 17:13:03.986] [modloading-sync-worker/DEBUG] [net.neoforged.fml.config.ConfigTracker/CONFIG]: Loading configs type CLIENT
[01lug2025 17:13:03.988] [modloading-sync-worker/DEBUG] [net.neoforged.neoforge.common.NeoForgeConfig/FORGEMOD]: Loaded NeoForge config file neoforge-client.toml
[01lug2025 17:13:03.988] [modloading-sync-worker/DEBUG] [net.neoforged.fml.config.ConfigTracker/CONFIG]: Loaded TOML config file D:\Programmazione\Mod\Immersive Ores\NEOFORGE\1.21\runs\templateClient\config\neoforge-client.toml
[01lug2025 17:13:03.989] [modloading-sync-worker/DEBUG] [net.neoforged.fml.config.ConfigTracker/CONFIG]: Watching TOML config file D:\Programmazione\Mod\Immersive Ores\NEOFORGE\1.21\runs\templateClient\config\neoforge-client.toml for changes
[01lug2025 17:13:03.989] [modloading-sync-worker/DEBUG] [net.neoforged.fml.config.ConfigTracker/CONFIG]: Loading configs type COMMON
[01lug2025 17:13:03.989] [modloading-sync-worker/DEBUG] [net.neoforged.neoforge.common.NeoForgeConfig/FORGEMOD]: Loaded NeoForge config file neoforge-common.toml
[01lug2025 17:13:03.989] [modloading-sync-worker/DEBUG] [net.neoforged.fml.config.ConfigTracker/CONFIG]: Loaded TOML config file D:\Programmazione\Mod\Immersive Ores\NEOFORGE\1.21\runs\templateClient\config\neoforge-common.toml
[01lug2025 17:13:03.990] [modloading-sync-worker/DEBUG] [net.neoforged.fml.config.ConfigTracker/CONFIG]: Watching TOML config file D:\Programmazione\Mod\Immersive Ores\NEOFORGE\1.21\runs\templateClient\config\neoforge-common.toml for changes
[01lug2025 17:13:04.220] [Render thread/DEBUG] [mixin/]: Mixing MixinFontSet from rei.mixins.json into net.minecraft.client.gui.font.FontSet
[01lug2025 17:13:04.221] [Render thread/DEBUG] [mixin/]: rei.mixins.json:MixinFontSet from mod roughlyenoughitems: Class version 65 required is higher than the class version supported by the current version of Mixin (JAVA_8 supports class version 52)
[01lug2025 17:13:04.224] [Render thread/DEBUG] [mixin/]: rei.mixins.json:MixinFontSet from mod roughlyenoughitems->@Inject::init(Lnet/minecraft/client/renderer/texture/TextureManager;Lnet/minecraft/resources/ResourceLocation;Lorg/spongepowered/asm/mixin/injection/callback/CallbackInfo;)V doesn't use it's CallbackInfo
[01lug2025 17:13:04.225] [Render thread/DEBUG] [mixin/]: rei.mixins.json:MixinFontSet from mod roughlyenoughitems->@Inject::init(Lnet/minecraft/client/renderer/texture/TextureManager;Lnet/minecraft/resources/ResourceLocation;Lorg/spongepowered/asm/mixin/injection/callback/CallbackInfo;)V has 0 override(s) in child classes
[01lug2025 17:13:04.225] [Render thread/DEBUG] [mixin/]: rei.mixins.json:MixinFontSet from mod roughlyenoughitems->@Inject::init(Lnet/minecraft/client/renderer/texture/TextureManager;Lnet/minecraft/resources/ResourceLocation;Lorg/spongepowered/asm/mixin/injection/callback/CallbackInfo;)V won't be passed a CallbackInfo as a result
[01lug2025 17:13:04.270] [Render thread/DEBUG] [mixin/]: Mixing LevelRendererExcavatorMixin from immersiveores.mixins.json into net.minecraft.client.renderer.LevelRenderer
[01lug2025 17:13:04.270] [Render thread/DEBUG] [mixin/]: immersiveores.mixins.json:LevelRendererExcavatorMixin from mod immersiveores: Class version 65 required is higher than the class version supported by the current version of Mixin (JAVA_8 supports class version 52)
[01lug2025 17:13:04.284] [Render thread/DEBUG] [mixin/]: Mixing LevelRendererHammerMixin from immersiveores.mixins.json into net.minecraft.client.renderer.LevelRenderer
[01lug2025 17:13:04.284] [Render thread/DEBUG] [mixin/]: immersiveores.mixins.json:LevelRendererHammerMixin from mod immersiveores: Class version 65 required is higher than the class version supported by the current version of Mixin (JAVA_8 supports class version 52)
[01lug2025 17:13:04.298] [Render thread/WARN] [mixin/]: Method overwrite conflict for getSelectionBox in immersiveores.mixins.json:LevelRendererHammerMixin from mod immersiveores, previously written by com.blocklegend001.immersiveores.mixin.LevelRendererExcavatorMixin. Skipping method.
[01lug2025 17:13:04.299] [Render thread/DEBUG] [mixin/]: immersiveores.mixins.json:LevelRendererExcavatorMixin from mod immersiveores->@Inject::renderLevelAfter(Lnet/minecraft/client/DeltaTracker;ZLnet/minecraft/client/Camera;Lnet/minecraft/client/renderer/GameRenderer;Lnet/minecraft/client/renderer/LightTexture;Lorg/joml/Matrix4f;Lorg/joml/Matrix4f;Lorg/spongepowered/asm/mixin/injection/callback/CallbackInfo;)V doesn't use it's CallbackInfo
[01lug2025 17:13:04.299] [Render thread/DEBUG] [mixin/]: immersiveores.mixins.json:LevelRendererExcavatorMixin from mod immersiveores->@Inject::renderLevelAfter(Lnet/minecraft/client/DeltaTracker;ZLnet/minecraft/client/Camera;Lnet/minecraft/client/renderer/GameRenderer;Lnet/minecraft/client/renderer/LightTexture;Lorg/joml/Matrix4f;Lorg/joml/Matrix4f;Lorg/spongepowered/asm/mixin/injection/callback/CallbackInfo;)V has 0 override(s) in child classes
[01lug2025 17:13:04.299] [Render thread/DEBUG] [mixin/]: immersiveores.mixins.json:LevelRendererExcavatorMixin from mod immersiveores->@Inject::renderLevelAfter(Lnet/minecraft/client/DeltaTracker;ZLnet/minecraft/client/Camera;Lnet/minecraft/client/renderer/GameRenderer;Lnet/minecraft/client/renderer/LightTexture;Lorg/joml/Matrix4f;Lorg/joml/Matrix4f;Lorg/spongepowered/asm/mixin/injection/callback/CallbackInfo;)V won't be passed a CallbackInfo as a result
[01lug2025 17:13:04.300] [Render thread/DEBUG] [mixin/]: immersiveores.mixins.json:LevelRendererHammerMixin from mod immersiveores->@Inject::renderLevelAfter(Lnet/minecraft/client/DeltaTracker;ZLnet/minecraft/client/Camera;Lnet/minecraft/client/renderer/GameRenderer;Lnet/minecraft/client/renderer/LightTexture;Lorg/joml/Matrix4f;Lorg/joml/Matrix4f;Lorg/spongepowered/asm/mixin/injection/callback/CallbackInfo;)V doesn't use it's CallbackInfo
[01lug2025 17:13:04.300] [Render thread/DEBUG] [mixin/]: immersiveores.mixins.json:LevelRendererHammerMixin from mod immersiveores->@Inject::renderLevelAfter(Lnet/minecraft/client/DeltaTracker;ZLnet/minecraft/client/Camera;Lnet/minecraft/client/renderer/GameRenderer;Lnet/minecraft/client/renderer/LightTexture;Lorg/joml/Matrix4f;Lorg/joml/Matrix4f;Lorg/spongepowered/asm/mixin/injection/callback/CallbackInfo;)V has 0 override(s) in child classes
[01lug2025 17:13:04.300] [Render thread/DEBUG] [mixin/]: immersiveores.mixins.json:LevelRendererHammerMixin from mod immersiveores->@Inject::renderLevelAfter(Lnet/minecraft/client/DeltaTracker;ZLnet/minecraft/client/Camera;Lnet/minecraft/client/renderer/GameRenderer;Lnet/minecraft/client/renderer/LightTexture;Lorg/joml/Matrix4f;Lorg/joml/Matrix4f;Lorg/spongepowered/asm/mixin/injection/callback/CallbackInfo;)V won't be passed a CallbackInfo as a result
[01lug2025 17:13:04.300] [Render thread/DEBUG] [mixin/]: Unexpected: Registered method getSelectionBox(ILnet/minecraft/core/Direction;Lnet/minecraft/core/BlockPos;)Lnet/minecraft/world/phys/AABB; in net.minecraft.client.renderer.LevelRenderer was not merged
[01lug2025 17:13:04.526] [Render thread/INFO] [net.neoforged.neoforge.gametest.GameTestHooks/]: Enabled Gametest Namespaces: []
[01lug2025 17:13:04.611] [Render thread/INFO] [net.minecraft.server.packs.resources.ReloadableResourceManager/]: Reloading ResourceManager: vanilla, mod_resources, mod/roughlyenoughitems, mod/cloth_config, mod/immersiveores, mod/architectury, mod/neoforge, mod/jei
[01lug2025 17:13:04.731] [Render thread/DEBUG] [net.neoforged.fml.DeferredWorkQueue/LOADING]: Dispatching synchronous work for work queue Common setup: 1 jobs
[01lug2025 17:13:04.735] [Render thread/DEBUG] [net.neoforged.fml.DeferredWorkQueue/LOADING]: Synchronous work queue completed in 3.841 ms
[01lug2025 17:13:04.743] [Worker-Main-11/INFO] [net.minecraft.client.gui.font.providers.UnihexProvider/]: Found unifont_all_no_pua-15.1.05.hex, loading
[01lug2025 17:13:04.762] [Worker-Main-8/INFO] [net.minecraft.client.gui.font.providers.UnihexProvider/]: Found unifont_jp_patch-15.1.05.hex, loading
[01lug2025 17:13:05.804] [Render thread/WARN] [net.minecraft.client.sounds.SoundEngine/]: Missing sound for event: minecraft:item.goat_horn.play
[01lug2025 17:13:05.804] [Render thread/WARN] [net.minecraft.client.sounds.SoundEngine/]: Missing sound for event: minecraft:entity.goat.screaming.horn_break
[01lug2025 17:13:05.927] [Render thread/INFO] [com.mojang.blaze3d.audio.Library/]: OpenAL initialized on device OpenAL Soft on Altoparlanti (Maonocaster G1 Neo)
[01lug2025 17:13:05.927] [Render thread/INFO] [net.minecraft.client.sounds.SoundEngine/SOUNDS]: Sound engine started
[01lug2025 17:13:06.045] [Render thread/INFO] [net.minecraft.client.renderer.texture.TextureAtlas/]: Created: 1024x512x4 minecraft:textures/atlas/blocks.png-atlas
[01lug2025 17:13:06.115] [Render thread/INFO] [net.minecraft.client.renderer.texture.TextureAtlas/]: Created: 256x256x4 minecraft:textures/atlas/signs.png-atlas
[01lug2025 17:13:06.117] [Render thread/INFO] [net.minecraft.client.renderer.texture.TextureAtlas/]: Created: 512x512x4 minecraft:textures/atlas/banner_patterns.png-atlas
[01lug2025 17:13:06.121] [Render thread/INFO] [net.minecraft.client.renderer.texture.TextureAtlas/]: Created: 512x512x4 minecraft:textures/atlas/shield_patterns.png-atlas
[01lug2025 17:13:06.125] [Render thread/INFO] [net.minecraft.client.renderer.texture.TextureAtlas/]: Created: 1024x1024x4 minecraft:textures/atlas/armor_trims.png-atlas
[01lug2025 17:13:06.168] [Render thread/INFO] [net.minecraft.client.renderer.texture.TextureAtlas/]: Created: 256x256x4 minecraft:textures/atlas/chest.png-atlas
[01lug2025 17:13:06.169] [Render thread/INFO] [net.minecraft.client.renderer.texture.TextureAtlas/]: Created: 128x64x4 minecraft:textures/atlas/decorated_pot.png-atlas
[01lug2025 17:13:06.171] [Render thread/INFO] [net.minecraft.client.renderer.texture.TextureAtlas/]: Created: 512x256x4 minecraft:textures/atlas/beds.png-atlas
[01lug2025 17:13:06.173] [Render thread/INFO] [net.minecraft.client.renderer.texture.TextureAtlas/]: Created: 512x256x4 minecraft:textures/atlas/shulker_boxes.png-atlas
[01lug2025 17:13:06.321] [Render thread/INFO] [net.minecraft.client.renderer.texture.TextureAtlas/]: Created: 512x256x0 minecraft:textures/atlas/particles.png-atlas
[01lug2025 17:13:06.330] [Render thread/INFO] [net.minecraft.client.renderer.texture.TextureAtlas/]: Created: 512x256x0 minecraft:textures/atlas/paintings.png-atlas
[01lug2025 17:13:06.333] [Render thread/INFO] [net.minecraft.client.renderer.texture.TextureAtlas/]: Created: 256x128x0 minecraft:textures/atlas/mob_effects.png-atlas
[01lug2025 17:13:06.335] [Render thread/INFO] [net.minecraft.client.renderer.texture.TextureAtlas/]: Created: 64x64x0 minecraft:textures/atlas/map_decorations.png-atlas
[01lug2025 17:13:06.336] [Render thread/INFO] [net.minecraft.client.renderer.texture.TextureAtlas/]: Created: 1024x512x0 minecraft:textures/atlas/gui.png-atlas
[01lug2025 17:13:06.378] [Render thread/WARN] [net.minecraft.client.renderer.ShaderInstance/]: Shader rendertype_entity_translucent_emissive could not find sampler named Sampler2 in the specified shader program.
[01lug2025 17:13:06.449] [Render thread/INFO] [net.minecraft.client.renderer.texture.TextureAtlas/]: Created: 256x256x0 jei:textures/atlas/gui.png-atlas
[01lug2025 17:13:11.041] [Worker-Main-10/DEBUG] [mixin/]: Mixing MixinTagManager from rei.mixins.json into net.minecraft.tags.TagManager
[01lug2025 17:13:11.041] [Worker-Main-10/DEBUG] [mixin/]: rei.mixins.json:MixinTagManager from mod roughlyenoughitems: Class version 65 required is higher than the class version supported by the current version of Mixin (JAVA_8 supports class version 52)
[01lug2025 17:13:11.043] [Worker-Main-10/DEBUG] [mixin/]: rei.mixins.json:MixinTagManager from mod roughlyenoughitems->@Inject::load(Lnet/minecraft/server/packs/resources/ResourceManager;Ljava/util/concurrent/Executor;Lnet/minecraft/core/RegistryAccess$RegistryEntry;Lorg/spongepowered/asm/mixin/injection/callback/CallbackInfoReturnable;)V doesn't use it's CallbackInfoReturnable
[01lug2025 17:13:11.043] [Worker-Main-10/DEBUG] [mixin/]: rei.mixins.json:MixinTagManager from mod roughlyenoughitems->@Inject::load(Lnet/minecraft/server/packs/resources/ResourceManager;Ljava/util/concurrent/Executor;Lnet/minecraft/core/RegistryAccess$RegistryEntry;Lorg/spongepowered/asm/mixin/injection/callback/CallbackInfoReturnable;)V has 0 override(s) in child classes
[01lug2025 17:13:11.043] [Worker-Main-10/DEBUG] [mixin/]: rei.mixins.json:MixinTagManager from mod roughlyenoughitems->@Inject::load(Lnet/minecraft/server/packs/resources/ResourceManager;Ljava/util/concurrent/Executor;Lnet/minecraft/core/RegistryAccess$RegistryEntry;Lorg/spongepowered/asm/mixin/injection/callback/CallbackInfoReturnable;)V won't be passed a CallbackInfoReturnable as a result
[01lug2025 17:13:11.084] [Worker-Main-10/DEBUG] [mixin/]: Mixing MixinTagLoader from rei.mixins.json into net.minecraft.tags.TagLoader
[01lug2025 17:13:11.085] [Worker-Main-10/DEBUG] [mixin/]: rei.mixins.json:MixinTagLoader from mod roughlyenoughitems: Class version 65 required is higher than the class version supported by the current version of Mixin (JAVA_8 supports class version 52)
[01lug2025 17:13:11.097] [Worker-Main-10/DEBUG] [mixin/]: rei.mixins.json:MixinTagLoader from mod roughlyenoughitems->@Inject::load(Ljava/util/Map;Lorg/spongepowered/asm/mixin/injection/callback/CallbackInfoReturnable;)V doesn't use it's CallbackInfoReturnable
[01lug2025 17:13:11.097] [Worker-Main-10/DEBUG] [mixin/]: rei.mixins.json:MixinTagLoader from mod roughlyenoughitems->@Inject::load(Ljava/util/Map;Lorg/spongepowered/asm/mixin/injection/callback/CallbackInfoReturnable;)V has 0 override(s) in child classes
[01lug2025 17:13:11.097] [Worker-Main-10/DEBUG] [mixin/]: rei.mixins.json:MixinTagLoader from mod roughlyenoughitems->@Inject::load(Ljava/util/Map;Lorg/spongepowered/asm/mixin/injection/callback/CallbackInfoReturnable;)V won't be passed a CallbackInfoReturnable as a result
[01lug2025 17:13:11.097] [Worker-Main-10/DEBUG] [mixin/]: rei.mixins.json:MixinTagLoader from mod roughlyenoughitems->@Inject::loadPost(Ljava/util/Map;Lorg/spongepowered/asm/mixin/injection/callback/CallbackInfoReturnable;)V does use it's CallbackInfoReturnable
[01lug2025 17:13:11.098] [Worker-Main-10/DEBUG] [mixin/]: rei.mixins.json:MixinTagLoader from mod roughlyenoughitems->@Inject::load(Lnet/minecraft/tags/TagEntry$Lookup;Ljava/util/List;Lorg/spongepowered/asm/mixin/injection/callback/CallbackInfoReturnable;)V does use it's CallbackInfoReturnable
[01lug2025 17:13:11.128] [Worker-Main-10/DEBUG] [REI/]: [REI] Processed 0 tags in 12.80 μs for minecraft:worldgen/biome
[01lug2025 17:13:11.128] [Worker-Main-9/DEBUG] [REI/]: [REI] Processed 0 tags in 6.700 μs for minecraft:enchantment
[01lug2025 17:13:11.128] [Worker-Main-5/DEBUG] [REI/]: [REI] Processed 0 tags in 4.900 μs for minecraft:worldgen/world_preset
[01lug2025 17:13:11.129] [Worker-Main-12/DEBUG] [REI/]: [REI] Processed 2 tags in 3.177 ms for minecraft:cat_variant
[01lug2025 17:13:11.128] [Worker-Main-15/DEBUG] [REI/]: [REI] Processed 0 tags in 5.500 μs for minecraft:damage_type
[01lug2025 17:13:11.128] [Worker-Main-6/DEBUG] [REI/]: [REI] Processed 0 tags in 3.500 μs for minecraft:painting_variant
[01lug2025 17:13:11.129] [Worker-Main-7/DEBUG] [REI/]: [REI] Processed 5 tags in 2.673 ms for minecraft:fluid
[01lug2025 17:13:11.129] [Worker-Main-4/DEBUG] [REI/]: [REI] Processed 3 tags in 2.877 ms for minecraft:instrument
[01lug2025 17:13:11.129] [Worker-Main-11/DEBUG] [REI/]: [REI] Processed 38 tags in 2.458 ms for minecraft:entity_type
[01lug2025 17:13:11.128] [Worker-Main-1/DEBUG] [REI/]: [REI] Processed 0 tags in 30.30 μs for minecraft:worldgen/flat_level_generator_preset
[01lug2025 17:13:11.129] [Worker-Main-2/DEBUG] [REI/]: [REI] Processed 3 tags in 3.058 ms for minecraft:point_of_interest_type
[01lug2025 17:13:11.129] [Worker-Main-3/DEBUG] [REI/]: [REI] Processed 5 tags in 3.004 ms for minecraft:game_event
[01lug2025 17:13:11.128] [Worker-Main-8/DEBUG] [REI/]: [REI] Processed 0 tags in 4.000 μs for minecraft:banner_pattern
[01lug2025 17:13:11.132] [Worker-Main-5/DEBUG] [REI/]: [REI] Processed 0 tags in 6.400 μs for minecraft:worldgen/structure
[01lug2025 17:13:11.140] [Worker-Main-14/DEBUG] [REI/]: [REI] Processed 296 tags in 609.9 μs for minecraft:block
[01lug2025 17:13:11.143] [Worker-Main-13/DEBUG] [REI/]: [REI] Processed 390 tags in 507.1 μs for minecraft:item
[01lug2025 17:13:11.267] [Render thread/INFO] [net.minecraft.world.item.crafting.RecipeManager/]: Loaded 1365 recipes
[01lug2025 17:13:11.426] [Render thread/INFO] [net.minecraft.advancements.AdvancementTree/]: Loaded 1486 advancements
[01lug2025 17:13:11.660] [Render thread/INFO] [mezz.jei.neoforge.startup.StartEventObserver/]: JEI StartEventObserver received class net.neoforged.neoforge.event.TagsUpdatedEvent too early, ignoring
[01lug2025 17:13:11.672] [Render thread/DEBUG] [REI/]: [REI] Player quit, clearing reload tasks!
[01lug2025 17:13:11.673] [Render thread/DEBUG] [REI/]: [REI] Did not fulfill the request of termination of REI reload tasks because there are no uninterrupted running tasks. This is not an error.
[01lug2025 17:13:11.688] [Render thread/DEBUG] [net.neoforged.neoforge.common.CommonHooks/WP]: Gathered mod list to write to world save New World
[01lug2025 17:13:11.719] [Server thread/INFO] [net.minecraft.client.server.IntegratedServer/]: Starting integrated minecraft server version 1.21
[01lug2025 17:13:11.719] [Server thread/INFO] [net.minecraft.server.MinecraftServer/]: Generating keypair
[01lug2025 17:13:11.792] [Server thread/DEBUG] [net.neoforged.fml.config.ConfigTracker/CONFIG]: Loading configs type SERVER
[01lug2025 17:13:11.794] [Server thread/DEBUG] [net.neoforged.fml.config.ConfigTracker/CONFIG]: Loaded TOML config file D:\Programmazione\Mod\Immersive Ores\NEOFORGE\1.21\runs\templateClient\config\jei-server.toml
[01lug2025 17:13:11.794] [Server thread/DEBUG] [net.neoforged.fml.config.ConfigTracker/CONFIG]: Watching TOML config file D:\Programmazione\Mod\Immersive Ores\NEOFORGE\1.21\runs\templateClient\config\jei-server.toml for changes
[01lug2025 17:13:11.795] [Server thread/DEBUG] [net.neoforged.neoforge.common.NeoForgeConfig/FORGEMOD]: Loaded NeoForge config file neoforge-server.toml
[01lug2025 17:13:11.795] [Server thread/DEBUG] [net.neoforged.fml.config.ConfigTracker/CONFIG]: Loaded TOML config file D:\Programmazione\Mod\Immersive Ores\NEOFORGE\1.21\runs\templateClient\config\neoforge-server.toml
[01lug2025 17:13:11.795] [Server thread/DEBUG] [net.neoforged.fml.config.ConfigTracker/CONFIG]: Watching TOML config file D:\Programmazione\Mod\Immersive Ores\NEOFORGE\1.21\runs\templateClient\config\neoforge-server.toml for changes
[01lug2025 17:13:11.851] [Server thread/DEBUG] [net.neoforged.coremod.transformer.CoreModBaseTransformer/COREMOD]: Transforming net/minecraft/world/level/levelgen/PhantomSpawner
[01lug2025 17:13:11.854] [Server thread/DEBUG] [net.neoforged.coremod.transformer.CoreModBaseTransformer/COREMOD]: Transforming net/minecraft/world/level/levelgen/PatrolSpawner
[01lug2025 17:13:11.856] [Server thread/DEBUG] [net.neoforged.coremod.transformer.CoreModBaseTransformer/COREMOD]: Transforming net/minecraft/world/entity/npc/CatSpawner
[01lug2025 17:13:11.857] [Server thread/DEBUG] [net.neoforged.coremod.transformer.CoreModBaseTransformer/COREMOD]: Transforming net/minecraft/world/entity/ai/village/VillageSiege
[01lug2025 17:13:12.588] [Server thread/INFO] [net.minecraft.server.MinecraftServer/]: Preparing start region for dimension minecraft:overworld
[01lug2025 17:13:12.641] [Server thread/DEBUG] [mixin/]: Mixing neoforge.MixinChunkSerializer from architectury.mixins.json into net.minecraft.world.level.chunk.storage.ChunkSerializer
[01lug2025 17:13:12.642] [Server thread/DEBUG] [mixin/]: architectury.mixins.json:neoforge.MixinChunkSerializer from mod architectury: Class version 65 required is higher than the class version supported by the current version of Mixin (JAVA_16 supports class version 60)
[01lug2025 17:13:12.651] [Server thread/DEBUG] [mixin/]: architectury.mixins.json:neoforge.MixinChunkSerializer from mod architectury->@Inject::read(Lnet/minecraft/server/level/ServerLevel;Lnet/minecraft/world/entity/ai/village/poi/PoiManager;Lnet/minecraft/world/level/chunk/storage/RegionStorageInfo;Lnet/minecraft/world/level/ChunkPos;Lnet/minecraft/nbt/CompoundTag;Lorg/spongepowered/asm/mixin/injection/callback/CallbackInfoReturnable;)V doesn't use it's CallbackInfoReturnable
[01lug2025 17:13:12.861] [progressListener/INFO] [net.minecraft.server.level.progress.LoggerChunkProgressListener/]: Preparing spawn area: 0%
[01lug2025 17:13:13.040] [Server thread/INFO] [net.neoforged.neoforge.server.permission.PermissionAPI/]: Successfully initialized permission handler neoforge:default_handler
[01lug2025 17:13:13.045] [progressListener/INFO] [net.minecraft.server.level.progress.LoggerChunkProgressListener/]: Time elapsed: 445 ms
[01lug2025 17:13:13.081] [Server thread/DEBUG] [net.neoforged.coremod.transformer.CoreModBaseTransformer/COREMOD]: Transforming net/minecraft/world/level/NaturalSpawner
[01lug2025 17:13:13.096] [Server thread/INFO] [net.minecraft.client.server.IntegratedServer/]: Changing view distance to 12, from 10
[01lug2025 17:13:13.096] [Server thread/INFO] [net.minecraft.client.server.IntegratedServer/]: Changing simulation distance to 12, from 0
[01lug2025 17:13:13.106] [Render thread/DEBUG] [io.netty.channel.MultithreadEventLoopGroup/]: -Dio.netty.eventLoopThreads: 32
[01lug2025 17:13:13.114] [Render thread/DEBUG] [io.netty.util.concurrent.GlobalEventExecutor/]: -Dio.netty.globalEventExecutor.quietPeriodSeconds: 1
[01lug2025 17:13:13.144] [Render thread/DEBUG] [io.netty.channel.nio.NioEventLoop/]: -Dio.netty.noKeySetOptimization: false
[01lug2025 17:13:13.144] [Render thread/DEBUG] [io.netty.channel.nio.NioEventLoop/]: -Dio.netty.selectorAutoRebuildThreshold: 512
[01lug2025 17:13:13.151] [Render thread/DEBUG] [io.netty.util.internal.PlatformDependent/]: org.jctools-core.MpscChunkedArrayQueue: available
[01lug2025 17:13:13.187] [Render thread/DEBUG] [io.netty.channel.DefaultChannelId/]: -Dio.netty.processId: 13696 (auto-detected)
[01lug2025 17:13:13.188] [Render thread/DEBUG] [io.netty.util.NetUtil/]: -Djava.net.preferIPv4Stack: false
[01lug2025 17:13:13.188] [Render thread/DEBUG] [io.netty.util.NetUtil/]: -Djava.net.preferIPv6Addresses: system
[01lug2025 17:13:13.192] [Render thread/DEBUG] [io.netty.util.NetUtilInitializations/]: Loopback interface: loopback_0 (Software Loopback Interface 1, 0:0:0:0:0:0:0:1)
[01lug2025 17:13:13.197] [Render thread/DEBUG] [io.netty.util.NetUtil/]: Failed to get SOMAXCONN from sysctl and file \proc\sys\net\core\somaxconn. Default: 200
[01lug2025 17:13:13.199] [Render thread/DEBUG] [io.netty.channel.DefaultChannelId/]: -Dio.netty.machineId: 34:5a:60:ff:fe:27:db:0f (auto-detected)
[01lug2025 17:13:13.237] [Render thread/DEBUG] [mixin/]: Mixing MixinPacketEncoder from rei.mixins.json into net.minecraft.network.PacketEncoder
[01lug2025 17:13:13.237] [Render thread/DEBUG] [mixin/]: rei.mixins.json:MixinPacketEncoder from mod roughlyenoughitems: Class version 65 required is higher than the class version supported by the current version of Mixin (JAVA_8 supports class version 52)
[01lug2025 17:13:13.237] [Render thread/DEBUG] [mixin/]: Renaming synthetic method lambda$failedToEncode$0(Lnet/minecraft/server/MinecraftServer;Ljava/lang/String;)V to md4308b8$roughlyenoughitems$lambda$failedToEncode$0$0 in rei.mixins.json:MixinPacketEncoder from mod roughlyenoughitems
[01lug2025 17:13:13.246] [Render thread/DEBUG] [mixin/]: rei.mixins.json:MixinPacketEncoder from mod roughlyenoughitems->@Inject::failedToEncode(Lio/netty/channel/ChannelHandlerContext;Lnet/minecraft/network/protocol/Packet;Lio/netty/buffer/ByteBuf;Lorg/spongepowered/asm/mixin/injection/callback/CallbackInfo;)V doesn't use it's CallbackInfo
[01lug2025 17:13:13.246] [Render thread/DEBUG] [mixin/]: rei.mixins.json:MixinPacketEncoder from mod roughlyenoughitems->@Inject::failedToEncode(Lio/netty/channel/ChannelHandlerContext;Lnet/minecraft/network/protocol/Packet;Lio/netty/buffer/ByteBuf;Lorg/spongepowered/asm/mixin/injection/callback/CallbackInfo;)V has 0 override(s) in child classes
[01lug2025 17:13:13.246] [Render thread/DEBUG] [mixin/]: rei.mixins.json:MixinPacketEncoder from mod roughlyenoughitems->@Inject::failedToEncode(Lio/netty/channel/ChannelHandlerContext;Lnet/minecraft/network/protocol/Packet;Lio/netty/buffer/ByteBuf;Lorg/spongepowered/asm/mixin/injection/callback/CallbackInfo;)V won't be passed a CallbackInfo as a result
[01lug2025 17:13:13.345] [Render thread/DEBUG] [io.netty.util.Recycler/]: -Dio.netty.recycler.maxCapacityPerThread: 4096
[01lug2025 17:13:13.347] [Render thread/DEBUG] [io.netty.util.Recycler/]: -Dio.netty.recycler.ratio: 8
[01lug2025 17:13:13.347] [Render thread/DEBUG] [io.netty.util.Recycler/]: -Dio.netty.recycler.chunkSize: 32
[01lug2025 17:13:13.347] [Render thread/DEBUG] [io.netty.util.Recycler/]: -Dio.netty.recycler.blocking: false
[01lug2025 17:13:13.347] [Render thread/DEBUG] [io.netty.util.Recycler/]: -Dio.netty.recycler.batchFastThreadLocalOnly: true
[01lug2025 17:13:13.540] [Netty Server IO #1/DEBUG] [net.neoforged.neoforge.network.filters.NetworkFilters/]: Injected net.neoforged.neoforge.network.filters.GenericPacketSplitter@10f2b0fc into net.minecraft.network.Connection@669e8aa6
[01lug2025 17:13:13.544] [Netty Local Client IO #0/DEBUG] [net.neoforged.neoforge.network.filters.NetworkFilters/]: Injected net.neoforged.neoforge.network.filters.GenericPacketSplitter@433c24e0 into net.minecraft.network.Connection@11f57eff
[01lug2025 17:13:13.715] [Render thread/INFO] [mezz.jei.neoforge.startup.StartEventObserver/]: JEI StartEventObserver received class net.neoforged.neoforge.event.TagsUpdatedEvent
[01lug2025 17:13:13.779] [Render thread/DEBUG] [mixin/]: Mixing MixinClientPacketListener from rei.mixins.json into net.minecraft.client.multiplayer.ClientPacketListener
[01lug2025 17:13:13.780] [Render thread/DEBUG] [mixin/]: rei.mixins.json:MixinClientPacketListener from mod roughlyenoughitems: Class version 65 required is higher than the class version supported by the current version of Mixin (JAVA_8 supports class version 52)
[01lug2025 17:13:13.783] [Render thread/DEBUG] [mixin/]: rei.mixins.json:MixinClientPacketListener from mod roughlyenoughitems->@Inject::handleUpdateRecipes(Lnet/minecraft/network/protocol/game/ClientboundUpdateRecipesPacket;Lorg/spongepowered/asm/mixin/injection/callback/CallbackInfo;)V doesn't use it's CallbackInfo
[01lug2025 17:13:13.784] [Render thread/DEBUG] [mixin/]: rei.mixins.json:MixinClientPacketListener from mod roughlyenoughitems->@Inject::handleUpdateRecipes(Lnet/minecraft/network/protocol/game/ClientboundUpdateRecipesPacket;Lorg/spongepowered/asm/mixin/injection/callback/CallbackInfo;)V has 0 override(s) in child classes
[01lug2025 17:13:13.784] [Render thread/DEBUG] [mixin/]: rei.mixins.json:MixinClientPacketListener from mod roughlyenoughitems->@Inject::handleUpdateRecipes(Lnet/minecraft/network/protocol/game/ClientboundUpdateRecipesPacket;Lorg/spongepowered/asm/mixin/injection/callback/CallbackInfo;)V won't be passed a CallbackInfo as a result
[01lug2025 17:13:13.784] [Render thread/DEBUG] [mixin/]: rei.mixins.json:MixinClientPacketListener from mod roughlyenoughitems->@Inject::handleUpdateTags(Lnet/minecraft/network/protocol/common/ClientboundUpdateTagsPacket;Lorg/spongepowered/asm/mixin/injection/callback/CallbackInfo;)V doesn't use it's CallbackInfo
[01lug2025 17:13:13.784] [Render thread/DEBUG] [mixin/]: rei.mixins.json:MixinClientPacketListener from mod roughlyenoughitems->@Inject::handleUpdateTags(Lnet/minecraft/network/protocol/common/ClientboundUpdateTagsPacket;Lorg/spongepowered/asm/mixin/injection/callback/CallbackInfo;)V has 0 override(s) in child classes
[01lug2025 17:13:13.784] [Render thread/DEBUG] [mixin/]: rei.mixins.json:MixinClientPacketListener from mod roughlyenoughitems->@Inject::handleUpdateTags(Lnet/minecraft/network/protocol/common/ClientboundUpdateTagsPacket;Lorg/spongepowered/asm/mixin/injection/callback/CallbackInfo;)V won't be passed a CallbackInfo as a result
[01lug2025 17:13:13.816] [Netty Server IO #1/DEBUG] [net.neoforged.neoforge.network.filters.NetworkFilters/]: Injected net.neoforged.neoforge.network.filters.GenericPacketSplitter@4ac91ef6 into net.minecraft.network.Connection@669e8aa6
[01lug2025 17:13:13.864] [Server thread/INFO] [net.minecraft.server.players.PlayerList/]: Dev[local:E:57126cbf] logged in with entity id 137 at (-106.85929190681665, 63.0, -144.4339945788195)
[01lug2025 17:13:13.925] [Server thread/INFO] [net.minecraft.server.MinecraftServer/]: Dev joined the game
[01lug2025 17:13:14.014] [Server thread/DEBUG] [mixin/]: Mixing MixinItemExtension from architectury.mixins.json into dev.architectury.extensions.ItemExtension
[01lug2025 17:13:14.014] [Server thread/DEBUG] [mixin/]: architectury.mixins.json:MixinItemExtension from mod architectury: Class version 65 required is higher than the class version supported by the current version of Mixin (JAVA_16 supports class version 60)
[01lug2025 17:13:14.024] [Render thread/DEBUG] [REI/]: [REI] Starting Reload Plugins of stage START
java.lang.Throwable: null
	at TRANSFORMER/roughlyenoughitems@16.0.799/me.shedaniel.rei.impl.common.plugins.ReloadManagerImpl.reloadPlugins(ReloadManagerImpl.java:110) ~[RoughlyEnoughItems-neoforge-16.0.799.jar%23194!/:?]
	at TRANSFORMER/roughlyenoughitems@16.0.799/me.shedaniel.rei.RoughlyEnoughItemsCoreClient.reloadPlugins(RoughlyEnoughItemsCoreClient.java:478) ~[RoughlyEnoughItems-neoforge-16.0.799.jar%23194!/:?]
	at TRANSFORMER/roughlyenoughitems@16.0.799/me.shedaniel.rei.RoughlyEnoughItemsCoreClient.lambda$registerEvents$9(RoughlyEnoughItemsCoreClient.java:312) ~[RoughlyEnoughItems-neoforge-16.0.799.jar%23194!/:?]
	at TRANSFORMER/minecraft@1.21/net.minecraft.client.multiplayer.ClientPacketListener.handler$zzd000$roughlyenoughitems$handleUpdateRecipes(ClientPacketListener.java:2619) ~[neoforge-21.0.167.jar%23189!/:?]
	at TRANSFORMER/minecraft@1.21/net.minecraft.client.multiplayer.ClientPacketListener.handleUpdateRecipes(ClientPacketListener.java) ~[neoforge-21.0.167.jar%23189!/:?]
	at TRANSFORMER/minecraft@1.21/net.minecraft.network.protocol.game.ClientboundUpdateRecipesPacket.handle(ClientboundUpdateRecipesPacket.java:28) ~[neoforge-21.0.167.jar%23189!/:?]
	at TRANSFORMER/minecraft@1.21/net.minecraft.network.protocol.game.ClientboundUpdateRecipesPacket.handle(ClientboundUpdateRecipesPacket.java:12) ~[neoforge-21.0.167.jar%23189!/:?]
	at TRANSFORMER/minecraft@1.21/net.minecraft.network.protocol.PacketUtils.lambda$ensureRunningOnSameThread$0(PacketUtils.java:26) ~[neoforge-21.0.167.jar%23189!/:?]
	at TRANSFORMER/minecraft@1.21/net.minecraft.util.thread.BlockableEventLoop.doRunTask(BlockableEventLoop.java:148) ~[neoforge-21.0.167.jar%23189!/:?]
	at TRANSFORMER/minecraft@1.21/net.minecraft.util.thread.ReentrantBlockableEventLoop.doRunTask(ReentrantBlockableEventLoop.java:24) ~[neoforge-21.0.167.jar%23189!/:?]
	at TRANSFORMER/minecraft@1.21/net.minecraft.util.thread.BlockableEventLoop.pollTask(BlockableEventLoop.java:122) ~[neoforge-21.0.167.jar%23189!/:?]
	at TRANSFORMER/minecraft@1.21/net.minecraft.util.thread.BlockableEventLoop.runAllTasks(BlockableEventLoop.java:111) ~[neoforge-21.0.167.jar%23189!/:?]
	at TRANSFORMER/minecraft@1.21/net.minecraft.client.Minecraft.runTick(Minecraft.java:1155) ~[neoforge-21.0.167.jar%23189!/:?]
	at TRANSFORMER/minecraft@1.21/net.minecraft.client.Minecraft.run(Minecraft.java:807) ~[neoforge-21.0.167.jar%23189!/:?]
	at TRANSFORMER/minecraft@1.21/net.minecraft.client.main.Main.main(Main.java:230) ~[neoforge-21.0.167.jar%23189!/:?]
	at java.base/jdk.internal.reflect.DirectMethodHandleAccessor.invoke(DirectMethodHandleAccessor.java:103) ~[?:?]
	at java.base/java.lang.reflect.Method.invoke(Method.java:580) ~[?:?]
	at MC-BOOTSTRAP/fml_loader@4.0.23/net.neoforged.fml.loading.targets.CommonLaunchHandler.runTarget(CommonLaunchHandler.java:136) ~[loader-4.0.23.jar%23143!/:4.0]
	at MC-BOOTSTRAP/fml_loader@4.0.23/net.neoforged.fml.loading.targets.CommonLaunchHandler.clientService(CommonLaunchHandler.java:124) ~[loader-4.0.23.jar%23143!/:4.0]
	at MC-BOOTSTRAP/fml_loader@4.0.23/net.neoforged.fml.loading.targets.NeoForgeClientUserdevLaunchHandler.runService(NeoForgeClientUserdevLaunchHandler.java:23) ~[loader-4.0.23.jar%23143!/:4.0]
	at MC-BOOTSTRAP/fml_loader@4.0.23/net.neoforged.fml.loading.targets.CommonLaunchHandler.lambda$launchService$4(CommonLaunchHandler.java:118) ~[loader-4.0.23.jar%23143!/:4.0]
	at MC-BOOTSTRAP/cpw.mods.modlauncher@11.0.4/cpw.mods.modlauncher.LaunchServiceHandlerDecorator.launch(LaunchServiceHandlerDecorator.java:30) [modlauncher-11.0.4.jar%23125!/:?]
	at MC-BOOTSTRAP/cpw.mods.modlauncher@11.0.4/cpw.mods.modlauncher.LaunchServiceHandler.launch(LaunchServiceHandler.java:53) [modlauncher-11.0.4.jar%23125!/:?]
	at MC-BOOTSTRAP/cpw.mods.modlauncher@11.0.4/cpw.mods.modlauncher.LaunchServiceHandler.launch(LaunchServiceHandler.java:71) [modlauncher-11.0.4.jar%23125!/:?]
	at MC-BOOTSTRAP/cpw.mods.modlauncher@11.0.4/cpw.mods.modlauncher.Launcher.run(Launcher.java:103) [modlauncher-11.0.4.jar%23125!/:?]
	at MC-BOOTSTRAP/cpw.mods.modlauncher@11.0.4/cpw.mods.modlauncher.Launcher.main(Launcher.java:74) [modlauncher-11.0.4.jar%23125!/:?]
	at MC-BOOTSTRAP/cpw.mods.modlauncher@11.0.4/cpw.mods.modlauncher.BootstrapLaunchConsumer.accept(BootstrapLaunchConsumer.java:26) [modlauncher-11.0.4.jar%23125!/:?]
	at MC-BOOTSTRAP/cpw.mods.modlauncher@11.0.4/cpw.mods.modlauncher.BootstrapLaunchConsumer.accept(BootstrapLaunchConsumer.java:23) [modlauncher-11.0.4.jar%23125!/:?]
	at cpw.mods.bootstraplauncher@2.0.2/cpw.mods.bootstraplauncher.BootstrapLauncher.run(BootstrapLauncher.java:210) [bootstraplauncher-2.0.2.jar:?]
	at cpw.mods.bootstraplauncher@2.0.2/cpw.mods.bootstraplauncher.BootstrapLauncher.main(BootstrapLauncher.java:69) [bootstraplauncher-2.0.2.jar:?]
[01lug2025 17:13:14.039] [REI-ReloadPlugins/DEBUG] [REI/]: [REI] ========================================
[01lug2025 17:13:14.039] [REI-ReloadPlugins/DEBUG] [REI/]: [REI] REIPlugin starting pre-reload for START.
[01lug2025 17:13:14.039] [REI-ReloadPlugins/DEBUG] [REI/]: [REI] Reloadables (8):
[01lug2025 17:13:14.039] [REI-ReloadPlugins/DEBUG] [REI/]: [REI]  - EntryTypeRegistryImpl
[01lug2025 17:13:14.039] [REI-ReloadPlugins/DEBUG] [REI/]: [REI]  - EntrySettingsAdapterRegistryImpl
[01lug2025 17:13:14.039] [REI-ReloadPlugins/DEBUG] [REI/]: [REI]  - RecipeManagerContextImpl
[01lug2025 17:13:14.039] [REI-ReloadPlugins/DEBUG] [REI/]: [REI]  - ItemComparatorRegistryImpl
[01lug2025 17:13:14.039] [REI-ReloadPlugins/DEBUG] [REI/]: [REI]  - FluidComparatorRegistryImpl
[01lug2025 17:13:14.039] [REI-ReloadPlugins/DEBUG] [REI/]: [REI]  - DisplaySerializerRegistryImpl
[01lug2025 17:13:14.039] [REI-ReloadPlugins/DEBUG] [REI/]: [REI]  - FluidSupportProviderImpl
[01lug2025 17:13:14.040] [REI-ReloadPlugins/DEBUG] [REI/]: [REI]  - me.shedaniel.rei.plugin.client.runtime.PluginStageExecutionWatcher$1
[01lug2025 17:13:14.040] [REI-ReloadPlugins/DEBUG] [REI/]: [REI] Plugins (5):
[01lug2025 17:13:14.040] [REI-ReloadPlugins/DEBUG] [REI/]: [REI]  - (-100,00) DefaultClientPluginImpl of DefaultClientPluginImpl [roughlyenoughitems]
[01lug2025 17:13:14.040] [REI-ReloadPlugins/DEBUG] [REI/]: [REI]  - (-100,00) DefaultPluginImpl of DefaultPluginImpl [roughlyenoughitems]
[01lug2025 17:13:14.040] [REI-ReloadPlugins/DEBUG] [REI/]: [REI]  - (0,00) HideIngredientsFromTagsPlugin of HideIngredientsFromTagsPlugin [roughlyenoughitems]
[01lug2025 17:13:14.040] [REI-ReloadPlugins/DEBUG] [REI/]: [REI]  - (0,00) DefaultClientRuntimePlugin of DefaultClientRuntimePlugin [roughlyenoughitems]
[01lug2025 17:13:14.040] [REI-ReloadPlugins/DEBUG] [REI/]: [REI]  - (0,00) DefaultRuntimePlugin of DefaultRuntimePlugin [roughlyenoughitems]
[01lug2025 17:13:14.040] [REI-ReloadPlugins/DEBUG] [REI/]: [REI] ========================================
[01lug2025 17:13:14.053] [Render thread/DEBUG] [REI/]: [REI] Starting Reload Plugins of stage END
java.lang.Throwable: null
	at TRANSFORMER/roughlyenoughitems@16.0.799/me.shedaniel.rei.impl.common.plugins.ReloadManagerImpl.reloadPlugins(ReloadManagerImpl.java:110) ~[RoughlyEnoughItems-neoforge-16.0.799.jar%23194!/:?]
	at TRANSFORMER/roughlyenoughitems@16.0.799/me.shedaniel.rei.RoughlyEnoughItemsCoreClient.reloadPlugins(RoughlyEnoughItemsCoreClient.java:478) ~[RoughlyEnoughItems-neoforge-16.0.799.jar%23194!/:?]
	at TRANSFORMER/roughlyenoughitems@16.0.799/me.shedaniel.rei.RoughlyEnoughItemsCoreClient.reloadPlugins(RoughlyEnoughItemsCoreClient.java:465) ~[RoughlyEnoughItems-neoforge-16.0.799.jar%23194!/:?]
	at TRANSFORMER/roughlyenoughitems@16.0.799/me.shedaniel.rei.RoughlyEnoughItemsCoreClient.lambda$registerEvents$10(RoughlyEnoughItemsCoreClient.java:315) ~[RoughlyEnoughItems-neoforge-16.0.799.jar%23194!/:?]
	at TRANSFORMER/architectury@13.0.5/dev.architectury.event.forge.EventHandlerImplClient.event(EventHandlerImplClient.java:176) ~[architectury-neoforge-13.0.5.jar%23193!/:?]
	at MC-BOOTSTRAP/net.neoforged.bus/net.neoforged.bus.EventBus.post(EventBus.java:350) ~[bus-8.0.1.jar%23147!/:?]
	at MC-BOOTSTRAP/net.neoforged.bus/net.neoforged.bus.EventBus.post(EventBus.java:315) ~[bus-8.0.1.jar%23147!/:?]
	at TRANSFORMER/neoforge@21.0.167/net.neoforged.neoforge.client.ClientHooks.onRecipesUpdated(ClientHooks.java:662) ~[neoforge-21.0.167.jar%23190!/:?]
	at TRANSFORMER/minecraft@1.21/net.minecraft.client.multiplayer.ClientPacketListener.handleUpdateRecipes(ClientPacketListener.java:1500) ~[neoforge-21.0.167.jar%23189!/:?]
	at TRANSFORMER/minecraft@1.21/net.minecraft.network.protocol.game.ClientboundUpdateRecipesPacket.handle(ClientboundUpdateRecipesPacket.java:28) ~[neoforge-21.0.167.jar%23189!/:?]
	at TRANSFORMER/minecraft@1.21/net.minecraft.network.protocol.game.ClientboundUpdateRecipesPacket.handle(ClientboundUpdateRecipesPacket.java:12) ~[neoforge-21.0.167.jar%23189!/:?]
	at TRANSFORMER/minecraft@1.21/net.minecraft.network.protocol.PacketUtils.lambda$ensureRunningOnSameThread$0(PacketUtils.java:26) ~[neoforge-21.0.167.jar%23189!/:?]
	at TRANSFORMER/minecraft@1.21/net.minecraft.util.thread.BlockableEventLoop.doRunTask(BlockableEventLoop.java:148) ~[neoforge-21.0.167.jar%23189!/:?]
	at TRANSFORMER/minecraft@1.21/net.minecraft.util.thread.ReentrantBlockableEventLoop.doRunTask(ReentrantBlockableEventLoop.java:24) ~[neoforge-21.0.167.jar%23189!/:?]
	at TRANSFORMER/minecraft@1.21/net.minecraft.util.thread.BlockableEventLoop.pollTask(BlockableEventLoop.java:122) ~[neoforge-21.0.167.jar%23189!/:?]
	at TRANSFORMER/minecraft@1.21/net.minecraft.util.thread.BlockableEventLoop.runAllTasks(BlockableEventLoop.java:111) ~[neoforge-21.0.167.jar%23189!/:?]
	at TRANSFORMER/minecraft@1.21/net.minecraft.client.Minecraft.runTick(Minecraft.java:1155) ~[neoforge-21.0.167.jar%23189!/:?]
	at TRANSFORMER/minecraft@1.21/net.minecraft.client.Minecraft.run(Minecraft.java:807) ~[neoforge-21.0.167.jar%23189!/:?]
	at TRANSFORMER/minecraft@1.21/net.minecraft.client.main.Main.main(Main.java:230) ~[neoforge-21.0.167.jar%23189!/:?]
	at java.base/jdk.internal.reflect.DirectMethodHandleAccessor.invoke(DirectMethodHandleAccessor.java:103) ~[?:?]
	at java.base/java.lang.reflect.Method.invoke(Method.java:580) ~[?:?]
	at MC-BOOTSTRAP/fml_loader@4.0.23/net.neoforged.fml.loading.targets.CommonLaunchHandler.runTarget(CommonLaunchHandler.java:136) ~[loader-4.0.23.jar%23143!/:4.0]
	at MC-BOOTSTRAP/fml_loader@4.0.23/net.neoforged.fml.loading.targets.CommonLaunchHandler.clientService(CommonLaunchHandler.java:124) ~[loader-4.0.23.jar%23143!/:4.0]
	at MC-BOOTSTRAP/fml_loader@4.0.23/net.neoforged.fml.loading.targets.NeoForgeClientUserdevLaunchHandler.runService(NeoForgeClientUserdevLaunchHandler.java:23) ~[loader-4.0.23.jar%23143!/:4.0]
	at MC-BOOTSTRAP/fml_loader@4.0.23/net.neoforged.fml.loading.targets.CommonLaunchHandler.lambda$launchService$4(CommonLaunchHandler.java:118) ~[loader-4.0.23.jar%23143!/:4.0]
	at MC-BOOTSTRAP/cpw.mods.modlauncher@11.0.4/cpw.mods.modlauncher.LaunchServiceHandlerDecorator.launch(LaunchServiceHandlerDecorator.java:30) [modlauncher-11.0.4.jar%23125!/:?]
	at MC-BOOTSTRAP/cpw.mods.modlauncher@11.0.4/cpw.mods.modlauncher.LaunchServiceHandler.launch(LaunchServiceHandler.java:53) [modlauncher-11.0.4.jar%23125!/:?]
	at MC-BOOTSTRAP/cpw.mods.modlauncher@11.0.4/cpw.mods.modlauncher.LaunchServiceHandler.launch(LaunchServiceHandler.java:71) [modlauncher-11.0.4.jar%23125!/:?]
	at MC-BOOTSTRAP/cpw.mods.modlauncher@11.0.4/cpw.mods.modlauncher.Launcher.run(Launcher.java:103) [modlauncher-11.0.4.jar%23125!/:?]
	at MC-BOOTSTRAP/cpw.mods.modlauncher@11.0.4/cpw.mods.modlauncher.Launcher.main(Launcher.java:74) [modlauncher-11.0.4.jar%23125!/:?]
	at MC-BOOTSTRAP/cpw.mods.modlauncher@11.0.4/cpw.mods.modlauncher.BootstrapLaunchConsumer.accept(BootstrapLaunchConsumer.java:26) [modlauncher-11.0.4.jar%23125!/:?]
	at MC-BOOTSTRAP/cpw.mods.modlauncher@11.0.4/cpw.mods.modlauncher.BootstrapLaunchConsumer.accept(BootstrapLaunchConsumer.java:23) [modlauncher-11.0.4.jar%23125!/:?]
	at cpw.mods.bootstraplauncher@2.0.2/cpw.mods.bootstraplauncher.BootstrapLauncher.run(BootstrapLauncher.java:210) [bootstraplauncher-2.0.2.jar:?]
	at cpw.mods.bootstraplauncher@2.0.2/cpw.mods.bootstraplauncher.BootstrapLauncher.main(BootstrapLauncher.java:69) [bootstraplauncher-2.0.2.jar:?]
[01lug2025 17:13:14.054] [Render thread/WARN] [REI/]: [REI] Found 1 existing reload task(s) after trying to terminate them!
[01lug2025 17:13:14.054] [Render thread/INFO] [mezz.jei.neoforge.startup.StartEventObserver/]: JEI StartEventObserver received class net.neoforged.neoforge.client.event.RecipesUpdatedEvent
[01lug2025 17:13:14.054] [Render thread/INFO] [mezz.jei.neoforge.startup.StartEventObserver/]: JEI StartEventObserver transitioning state from LISTENING to JEI_STARTED
[01lug2025 17:13:14.055] [Render thread/INFO] [mezz.jei.core.util.LoggedTimer/]: Starting JEI...
[01lug2025 17:13:14.071] [Render thread/INFO] [mezz.jei.library.load.PluginCaller/]: Registering item subtypes...
[01lug2025 17:13:14.071] [Render thread/DEBUG] [mezz.jei.library.load.PluginCallerTimerRunnable/]: Registering item subtypes: jei:minecraft...
[01lug2025 17:13:14.083] [Render thread/INFO] [mezz.jei.library.load.PluginCallerTimerRunnable/]: Registering item subtypes: jei:minecraft took 11.31 milliseconds
[01lug2025 17:13:14.083] [Render thread/DEBUG] [mezz.jei.library.load.PluginCallerTimerRunnable/]: Registering item subtypes: jei:neoforge_gui...
[01lug2025 17:13:14.083] [Render thread/DEBUG] [mezz.jei.library.load.PluginCallerTimerRunnable/]: Registering item subtypes: jei:debug...
[01lug2025 17:13:14.083] [Render thread/DEBUG] [mezz.jei.library.load.PluginCallerTimerRunnable/]: Registering item subtypes: jei:gui...
[01lug2025 17:13:14.083] [Render thread/DEBUG] [mezz.jei.library.load.PluginCallerTimerRunnable/]: Registering item subtypes: jei:internal...
[01lug2025 17:13:14.083] [Render thread/INFO] [mezz.jei.library.load.PluginCaller/]: Registering item subtypes took 12.56 ms
[01lug2025 17:13:14.084] [Render thread/INFO] [mezz.jei.library.load.PluginCaller/]: Registering fluid subtypes...
[01lug2025 17:13:14.085] [Render thread/DEBUG] [mezz.jei.library.load.PluginCallerTimerRunnable/]: Registering fluid subtypes: jei:minecraft...
[01lug2025 17:13:14.085] [Render thread/DEBUG] [mezz.jei.library.load.PluginCallerTimerRunnable/]: Registering fluid subtypes: jei:neoforge_gui...
[01lug2025 17:13:14.085] [Render thread/DEBUG] [mezz.jei.library.load.PluginCallerTimerRunnable/]: Registering fluid subtypes: jei:debug...
[01lug2025 17:13:14.088] [Render thread/DEBUG] [mezz.jei.library.load.PluginCallerTimerRunnable/]: Registering fluid subtypes: jei:gui...
[01lug2025 17:13:14.088] [Render thread/DEBUG] [mezz.jei.library.load.PluginCallerTimerRunnable/]: Registering fluid subtypes: jei:internal...
[01lug2025 17:13:14.088] [Render thread/INFO] [mezz.jei.library.load.PluginCaller/]: Registering fluid subtypes took 3.591 ms
[01lug2025 17:13:14.091] [Render thread/INFO] [mezz.jei.library.load.PluginCaller/]: Registering ingredients...
[01lug2025 17:13:14.092] [Render thread/DEBUG] [mezz.jei.library.load.PluginCallerTimerRunnable/]: Registering ingredients: jei:minecraft...
[01lug2025 17:13:14.110] [REI-ReloadPlugins/DEBUG] [REI/]: [REI] ========================================
[01lug2025 17:13:14.110] [REI-ReloadPlugins/DEBUG] [REI/]: [REI] REIPlugin finished pre-reload for START in 69.57 ms.
[01lug2025 17:13:14.110] [REI-ReloadPlugins/DEBUG] [REI/]: [REI] ========================================
[01lug2025 17:13:14.110] [REI-ReloadPlugins/DEBUG] [REI/]: [REI] ========================================
[01lug2025 17:13:14.110] [REI-ReloadPlugins/DEBUG] [REI/]: [REI] REIClientPlugin starting pre-reload for START.
[01lug2025 17:13:14.110] [REI-ReloadPlugins/DEBUG] [REI/]: [REI] Reloadables (18):
[01lug2025 17:13:14.110] [REI-ReloadPlugins/DEBUG] [REI/]: [REI]  - EntryRendererRegistryImpl
[01lug2025 17:13:14.110] [REI-ReloadPlugins/DEBUG] [REI/]: [REI]  - ViewsImpl
[01lug2025 17:13:14.110] [REI-ReloadPlugins/DEBUG] [REI/]: [REI]  - InputMethodRegistryImpl
[01lug2025 17:13:14.110] [REI-ReloadPlugins/DEBUG] [REI/]: [REI]  - SearchProviderImpl
[01lug2025 17:13:14.110] [REI-ReloadPlugins/DEBUG] [REI/]: [REI]  - ConfigManagerImpl
[01lug2025 17:13:14.110] [REI-ReloadPlugins/DEBUG] [REI/]: [REI]  - EntryRegistryImpl
[01lug2025 17:13:14.110] [REI-ReloadPlugins/DEBUG] [REI/]: [REI]  - CollapsibleEntryRegistryImpl
[01lug2025 17:13:14.110] [REI-ReloadPlugins/DEBUG] [REI/]: [REI]  - BasicFilteringRuleImpl
[01lug2025 17:13:14.110] [REI-ReloadPlugins/DEBUG] [REI/]: [REI]  - CategoryRegistryImpl
[01lug2025 17:13:14.110] [REI-ReloadPlugins/DEBUG] [REI/]: [REI]  - DisplayRegistryImpl
[01lug2025 17:13:14.110] [REI-ReloadPlugins/DEBUG] [REI/]: [REI]  - ScreenRegistryImpl
[01lug2025 17:13:14.110] [REI-ReloadPlugins/DEBUG] [REI/]: [REI]  - FavoriteEntryTypeRegistryImpl
[01lug2025 17:13:14.110] [REI-ReloadPlugins/DEBUG] [REI/]: [REI]  - SubsetsRegistryImpl
[01lug2025 17:13:14.110] [REI-ReloadPlugins/DEBUG] [REI/]: [REI]  - TransferHandlerRegistryImpl
[01lug2025 17:13:14.110] [REI-ReloadPlugins/DEBUG] [REI/]: [REI]  - SearchRuntime
[01lug2025 17:13:14.110] [REI-ReloadPlugins/DEBUG] [REI/]: [REI]  - REIRuntimeImpl
[01lug2025 17:13:14.110] [REI-ReloadPlugins/DEBUG] [REI/]: [REI]  - ConfigAddonRegistryImpl
[01lug2025 17:13:14.110] [REI-ReloadPlugins/DEBUG] [REI/]: [REI]  - me.shedaniel.rei.plugin.client.runtime.PluginStageExecutionWatcher$1
[01lug2025 17:13:14.110] [REI-ReloadPlugins/DEBUG] [REI/]: [REI] Plugins (3):
[01lug2025 17:13:14.110] [REI-ReloadPlugins/DEBUG] [REI/]: [REI]  - (-100,00) DefaultClientPluginImpl of DefaultClientPluginImpl [roughlyenoughitems]
[01lug2025 17:13:14.110] [REI-ReloadPlugins/DEBUG] [REI/]: [REI]  - (0,00) HideIngredientsFromTagsPlugin of HideIngredientsFromTagsPlugin [roughlyenoughitems]
[01lug2025 17:13:14.111] [REI-ReloadPlugins/DEBUG] [REI/]: [REI]  - (0,00) DefaultClientRuntimePlugin of DefaultClientRuntimePlugin [roughlyenoughitems]
[01lug2025 17:13:14.111] [REI-ReloadPlugins/DEBUG] [REI/]: [REI] ========================================
[01lug2025 17:13:14.111] [Render thread/DEBUG] [mezz.jei.library.plugins.vanilla.ingredients.ItemStackListFactory/]: Added 402/402 new items from creative tab: Building Blocks
[01lug2025 17:13:14.112] [REI-ReloadPlugins/DEBUG] [REI/]: [REI] ========================================
[01lug2025 17:13:14.112] [REI-ReloadPlugins/DEBUG] [REI/]: [REI] REIClientPlugin finished pre-reload for START in 1.345 ms.
[01lug2025 17:13:14.112] [REI-ReloadPlugins/DEBUG] [REI/]: [REI] ========================================
[01lug2025 17:13:14.112] [REI-ReloadPlugins/DEBUG] [REI/]: [REI] ========================================
[01lug2025 17:13:14.112] [REI-ReloadPlugins/DEBUG] [REI/]: [REI] REIServerPlugin starting pre-reload for START.
[01lug2025 17:13:14.112] [REI-ReloadPlugins/DEBUG] [REI/]: [REI] Reloadables (3):
[01lug2025 17:13:14.112] [REI-ReloadPlugins/DEBUG] [REI/]: [REI]  - MenuInfoRegistryImpl
[01lug2025 17:13:14.112] [REI-ReloadPlugins/DEBUG] [REI/]: [REI]  - SlotAccessorRegistryImpl
[01lug2025 17:13:14.112] [REI-ReloadPlugins/DEBUG] [REI/]: [REI]  - me.shedaniel.rei.plugin.client.runtime.PluginStageExecutionWatcher$1
[01lug2025 17:13:14.112] [REI-ReloadPlugins/DEBUG] [REI/]: [REI] Plugins (2):
[01lug2025 17:13:14.112] [REI-ReloadPlugins/DEBUG] [REI/]: [REI]  - (-100,00) DefaultPluginImpl of DefaultPluginImpl [roughlyenoughitems]
[01lug2025 17:13:14.113] [REI-ReloadPlugins/DEBUG] [REI/]: [REI]  - (0,00) DefaultRuntimePlugin of DefaultRuntimePlugin [roughlyenoughitems]
[01lug2025 17:13:14.113] [REI-ReloadPlugins/DEBUG] [REI/]: [REI] ========================================
[01lug2025 17:13:14.113] [REI-ReloadPlugins/DEBUG] [REI/]: [REI] ========================================
[01lug2025 17:13:14.114] [REI-ReloadPlugins/DEBUG] [REI/]: [REI] REIServerPlugin finished pre-reload for START in 465.6 μs.
[01lug2025 17:13:14.114] [REI-ReloadPlugins/DEBUG] [REI/]: [REI] ========================================
[01lug2025 17:13:14.115] [REI-ReloadPlugins/INFO] [REI/]: [REI] ~~~~~~~~~~~~~~~~~~~~~~~~~~~~~~~~~~~~~~~~
[01lug2025 17:13:14.116] [REI-ReloadPlugins/INFO] [REI/]: [REI] REIPlugin starting main-reload for START.
[01lug2025 17:13:14.116] [REI-ReloadPlugins/DEBUG] [REI/]: [REI] Reloadables (8):
[01lug2025 17:13:14.116] [REI-ReloadPlugins/DEBUG] [REI/]: [REI]  - EntryTypeRegistryImpl
[01lug2025 17:13:14.116] [REI-ReloadPlugins/DEBUG] [REI/]: [REI]  - EntrySettingsAdapterRegistryImpl
[01lug2025 17:13:14.116] [REI-ReloadPlugins/DEBUG] [REI/]: [REI]  - RecipeManagerContextImpl
[01lug2025 17:13:14.116] [REI-ReloadPlugins/DEBUG] [REI/]: [REI]  - ItemComparatorRegistryImpl
[01lug2025 17:13:14.116] [REI-ReloadPlugins/DEBUG] [REI/]: [REI]  - FluidComparatorRegistryImpl
[01lug2025 17:13:14.116] [REI-ReloadPlugins/DEBUG] [REI/]: [REI]  - DisplaySerializerRegistryImpl
[01lug2025 17:13:14.116] [Render thread/DEBUG] [mezz.jei.library.plugins.vanilla.ingredients.ItemStackListFactory/]: Added 198/198 new items from creative tab: Colored Blocks
[01lug2025 17:13:14.116] [REI-ReloadPlugins/DEBUG] [REI/]: [REI]  - FluidSupportProviderImpl
[01lug2025 17:13:14.116] [REI-ReloadPlugins/DEBUG] [REI/]: [REI]  - me.shedaniel.rei.plugin.client.runtime.PluginStageExecutionWatcher$1
[01lug2025 17:13:14.116] [REI-ReloadPlugins/INFO] [REI/]: [REI] Plugins (5):
[01lug2025 17:13:14.117] [REI-ReloadPlugins/INFO] [REI/]: [REI]  - (-100,00) DefaultClientPluginImpl of DefaultClientPluginImpl [roughlyenoughitems]
[01lug2025 17:13:14.117] [REI-ReloadPlugins/INFO] [REI/]: [REI]  - (-100,00) DefaultPluginImpl of DefaultPluginImpl [roughlyenoughitems]
[01lug2025 17:13:14.117] [REI-ReloadPlugins/INFO] [REI/]: [REI]  - (0,00) HideIngredientsFromTagsPlugin of HideIngredientsFromTagsPlugin [roughlyenoughitems]
[01lug2025 17:13:14.117] [REI-ReloadPlugins/INFO] [REI/]: [REI]  - (0,00) DefaultClientRuntimePlugin of DefaultClientRuntimePlugin [roughlyenoughitems]
[01lug2025 17:13:14.117] [REI-ReloadPlugins/INFO] [REI/]: [REI]  - (0,00) DefaultRuntimePlugin of DefaultRuntimePlugin [roughlyenoughitems]
[01lug2025 17:13:14.117] [REI-ReloadPlugins/INFO] [REI/]: [REI] ~~~~~~~~~~~~~~~~~~~~~~~~~~~~~~~~~~~~~~~~
[01lug2025 17:13:14.118] [REI-ReloadPlugins/DEBUG] [REI/]: [REI] ========================================
[01lug2025 17:13:14.119] [REI-ReloadPlugins/DEBUG] [REI/]: [REI] REIPlugin started main-reload for START.
[01lug2025 17:13:14.119] [REI-ReloadPlugins/DEBUG] [REI/]: [REI] ========================================
[01lug2025 17:13:14.119] [Render thread/DEBUG] [mezz.jei.library.plugins.vanilla.ingredients.ItemStackListFactory/]: Added 201/226 new items from creative tab: Natural Blocks
[01lug2025 17:13:14.129] [Render thread/DEBUG] [net.neoforged.coremod.transformer.CoreModBaseTransformer/COREMOD]: Transforming net/minecraft/world/entity/raid/Raid
[01lug2025 17:13:14.148] [Render thread/DEBUG] [mezz.jei.library.plugins.vanilla.ingredients.ItemStackListFactory/]: Added 138/225 new items from creative tab: Functional Blocks
[01lug2025 17:13:14.149] [Render thread/DEBUG] [mezz.jei.library.plugins.vanilla.ingredients.ItemStackListFactory/]: Added 29/68 new items from creative tab: Redstone Blocks
[01lug2025 17:13:14.149] [Render thread/DEBUG] [mezz.jei.library.plugins.vanilla.ingredients.ItemStackListFactory/]: Skipping creative tab: 'Saved Hotbars' because it is type: HOTBAR
[01lug2025 17:13:14.149] [Render thread/DEBUG] [mezz.jei.library.plugins.vanilla.ingredients.ItemStackListFactory/]: Skipping creative tab: 'Search Items' because it is type: SEARCH
[01lug2025 17:13:14.165] [Render thread/DEBUG] [mezz.jei.library.plugins.vanilla.ingredients.ItemStackListFactory/]: Added 101/113 new items from creative tab: Tools & Utilities
[01lug2025 17:13:14.172] [Render thread/DEBUG] [mezz.jei.library.plugins.vanilla.ingredients.ItemStackListFactory/]: Added 92/104 new items from creative tab: Combat
[01lug2025 17:13:14.173] [REI-ReloadPlugins/DEBUG] [REI/]: [REI] ========================================
[01lug2025 17:13:14.174] [REI-ReloadPlugins/DEBUG] [REI/]: [REI] REIPlugin ending main-reload for START.
[01lug2025 17:13:14.174] [REI-ReloadPlugins/DEBUG] [REI/]: [REI] ========================================
[01lug2025 17:13:14.175] [REI-ReloadPlugins/DEBUG] [REI/]: [REI] ========================================
[01lug2025 17:13:14.175] [REI-ReloadPlugins/DEBUG] [REI/]: [REI] REIPlugin ended main-reload for START in 60.76 ms.
[01lug2025 17:13:14.175] [REI-ReloadPlugins/DEBUG] [REI/]: [REI] ========================================
[01lug2025 17:13:14.175] [REI-ReloadPlugins/INFO] [REI/]: [REI] ########################################
[01lug2025 17:13:14.175] [REI-ReloadPlugins/INFO] [REI/]: [REI] REIClientPlugin starting main-reload for START.
[01lug2025 17:13:14.175] [REI-ReloadPlugins/DEBUG] [REI/]: [REI] Reloadables (18):
[01lug2025 17:13:14.175] [REI-ReloadPlugins/DEBUG] [REI/]: [REI]  - EntryRendererRegistryImpl
[01lug2025 17:13:14.175] [REI-ReloadPlugins/DEBUG] [REI/]: [REI]  - ViewsImpl
[01lug2025 17:13:14.175] [REI-ReloadPlugins/DEBUG] [REI/]: [REI]  - InputMethodRegistryImpl
[01lug2025 17:13:14.175] [REI-ReloadPlugins/DEBUG] [REI/]: [REI]  - SearchProviderImpl
[01lug2025 17:13:14.175] [REI-ReloadPlugins/DEBUG] [REI/]: [REI]  - ConfigManagerImpl
[01lug2025 17:13:14.175] [REI-ReloadPlugins/DEBUG] [REI/]: [REI]  - EntryRegistryImpl
[01lug2025 17:13:14.175] [REI-ReloadPlugins/DEBUG] [REI/]: [REI]  - CollapsibleEntryRegistryImpl
[01lug2025 17:13:14.175] [REI-ReloadPlugins/DEBUG] [REI/]: [REI]  - BasicFilteringRuleImpl
[01lug2025 17:13:14.175] [REI-ReloadPlugins/DEBUG] [REI/]: [REI]  - CategoryRegistryImpl
[01lug2025 17:13:14.175] [REI-ReloadPlugins/DEBUG] [REI/]: [REI]  - DisplayRegistryImpl
[01lug2025 17:13:14.175] [REI-ReloadPlugins/DEBUG] [REI/]: [REI]  - ScreenRegistryImpl
[01lug2025 17:13:14.175] [REI-ReloadPlugins/DEBUG] [REI/]: [REI]  - FavoriteEntryTypeRegistryImpl
[01lug2025 17:13:14.176] [REI-ReloadPlugins/DEBUG] [REI/]: [REI]  - SubsetsRegistryImpl
[01lug2025 17:13:14.176] [REI-ReloadPlugins/DEBUG] [REI/]: [REI]  - TransferHandlerRegistryImpl
[01lug2025 17:13:14.176] [REI-ReloadPlugins/DEBUG] [REI/]: [REI]  - SearchRuntime
[01lug2025 17:13:14.176] [REI-ReloadPlugins/DEBUG] [REI/]: [REI]  - REIRuntimeImpl
[01lug2025 17:13:14.176] [REI-ReloadPlugins/DEBUG] [REI/]: [REI]  - ConfigAddonRegistryImpl
[01lug2025 17:13:14.176] [REI-ReloadPlugins/DEBUG] [REI/]: [REI]  - me.shedaniel.rei.plugin.client.runtime.PluginStageExecutionWatcher$1
[01lug2025 17:13:14.176] [REI-ReloadPlugins/INFO] [REI/]: [REI] Plugins (3):
[01lug2025 17:13:14.176] [REI-ReloadPlugins/INFO] [REI/]: [REI]  - (-100,00) DefaultClientPluginImpl of DefaultClientPluginImpl [roughlyenoughitems]
[01lug2025 17:13:14.176] [REI-ReloadPlugins/INFO] [REI/]: [REI]  - (0,00) HideIngredientsFromTagsPlugin of HideIngredientsFromTagsPlugin [roughlyenoughitems]
[01lug2025 17:13:14.176] [REI-ReloadPlugins/INFO] [REI/]: [REI]  - (0,00) DefaultClientRuntimePlugin of DefaultClientRuntimePlugin [roughlyenoughitems]
[01lug2025 17:13:14.176] [REI-ReloadPlugins/INFO] [REI/]: [REI] ########################################
[01lug2025 17:13:14.177] [REI-ReloadPlugins/DEBUG] [REI/]: [REI] Added overlay decider: me.shedaniel.rei.impl.client.registry.screen.ExclusionZonesImpl@42f493bc [-5,00 priority]
[01lug2025 17:13:14.178] [REI-ReloadPlugins/DEBUG] [REI/]: [REI] Added overlay decider: me.shedaniel.rei.impl.client.registry.screen.ScreenRegistryImpl$1@5e8cc064 [-10,00 priority]
[01lug2025 17:13:14.180] [REI-ReloadPlugins/DEBUG] [REI/]: [REI] Added overlay decider: me.shedaniel.rei.impl.client.registry.screen.ScreenRegistryImpl$2@74c3b49b [-10,00 priority]
[01lug2025 17:13:14.181] [Render thread/DEBUG] [mezz.jei.library.plugins.vanilla.ingredients.ItemStackListFactory/]: Added 190/193 new items from creative tab: Food & Drinks
[01lug2025 17:13:14.182] [REI-ReloadPlugins/DEBUG] [REI/]: [REI] Added overlay decider: me.shedaniel.rei.impl.client.registry.screen.ScreenRegistryImpl$3@650ddcd3 [-20,00 priority]
[01lug2025 17:13:14.183] [REI-ReloadPlugins/DEBUG] [REI/]: [REI] Added focused stack provider: me.shedaniel.rei.impl.client.registry.screen.ScreenRegistryImpl$4@474189eb [-10,00 priority]
[01lug2025 17:13:14.187] [REI-ReloadPlugins/DEBUG] [REI/]: [REI] Added draggable component provider: me.shedaniel.rei.api.client.gui.drag.component.DraggableComponentProviderWidget$1@8bb0c76 [0,00 priority]
[01lug2025 17:13:14.191] [REI-ReloadPlugins/DEBUG] [REI/]: [REI] Added draggable component visitor: me.shedaniel.rei.api.client.gui.drag.component.DraggableComponentVisitorWidget$2@1da54a2e [0,00 priority]
[01lug2025 17:13:14.193] [Render thread/DEBUG] [mezz.jei.library.plugins.vanilla.ingredients.ItemStackListFactory/]: Added 255/269 new items from creative tab: Ingredients
[01lug2025 17:13:14.196] [Render thread/DEBUG] [mezz.jei.library.plugins.vanilla.ingredients.ItemStackListFactory/]: Added 80/80 new items from creative tab: Spawn Eggs
[01lug2025 17:13:14.196] [REI-ReloadPlugins/DEBUG] [REI/]: [REI] Preparing collapsed entry groups cache with 0 entries and 0 stacks
[01lug2025 17:13:14.196] [Render thread/WARN] [mezz.jei.library.plugins.vanilla.ingredients.ItemStackListFactory/]: Item Group has no display items and no search tab display items. Items from this group will be missing from the JEI ingredient list. Operator Utilities
[01lug2025 17:13:14.196] [Render thread/DEBUG] [mezz.jei.library.plugins.vanilla.ingredients.ItemStackListFactory/]: Skipping creative tab: 'Survival Inventory' because it is type: INVENTORY
[01lug2025 17:13:14.196] [REI-ReloadPlugins/DEBUG] [REI/]: [REI] Prepared collapsed entry groups cache with 0 entries and 0 stacks
[01lug2025 17:13:14.197] [Render thread/DEBUG] [mezz.jei.library.plugins.vanilla.ingredients.ItemStackListFactory/]: Added 63/63 new items from creative tab: Immersive Ores
[01lug2025 17:13:14.200] [REI-ReloadPlugins/DEBUG] [REI/]: [REI] ========================================
[01lug2025 17:13:14.200] [REI-ReloadPlugins/DEBUG] [REI/]: [REI] REIClientPlugin started main-reload for START.
[01lug2025 17:13:14.200] [REI-ReloadPlugins/DEBUG] [REI/]: [REI] ========================================
[01lug2025 17:13:14.239] [Render thread/INFO] [mezz.jei.library.load.PluginCallerTimerRunnable/]: Registering ingredients: jei:minecraft took 146.9 milliseconds
[01lug2025 17:13:14.239] [Render thread/DEBUG] [mezz.jei.library.load.PluginCallerTimerRunnable/]: Registering ingredients: jei:neoforge_gui...
[01lug2025 17:13:14.239] [Render thread/DEBUG] [mezz.jei.library.load.PluginCallerTimerRunnable/]: Registering ingredients: jei:debug...
[01lug2025 17:13:14.239] [Render thread/DEBUG] [mezz.jei.library.load.PluginCallerTimerRunnable/]: Registering ingredients: jei:gui...
[01lug2025 17:13:14.239] [Render thread/DEBUG] [mezz.jei.library.load.PluginCallerTimerRunnable/]: Registering ingredients: jei:internal...
[01lug2025 17:13:14.239] [Render thread/INFO] [mezz.jei.library.load.PluginCaller/]: Registering ingredients took 147.8 ms
[01lug2025 17:13:14.254] [Render thread/INFO] [mezz.jei.library.load.PluginCaller/]: Registering Mod Info...
[01lug2025 17:13:14.255] [Render thread/DEBUG] [mezz.jei.library.load.PluginCallerTimerRunnable/]: Registering Mod Info: jei:minecraft...
[01lug2025 17:13:14.255] [Render thread/DEBUG] [mezz.jei.library.load.PluginCallerTimerRunnable/]: Registering Mod Info: jei:neoforge_gui...
[01lug2025 17:13:14.255] [Render thread/DEBUG] [mezz.jei.library.load.PluginCallerTimerRunnable/]: Registering Mod Info: jei:debug...
[01lug2025 17:13:14.255] [Render thread/DEBUG] [mezz.jei.library.load.PluginCallerTimerRunnable/]: Registering Mod Info: jei:gui...
[01lug2025 17:13:14.255] [Render thread/DEBUG] [mezz.jei.library.load.PluginCallerTimerRunnable/]: Registering Mod Info: jei:internal...
[01lug2025 17:13:14.255] [Render thread/INFO] [mezz.jei.library.load.PluginCaller/]: Registering Mod Info took 570.8 μs
[01lug2025 17:13:14.280] [REI-ReloadPlugins/DEBUG] [REI/]: [REI] Added click area provider for net.minecraft.client.gui.screens.inventory.CraftingScreen: me.shedaniel.rei.api.client.registry.screen.SimpleClickArea$$Lambda/0x000002102b608250@689ad983
[01lug2025 17:13:14.281] [REI-ReloadPlugins/DEBUG] [REI/]: [REI] Added click area provider for net.minecraft.client.gui.screens.inventory.InventoryScreen: me.shedaniel.rei.api.client.registry.screen.SimpleClickArea$$Lambda/0x000002102b608250@20c0b1f5
[01lug2025 17:13:14.281] [REI-ReloadPlugins/DEBUG] [REI/]: [REI] Added click area provider for net.minecraft.client.gui.screens.inventory.BrewingStandScreen: me.shedaniel.rei.api.client.registry.screen.SimpleClickArea$$Lambda/0x000002102b608250@2c77ed11
[01lug2025 17:13:14.281] [REI-ReloadPlugins/DEBUG] [REI/]: [REI] Added click area provider for net.minecraft.client.gui.screens.inventory.FurnaceScreen: me.shedaniel.rei.api.client.registry.screen.SimpleClickArea$$Lambda/0x000002102b608250@121f6fdd
[01lug2025 17:13:14.281] [REI-ReloadPlugins/DEBUG] [REI/]: [REI] Added click area provider for net.minecraft.client.gui.screens.inventory.SmokerScreen: me.shedaniel.rei.api.client.registry.screen.SimpleClickArea$$Lambda/0x000002102b608250@6c1b25b0
[01lug2025 17:13:14.281] [REI-ReloadPlugins/DEBUG] [REI/]: [REI] Added click area provider for net.minecraft.client.gui.screens.inventory.BlastFurnaceScreen: me.shedaniel.rei.api.client.registry.screen.SimpleClickArea$$Lambda/0x000002102b608250@49f16edf
[01lug2025 17:13:14.283] [REI-ReloadPlugins/DEBUG] [REI/]: [REI] Added exclusion zones provider: me.shedaniel.rei.plugin.client.exclusionzones.DefaultPotionEffectExclusionZones@deb16b for net.minecraft.client.gui.screens.inventory.EffectRenderingInventoryScreen
[01lug2025 17:13:14.284] [REI-ReloadPlugins/DEBUG] [REI/]: [REI] Added exclusion zones provider: me.shedaniel.rei.plugin.client.exclusionzones.DefaultRecipeBookExclusionZones@6181169c for net.minecraft.client.gui.screens.recipebook.RecipeUpdateListener
[01lug2025 17:13:14.285] [REI-ReloadPlugins/DEBUG] [REI/]: [REI] Added exclusion zones provider: me.shedaniel.rei.plugin.client.runtime.DefaultClientRuntimePlugin$$Lambda/0x000002102b600df0@59e5fc96 for me.shedaniel.rei.impl.client.gui.screen.DefaultDisplayViewingScreen
[01lug2025 17:13:14.286] [REI-ReloadPlugins/DEBUG] [REI/]: [REI] Added exclusion zones provider: me.shedaniel.rei.plugin.client.runtime.DefaultClientRuntimePlugin$$Lambda/0x000002102b6091d8@4a99fcd3 for net.minecraft.client.gui.screens.Screen
[01lug2025 17:13:14.286] [REI-ReloadPlugins/DEBUG] [REI/]: [REI] Added draggable component provider: me.shedaniel.rei.api.client.gui.drag.component.DraggableComponentProviderWidget$1@41c04d16 [0,00 priority]
[01lug2025 17:13:14.287] [REI-ReloadPlugins/DEBUG] [REI/]: [REI] Added draggable component visitor: me.shedaniel.rei.api.client.gui.drag.component.DraggableComponentVisitorWidget$2@404508b0 [0,00 priority]
[01lug2025 17:13:14.288] [Render thread/INFO] [mezz.jei.library.load.PluginCaller/]: Registering categories...
[01lug2025 17:13:14.289] [Render thread/DEBUG] [mezz.jei.library.load.PluginCallerTimerRunnable/]: Registering categories: jei:minecraft...
[01lug2025 17:13:14.289] [REI-ReloadPlugins/DEBUG] [REI/]: [REI] Added favorite entry type [roughlyenoughitems:gamemode]: INSTANCE
[01lug2025 17:13:14.297] [REI-ReloadPlugins/DEBUG] [REI/]: [REI] Added favorite entry type [roughlyenoughitems:weather]: INSTANCE
[01lug2025 17:13:14.304] [REI-ReloadPlugins/DEBUG] [REI/]: [REI] Added favorite entry type [roughlyenoughitems:time]: INSTANCE
[01lug2025 17:13:14.308] [REI-ReloadPlugins/DEBUG] [REI/]: [REI] Added favorite entry type [roughlyenoughitems:entry_stack]: INSTANCE
[01lug2025 17:13:14.310] [REI-ReloadPlugins/DEBUG] [REI/]: [REI] Added favorite entry type [roughlyenoughitems:display]: INSTANCE
[01lug2025 17:13:14.311] [REI-ReloadPlugins/DEBUG] [REI/]: [REI] ========================================
[01lug2025 17:13:14.312] [REI-ReloadPlugins/DEBUG] [REI/]: [REI] REIClientPlugin ending main-reload for START.
[01lug2025 17:13:14.312] [REI-ReloadPlugins/DEBUG] [REI/]: [REI] ========================================
[01lug2025 17:13:14.334] [REI-ReloadPlugins/DEBUG] [REI/]: [REI] Config saved
[01lug2025 17:13:14.347] [Render thread/INFO] [mezz.jei.library.load.PluginCallerTimerRunnable/]: Registering categories: jei:minecraft took 57.96 milliseconds
[01lug2025 17:13:14.347] [Render thread/DEBUG] [mezz.jei.library.load.PluginCallerTimerRunnable/]: Registering categories: jei:neoforge_gui...
[01lug2025 17:13:14.347] [Render thread/DEBUG] [mezz.jei.library.load.PluginCallerTimerRunnable/]: Registering categories: jei:debug...
[01lug2025 17:13:14.347] [Render thread/DEBUG] [mezz.jei.library.load.PluginCallerTimerRunnable/]: Registering categories: jei:gui...
[01lug2025 17:13:14.347] [Render thread/DEBUG] [mezz.jei.library.load.PluginCallerTimerRunnable/]: Registering categories: jei:internal...
[01lug2025 17:13:14.369] [Render thread/INFO] [mezz.jei.library.load.PluginCallerTimerRunnable/]: Registering categories: jei:internal took 21.69 milliseconds
[01lug2025 17:13:14.369] [Render thread/INFO] [mezz.jei.library.load.PluginCaller/]: Registering categories took 80.38 ms
[01lug2025 17:13:14.372] [Render thread/INFO] [mezz.jei.library.load.PluginCaller/]: Registering vanilla category extensions...
[01lug2025 17:13:14.372] [Render thread/DEBUG] [mezz.jei.library.load.PluginCallerTimerRunnable/]: Registering vanilla category extensions: jei:minecraft...
[01lug2025 17:13:14.384] [Render thread/INFO] [mezz.jei.library.load.PluginCallerTimerRunnable/]: Registering vanilla category extensions: jei:minecraft took 11.75 milliseconds
[01lug2025 17:13:14.384] [Render thread/DEBUG] [mezz.jei.library.load.PluginCallerTimerRunnable/]: Registering vanilla category extensions: jei:neoforge_gui...
[01lug2025 17:13:14.384] [Render thread/DEBUG] [mezz.jei.library.load.PluginCallerTimerRunnable/]: Registering vanilla category extensions: jei:debug...
[01lug2025 17:13:14.384] [Render thread/DEBUG] [mezz.jei.library.load.PluginCallerTimerRunnable/]: Registering vanilla category extensions: jei:gui...
[01lug2025 17:13:14.384] [Render thread/DEBUG] [mezz.jei.library.load.PluginCallerTimerRunnable/]: Registering vanilla category extensions: jei:internal...
[01lug2025 17:13:14.385] [Render thread/INFO] [mezz.jei.library.load.PluginCaller/]: Registering vanilla category extensions took 12.91 ms
[01lug2025 17:13:14.389] [Render thread/INFO] [mezz.jei.library.load.PluginCaller/]: Registering recipe catalysts...
[01lug2025 17:13:14.389] [Render thread/DEBUG] [mezz.jei.library.load.PluginCallerTimerRunnable/]: Registering recipe catalysts: jei:minecraft...
[01lug2025 17:13:14.390] [Render thread/DEBUG] [mezz.jei.library.load.PluginCallerTimerRunnable/]: Registering recipe catalysts: jei:neoforge_gui...
[01lug2025 17:13:14.390] [Render thread/DEBUG] [mezz.jei.library.load.PluginCallerTimerRunnable/]: Registering recipe catalysts: jei:debug...
[01lug2025 17:13:14.390] [Render thread/DEBUG] [mezz.jei.library.load.PluginCallerTimerRunnable/]: Registering recipe catalysts: jei:gui...
[01lug2025 17:13:14.390] [Render thread/DEBUG] [mezz.jei.library.load.PluginCallerTimerRunnable/]: Registering recipe catalysts: jei:internal...
[01lug2025 17:13:14.390] [Render thread/INFO] [mezz.jei.library.load.PluginCaller/]: Registering recipe catalysts took 1.195 ms
[01lug2025 17:13:14.392] [Render thread/INFO] [mezz.jei.library.load.PluginCaller/]: Registering advanced plugins...
[01lug2025 17:13:14.393] [Render thread/DEBUG] [mezz.jei.library.load.PluginCallerTimerRunnable/]: Registering advanced plugins: jei:minecraft...
[01lug2025 17:13:14.393] [Render thread/DEBUG] [mezz.jei.library.load.PluginCallerTimerRunnable/]: Registering advanced plugins: jei:neoforge_gui...
[01lug2025 17:13:14.393] [Render thread/DEBUG] [mezz.jei.library.load.PluginCallerTimerRunnable/]: Registering advanced plugins: jei:debug...
[01lug2025 17:13:14.393] [Render thread/DEBUG] [mezz.jei.library.load.PluginCallerTimerRunnable/]: Registering advanced plugins: jei:gui...
[01lug2025 17:13:14.393] [Render thread/DEBUG] [mezz.jei.library.load.PluginCallerTimerRunnable/]: Registering advanced plugins: jei:internal...
[01lug2025 17:13:14.393] [Render thread/INFO] [mezz.jei.library.load.PluginCaller/]: Registering advanced plugins took 614.3 μs
[01lug2025 17:13:14.393] [Render thread/INFO] [mezz.jei.core.util.LoggedTimer/]: Building recipe registry...
[01lug2025 17:13:14.395] [REI-ReloadPlugins/DEBUG] [REI/]: [REI] Refiltered rule [INSTANCE] in 37.81 ms.
[01lug2025 17:13:14.401] [REI-ReloadPlugins/DEBUG] [REI/]: [REI] Refiltered rule [INSTANCE] in 3.638 ms.
[01lug2025 17:13:14.409] [REI-ReloadPlugins/DEBUG] [REI/]: [REI] Refiltered rule [INSTANCE] in 2.908 ms.
[01lug2025 17:13:14.410] [REI-ReloadPlugins/DEBUG] [REI/]: [REI] Refiltered 1787 entries with 3 rules in 95.56 ms.
[01lug2025 17:13:14.415] [Render thread/INFO] [mezz.jei.core.util.LoggedTimer/]: Building recipe registry took 21.35 ms
[01lug2025 17:13:14.422] [Render thread/INFO] [mezz.jei.library.load.PluginCaller/]: Registering recipes...
[01lug2025 17:13:14.423] [Render thread/DEBUG] [mezz.jei.library.load.PluginCallerTimerRunnable/]: Registering recipes: jei:minecraft...
[01lug2025 17:13:14.424] [REI-ReloadPlugins/DEBUG] [REI/]: [REI] Computed existing filtered displays with 3 rules in 12.02 ms
[01lug2025 17:13:14.427] [REI-ReloadPlugins/DEBUG] [REI/]: [REI] Reloaded entry registry with 1787 entries and 1786 filtered entries
[01lug2025 17:13:14.428] [REI-ReloadPlugins/DEBUG] [REI/]: [REI] Registered 4 overlay deciders and 4 exclusion zones
[01lug2025 17:13:14.435] [REI-ReloadPlugins/DEBUG] [REI/]: [REI] Config saved
[01lug2025 17:13:14.435] [REI-ReloadPlugins/DEBUG] [REI/]: [REI] Registered 5 favorite entry types
[01lug2025 17:13:14.458] [Render thread/DEBUG] [mezz.jei.library.recipes.RecipeManagerInternal/]: Adding recipes: minecraft:crafting
[01lug2025 17:13:14.516] [Render thread/DEBUG] [mezz.jei.library.recipes.RecipeManagerInternal/]: Adding recipes: minecraft:crafting
[01lug2025 17:13:14.520] [Render thread/DEBUG] [mezz.jei.library.recipes.RecipeManagerInternal/]: Adding recipes: minecraft:stonecutting
[01lug2025 17:13:14.523] [Render thread/DEBUG] [mezz.jei.library.recipes.RecipeManagerInternal/]: Adding recipes: minecraft:smelting
[01lug2025 17:13:14.523] [Render thread/DEBUG] [mezz.jei.library.recipes.RecipeManagerInternal/]: Adding recipes: minecraft:smoking
[01lug2025 17:13:14.524] [Render thread/DEBUG] [mezz.jei.library.recipes.RecipeManagerInternal/]: Adding recipes: minecraft:blasting
[01lug2025 17:13:14.524] [Render thread/DEBUG] [mezz.jei.library.recipes.RecipeManagerInternal/]: Adding recipes: minecraft:campfire_cooking
[01lug2025 17:13:14.530] [Render thread/DEBUG] [mezz.jei.library.recipes.RecipeManagerInternal/]: Adding recipes: minecraft:fuel
[01lug2025 17:13:14.553] [REI-ReloadPlugins/DEBUG] [REI/]: [REI] Preparing collapsed entry groups cache with 0 entries and 1787 stacks
[01lug2025 17:13:14.554] [REI-ReloadPlugins/DEBUG] [REI/]: [REI] Prepared collapsed entry groups cache with 0 entries and 1787 stacks
[01lug2025 17:13:14.554] [REI-ReloadPlugins/DEBUG] [REI/]: [REI] ========================================
[01lug2025 17:13:14.554] [REI-ReloadPlugins/DEBUG] [REI/]: [REI] REIClientPlugin ended main-reload for START in 379.5 ms.
[01lug2025 17:13:14.554] [REI-ReloadPlugins/DEBUG] [REI/]: [REI] ========================================
[01lug2025 17:13:14.555] [REI-ReloadPlugins/INFO] [REI/]: [REI] ~~~~~~~~~~~~~~~~~~~~~~~~~~~~~~~~~~~~~~~~
[01lug2025 17:13:14.555] [REI-ReloadPlugins/INFO] [REI/]: [REI] REIServerPlugin starting main-reload for START.
[01lug2025 17:13:14.555] [REI-ReloadPlugins/DEBUG] [REI/]: [REI] Reloadables (3):
[01lug2025 17:13:14.555] [REI-ReloadPlugins/DEBUG] [REI/]: [REI]  - MenuInfoRegistryImpl
[01lug2025 17:13:14.555] [REI-ReloadPlugins/DEBUG] [REI/]: [REI]  - SlotAccessorRegistryImpl
[01lug2025 17:13:14.555] [REI-ReloadPlugins/DEBUG] [REI/]: [REI]  - me.shedaniel.rei.plugin.client.runtime.PluginStageExecutionWatcher$1
[01lug2025 17:13:14.555] [REI-ReloadPlugins/INFO] [REI/]: [REI] Plugins (2):
[01lug2025 17:13:14.555] [REI-ReloadPlugins/INFO] [REI/]: [REI]  - (-100,00) DefaultPluginImpl of DefaultPluginImpl [roughlyenoughitems]
[01lug2025 17:13:14.555] [REI-ReloadPlugins/INFO] [REI/]: [REI]  - (0,00) DefaultRuntimePlugin of DefaultRuntimePlugin [roughlyenoughitems]
[01lug2025 17:13:14.555] [REI-ReloadPlugins/INFO] [REI/]: [REI] ~~~~~~~~~~~~~~~~~~~~~~~~~~~~~~~~~~~~~~~~
[01lug2025 17:13:14.555] [REI-ReloadPlugins/DEBUG] [REI/]: [REI] ========================================
[01lug2025 17:13:14.555] [REI-ReloadPlugins/DEBUG] [REI/]: [REI] REIServerPlugin started main-reload for START.
[01lug2025 17:13:14.555] [REI-ReloadPlugins/DEBUG] [REI/]: [REI] ========================================
[01lug2025 17:13:14.555] [REI-ReloadPlugins/DEBUG] [REI/]: [REI] ========================================
[01lug2025 17:13:14.555] [REI-ReloadPlugins/DEBUG] [REI/]: [REI] REIServerPlugin ending main-reload for START.
[01lug2025 17:13:14.555] [REI-ReloadPlugins/DEBUG] [REI/]: [REI] ========================================
[01lug2025 17:13:14.557] [REI-ReloadPlugins/DEBUG] [REI/]: [REI] ========================================
[01lug2025 17:13:14.557] [REI-ReloadPlugins/DEBUG] [REI/]: [REI] REIServerPlugin ended main-reload for START in 1.653 ms.
[01lug2025 17:13:14.557] [REI-ReloadPlugins/DEBUG] [REI/]: [REI] ========================================
[01lug2025 17:13:14.558] [REI-ReloadPlugins/DEBUG] [REI/]: [REI] ========================================
[01lug2025 17:13:14.558] [REI-ReloadPlugins/DEBUG] [REI/]: [REI] REIPlugin starting post-reload for START.
[01lug2025 17:13:14.558] [REI-ReloadPlugins/DEBUG] [REI/]: [REI] Reloadables (8):
[01lug2025 17:13:14.558] [REI-ReloadPlugins/DEBUG] [REI/]: [REI]  - EntryTypeRegistryImpl
[01lug2025 17:13:14.558] [REI-ReloadPlugins/DEBUG] [REI/]: [REI]  - EntrySettingsAdapterRegistryImpl
[01lug2025 17:13:14.558] [REI-ReloadPlugins/DEBUG] [REI/]: [REI]  - RecipeManagerContextImpl
[01lug2025 17:13:14.558] [REI-ReloadPlugins/DEBUG] [REI/]: [REI]  - ItemComparatorRegistryImpl
[01lug2025 17:13:14.558] [REI-ReloadPlugins/DEBUG] [REI/]: [REI]  - FluidComparatorRegistryImpl
[01lug2025 17:13:14.558] [REI-ReloadPlugins/DEBUG] [REI/]: [REI]  - DisplaySerializerRegistryImpl
[01lug2025 17:13:14.558] [REI-ReloadPlugins/DEBUG] [REI/]: [REI]  - FluidSupportProviderImpl
[01lug2025 17:13:14.558] [REI-ReloadPlugins/DEBUG] [REI/]: [REI]  - me.shedaniel.rei.plugin.client.runtime.PluginStageExecutionWatcher$1
[01lug2025 17:13:14.558] [REI-ReloadPlugins/DEBUG] [REI/]: [REI] Plugins (5):
[01lug2025 17:13:14.558] [REI-ReloadPlugins/DEBUG] [REI/]: [REI]  - (-100,00) DefaultClientPluginImpl of DefaultClientPluginImpl [roughlyenoughitems]
[01lug2025 17:13:14.558] [REI-ReloadPlugins/DEBUG] [REI/]: [REI]  - (-100,00) DefaultPluginImpl of DefaultPluginImpl [roughlyenoughitems]
[01lug2025 17:13:14.558] [REI-ReloadPlugins/DEBUG] [REI/]: [REI]  - (0,00) HideIngredientsFromTagsPlugin of HideIngredientsFromTagsPlugin [roughlyenoughitems]
[01lug2025 17:13:14.558] [REI-ReloadPlugins/DEBUG] [REI/]: [REI]  - (0,00) DefaultClientRuntimePlugin of DefaultClientRuntimePlugin [roughlyenoughitems]
[01lug2025 17:13:14.558] [REI-ReloadPlugins/DEBUG] [REI/]: [REI]  - (0,00) DefaultRuntimePlugin of DefaultRuntimePlugin [roughlyenoughitems]
[01lug2025 17:13:14.558] [REI-ReloadPlugins/DEBUG] [REI/]: [REI] ========================================
[01lug2025 17:13:14.559] [Render thread/DEBUG] [mezz.jei.library.recipes.RecipeManagerInternal/]: Adding recipes: minecraft:anvil
[01lug2025 17:13:14.562] [REI-ReloadPlugins/DEBUG] [REI/]: [REI] ========================================
[01lug2025 17:13:14.562] [REI-ReloadPlugins/INFO] [REI/]: [REI] REIPlugin finished post-reload for START in 3.134 ms, totaling 133.3 ms.
[01lug2025 17:13:14.562] [REI-ReloadPlugins/DEBUG] [REI/]: [REI] ========================================
[01lug2025 17:13:14.562] [REI-ReloadPlugins/DEBUG] [REI/]: [REI] ========================================
[01lug2025 17:13:14.562] [REI-ReloadPlugins/DEBUG] [REI/]: [REI] REIClientPlugin starting post-reload for START.
[01lug2025 17:13:14.562] [REI-ReloadPlugins/DEBUG] [REI/]: [REI] Reloadables (18):
[01lug2025 17:13:14.562] [REI-ReloadPlugins/DEBUG] [REI/]: [REI]  - EntryRendererRegistryImpl
[01lug2025 17:13:14.562] [REI-ReloadPlugins/DEBUG] [REI/]: [REI]  - ViewsImpl
[01lug2025 17:13:14.562] [REI-ReloadPlugins/DEBUG] [REI/]: [REI]  - InputMethodRegistryImpl
[01lug2025 17:13:14.563] [REI-ReloadPlugins/DEBUG] [REI/]: [REI]  - SearchProviderImpl
[01lug2025 17:13:14.563] [REI-ReloadPlugins/DEBUG] [REI/]: [REI]  - ConfigManagerImpl
[01lug2025 17:13:14.563] [REI-ReloadPlugins/DEBUG] [REI/]: [REI]  - EntryRegistryImpl
[01lug2025 17:13:14.563] [REI-ReloadPlugins/DEBUG] [REI/]: [REI]  - CollapsibleEntryRegistryImpl
[01lug2025 17:13:14.563] [REI-ReloadPlugins/DEBUG] [REI/]: [REI]  - BasicFilteringRuleImpl
[01lug2025 17:13:14.563] [REI-ReloadPlugins/DEBUG] [REI/]: [REI]  - CategoryRegistryImpl
[01lug2025 17:13:14.563] [REI-ReloadPlugins/DEBUG] [REI/]: [REI]  - DisplayRegistryImpl
[01lug2025 17:13:14.563] [REI-ReloadPlugins/DEBUG] [REI/]: [REI]  - ScreenRegistryImpl
[01lug2025 17:13:14.563] [REI-ReloadPlugins/DEBUG] [REI/]: [REI]  - FavoriteEntryTypeRegistryImpl
[01lug2025 17:13:14.563] [REI-ReloadPlugins/DEBUG] [REI/]: [REI]  - SubsetsRegistryImpl
[01lug2025 17:13:14.563] [REI-ReloadPlugins/DEBUG] [REI/]: [REI]  - TransferHandlerRegistryImpl
[01lug2025 17:13:14.563] [REI-ReloadPlugins/DEBUG] [REI/]: [REI]  - SearchRuntime
[01lug2025 17:13:14.563] [REI-ReloadPlugins/DEBUG] [REI/]: [REI]  - REIRuntimeImpl
[01lug2025 17:13:14.563] [REI-ReloadPlugins/DEBUG] [REI/]: [REI]  - ConfigAddonRegistryImpl
[01lug2025 17:13:14.563] [REI-ReloadPlugins/DEBUG] [REI/]: [REI]  - me.shedaniel.rei.plugin.client.runtime.PluginStageExecutionWatcher$1
[01lug2025 17:13:14.563] [REI-ReloadPlugins/DEBUG] [REI/]: [REI] Plugins (3):
[01lug2025 17:13:14.563] [REI-ReloadPlugins/DEBUG] [REI/]: [REI]  - (-100,00) DefaultClientPluginImpl of DefaultClientPluginImpl [roughlyenoughitems]
[01lug2025 17:13:14.563] [REI-ReloadPlugins/DEBUG] [REI/]: [REI]  - (0,00) HideIngredientsFromTagsPlugin of HideIngredientsFromTagsPlugin [roughlyenoughitems]
[01lug2025 17:13:14.563] [REI-ReloadPlugins/DEBUG] [REI/]: [REI]  - (0,00) DefaultClientRuntimePlugin of DefaultClientRuntimePlugin [roughlyenoughitems]
[01lug2025 17:13:14.563] [REI-ReloadPlugins/DEBUG] [REI/]: [REI] ========================================
[01lug2025 17:13:14.564] [REI-ReloadPlugins/DEBUG] [REI/]: [REI] ========================================
[01lug2025 17:13:14.564] [REI-ReloadPlugins/INFO] [REI/]: [REI] REIClientPlugin finished post-reload for START in 1.050 ms, totaling 381.9 ms.
[01lug2025 17:13:14.564] [REI-ReloadPlugins/DEBUG] [REI/]: [REI] ========================================
[01lug2025 17:13:14.564] [REI-ReloadPlugins/DEBUG] [REI/]: [REI] ========================================
[01lug2025 17:13:14.564] [REI-ReloadPlugins/DEBUG] [REI/]: [REI] REIServerPlugin starting post-reload for START.
[01lug2025 17:13:14.564] [REI-ReloadPlugins/DEBUG] [REI/]: [REI] Reloadables (3):
[01lug2025 17:13:14.564] [REI-ReloadPlugins/DEBUG] [REI/]: [REI]  - MenuInfoRegistryImpl
[01lug2025 17:13:14.564] [REI-ReloadPlugins/DEBUG] [REI/]: [REI]  - SlotAccessorRegistryImpl
[01lug2025 17:13:14.564] [REI-ReloadPlugins/DEBUG] [REI/]: [REI]  - me.shedaniel.rei.plugin.client.runtime.PluginStageExecutionWatcher$1
[01lug2025 17:13:14.564] [REI-ReloadPlugins/DEBUG] [REI/]: [REI] Plugins (2):
[01lug2025 17:13:14.564] [REI-ReloadPlugins/DEBUG] [REI/]: [REI]  - (-100,00) DefaultPluginImpl of DefaultPluginImpl [roughlyenoughitems]
[01lug2025 17:13:14.564] [REI-ReloadPlugins/DEBUG] [REI/]: [REI]  - (0,00) DefaultRuntimePlugin of DefaultRuntimePlugin [roughlyenoughitems]
[01lug2025 17:13:14.564] [REI-ReloadPlugins/DEBUG] [REI/]: [REI] ========================================
[01lug2025 17:13:14.565] [REI-ReloadPlugins/DEBUG] [REI/]: [REI] ========================================
[01lug2025 17:13:14.565] [REI-ReloadPlugins/INFO] [REI/]: [REI] REIServerPlugin finished post-reload for START in 769.5 μs, totaling 2.850 ms.
[01lug2025 17:13:14.565] [REI-ReloadPlugins/DEBUG] [REI/]: [REI] ========================================
[01lug2025 17:13:14.565] [REI-ReloadPlugins/DEBUG] [REI/]: [REI] ========================================
[01lug2025 17:13:14.565] [REI-ReloadPlugins/DEBUG] [REI/]: [REI] REIPlugin starting pre-reload for END.
[01lug2025 17:13:14.565] [REI-ReloadPlugins/DEBUG] [REI/]: [REI] Reloadables (8):
[01lug2025 17:13:14.565] [REI-ReloadPlugins/DEBUG] [REI/]: [REI]  - EntryTypeRegistryImpl
[01lug2025 17:13:14.565] [REI-ReloadPlugins/DEBUG] [REI/]: [REI]  - EntrySettingsAdapterRegistryImpl
[01lug2025 17:13:14.565] [REI-ReloadPlugins/DEBUG] [REI/]: [REI]  - RecipeManagerContextImpl
[01lug2025 17:13:14.565] [REI-ReloadPlugins/DEBUG] [REI/]: [REI]  - ItemComparatorRegistryImpl
[01lug2025 17:13:14.565] [REI-ReloadPlugins/DEBUG] [REI/]: [REI]  - FluidComparatorRegistryImpl
[01lug2025 17:13:14.565] [REI-ReloadPlugins/DEBUG] [REI/]: [REI]  - DisplaySerializerRegistryImpl
[01lug2025 17:13:14.565] [REI-ReloadPlugins/DEBUG] [REI/]: [REI]  - FluidSupportProviderImpl
[01lug2025 17:13:14.565] [REI-ReloadPlugins/DEBUG] [REI/]: [REI]  - me.shedaniel.rei.plugin.client.runtime.PluginStageExecutionWatcher$1
[01lug2025 17:13:14.565] [REI-ReloadPlugins/DEBUG] [REI/]: [REI] Plugins (5):
[01lug2025 17:13:14.565] [REI-ReloadPlugins/DEBUG] [REI/]: [REI]  - (-100,00) DefaultClientPluginImpl of DefaultClientPluginImpl [roughlyenoughitems]
[01lug2025 17:13:14.565] [REI-ReloadPlugins/DEBUG] [REI/]: [REI]  - (-100,00) DefaultPluginImpl of DefaultPluginImpl [roughlyenoughitems]
[01lug2025 17:13:14.565] [REI-ReloadPlugins/DEBUG] [REI/]: [REI]  - (0,00) HideIngredientsFromTagsPlugin of HideIngredientsFromTagsPlugin [roughlyenoughitems]
[01lug2025 17:13:14.567] [REI-ReloadPlugins/DEBUG] [REI/]: [REI]  - (0,00) DefaultClientRuntimePlugin of DefaultClientRuntimePlugin [roughlyenoughitems]
[01lug2025 17:13:14.567] [REI-ReloadPlugins/DEBUG] [REI/]: [REI]  - (0,00) DefaultRuntimePlugin of DefaultRuntimePlugin [roughlyenoughitems]
[01lug2025 17:13:14.567] [REI-ReloadPlugins/DEBUG] [REI/]: [REI] ========================================
[01lug2025 17:13:14.567] [REI-ReloadPlugins/DEBUG] [REI/]: [REI] ========================================
[01lug2025 17:13:14.567] [REI-ReloadPlugins/DEBUG] [REI/]: [REI] REIPlugin finished pre-reload for END in 607.9 μs.
[01lug2025 17:13:14.567] [REI-ReloadPlugins/DEBUG] [REI/]: [REI] ========================================
[01lug2025 17:13:14.567] [REI-ReloadPlugins/DEBUG] [REI/]: [REI] ========================================
[01lug2025 17:13:14.567] [REI-ReloadPlugins/DEBUG] [REI/]: [REI] REIClientPlugin starting pre-reload for END.
[01lug2025 17:13:14.567] [REI-ReloadPlugins/DEBUG] [REI/]: [REI] Reloadables (18):
[01lug2025 17:13:14.568] [REI-ReloadPlugins/DEBUG] [REI/]: [REI]  - EntryRendererRegistryImpl
[01lug2025 17:13:14.568] [REI-ReloadPlugins/DEBUG] [REI/]: [REI]  - ViewsImpl
[01lug2025 17:13:14.568] [REI-ReloadPlugins/DEBUG] [REI/]: [REI]  - InputMethodRegistryImpl
[01lug2025 17:13:14.568] [REI-ReloadPlugins/DEBUG] [REI/]: [REI]  - SearchProviderImpl
[01lug2025 17:13:14.568] [REI-ReloadPlugins/DEBUG] [REI/]: [REI]  - ConfigManagerImpl
[01lug2025 17:13:14.568] [REI-ReloadPlugins/DEBUG] [REI/]: [REI]  - EntryRegistryImpl
[01lug2025 17:13:14.568] [REI-ReloadPlugins/DEBUG] [REI/]: [REI]  - CollapsibleEntryRegistryImpl
[01lug2025 17:13:14.568] [REI-ReloadPlugins/DEBUG] [REI/]: [REI]  - BasicFilteringRuleImpl
[01lug2025 17:13:14.568] [REI-ReloadPlugins/DEBUG] [REI/]: [REI]  - CategoryRegistryImpl
[01lug2025 17:13:14.568] [REI-ReloadPlugins/DEBUG] [REI/]: [REI]  - DisplayRegistryImpl
[01lug2025 17:13:14.568] [REI-ReloadPlugins/DEBUG] [REI/]: [REI]  - ScreenRegistryImpl
[01lug2025 17:13:14.568] [REI-ReloadPlugins/DEBUG] [REI/]: [REI]  - FavoriteEntryTypeRegistryImpl
[01lug2025 17:13:14.568] [REI-ReloadPlugins/DEBUG] [REI/]: [REI]  - SubsetsRegistryImpl
[01lug2025 17:13:14.568] [REI-ReloadPlugins/DEBUG] [REI/]: [REI]  - TransferHandlerRegistryImpl
[01lug2025 17:13:14.568] [REI-ReloadPlugins/DEBUG] [REI/]: [REI]  - SearchRuntime
[01lug2025 17:13:14.568] [REI-ReloadPlugins/DEBUG] [REI/]: [REI]  - REIRuntimeImpl
[01lug2025 17:13:14.568] [REI-ReloadPlugins/DEBUG] [REI/]: [REI]  - ConfigAddonRegistryImpl
[01lug2025 17:13:14.568] [REI-ReloadPlugins/DEBUG] [REI/]: [REI]  - me.shedaniel.rei.plugin.client.runtime.PluginStageExecutionWatcher$1
[01lug2025 17:13:14.568] [REI-ReloadPlugins/DEBUG] [REI/]: [REI] Plugins (3):
[01lug2025 17:13:14.568] [REI-ReloadPlugins/DEBUG] [REI/]: [REI]  - (-100,00) DefaultClientPluginImpl of DefaultClientPluginImpl [roughlyenoughitems]
[01lug2025 17:13:14.568] [REI-ReloadPlugins/DEBUG] [REI/]: [REI]  - (0,00) HideIngredientsFromTagsPlugin of HideIngredientsFromTagsPlugin [roughlyenoughitems]
[01lug2025 17:13:14.568] [REI-ReloadPlugins/DEBUG] [REI/]: [REI]  - (0,00) DefaultClientRuntimePlugin of DefaultClientRuntimePlugin [roughlyenoughitems]
[01lug2025 17:13:14.568] [REI-ReloadPlugins/DEBUG] [REI/]: [REI] ========================================
[01lug2025 17:13:14.569] [REI-ReloadPlugins/DEBUG] [REI/]: [REI] ========================================
[01lug2025 17:13:14.570] [REI-ReloadPlugins/DEBUG] [REI/]: [REI] REIClientPlugin finished pre-reload for END in 1.183 ms.
[01lug2025 17:13:14.570] [REI-ReloadPlugins/DEBUG] [REI/]: [REI] ========================================
[01lug2025 17:13:14.570] [REI-ReloadPlugins/DEBUG] [REI/]: [REI] ========================================
[01lug2025 17:13:14.570] [REI-ReloadPlugins/DEBUG] [REI/]: [REI] REIServerPlugin starting pre-reload for END.
[01lug2025 17:13:14.570] [REI-ReloadPlugins/DEBUG] [REI/]: [REI] Reloadables (3):
[01lug2025 17:13:14.570] [REI-ReloadPlugins/DEBUG] [REI/]: [REI]  - MenuInfoRegistryImpl
[01lug2025 17:13:14.570] [REI-ReloadPlugins/DEBUG] [REI/]: [REI]  - SlotAccessorRegistryImpl
[01lug2025 17:13:14.570] [REI-ReloadPlugins/DEBUG] [REI/]: [REI]  - me.shedaniel.rei.plugin.client.runtime.PluginStageExecutionWatcher$1
[01lug2025 17:13:14.570] [REI-ReloadPlugins/DEBUG] [REI/]: [REI] Plugins (2):
[01lug2025 17:13:14.570] [REI-ReloadPlugins/DEBUG] [REI/]: [REI]  - (-100,00) DefaultPluginImpl of DefaultPluginImpl [roughlyenoughitems]
[01lug2025 17:13:14.570] [REI-ReloadPlugins/DEBUG] [REI/]: [REI]  - (0,00) DefaultRuntimePlugin of DefaultRuntimePlugin [roughlyenoughitems]
[01lug2025 17:13:14.570] [REI-ReloadPlugins/DEBUG] [REI/]: [REI] ========================================
[01lug2025 17:13:14.570] [REI-ReloadPlugins/DEBUG] [REI/]: [REI] ========================================
[01lug2025 17:13:14.570] [REI-ReloadPlugins/DEBUG] [REI/]: [REI] REIServerPlugin finished pre-reload for END in 300.7 μs.
[01lug2025 17:13:14.571] [REI-ReloadPlugins/DEBUG] [REI/]: [REI] ========================================
[01lug2025 17:13:14.571] [REI-ReloadPlugins/INFO] [REI/]: [REI] ~~~~~~~~~~~~~~~~~~~~~~~~~~~~~~~~~~~~~~~~
[01lug2025 17:13:14.571] [REI-ReloadPlugins/INFO] [REI/]: [REI] REIPlugin starting main-reload for END.
[01lug2025 17:13:14.571] [REI-ReloadPlugins/DEBUG] [REI/]: [REI] Reloadables (8):
[01lug2025 17:13:14.571] [REI-ReloadPlugins/DEBUG] [REI/]: [REI]  - EntryTypeRegistryImpl
[01lug2025 17:13:14.571] [REI-ReloadPlugins/DEBUG] [REI/]: [REI]  - EntrySettingsAdapterRegistryImpl
[01lug2025 17:13:14.571] [REI-ReloadPlugins/DEBUG] [REI/]: [REI]  - RecipeManagerContextImpl
[01lug2025 17:13:14.571] [REI-ReloadPlugins/DEBUG] [REI/]: [REI]  - ItemComparatorRegistryImpl
[01lug2025 17:13:14.571] [REI-ReloadPlugins/DEBUG] [REI/]: [REI]  - FluidComparatorRegistryImpl
[01lug2025 17:13:14.571] [REI-ReloadPlugins/DEBUG] [REI/]: [REI]  - DisplaySerializerRegistryImpl
[01lug2025 17:13:14.571] [REI-ReloadPlugins/DEBUG] [REI/]: [REI]  - FluidSupportProviderImpl
[01lug2025 17:13:14.571] [REI-ReloadPlugins/DEBUG] [REI/]: [REI]  - me.shedaniel.rei.plugin.client.runtime.PluginStageExecutionWatcher$1
[01lug2025 17:13:14.571] [REI-ReloadPlugins/INFO] [REI/]: [REI] Plugins (5):
[01lug2025 17:13:14.571] [REI-ReloadPlugins/INFO] [REI/]: [REI]  - (-100,00) DefaultClientPluginImpl of DefaultClientPluginImpl [roughlyenoughitems]
[01lug2025 17:13:14.571] [REI-ReloadPlugins/INFO] [REI/]: [REI]  - (-100,00) DefaultPluginImpl of DefaultPluginImpl [roughlyenoughitems]
[01lug2025 17:13:14.571] [REI-ReloadPlugins/INFO] [REI/]: [REI]  - (0,00) HideIngredientsFromTagsPlugin of HideIngredientsFromTagsPlugin [roughlyenoughitems]
[01lug2025 17:13:14.571] [REI-ReloadPlugins/INFO] [REI/]: [REI]  - (0,00) DefaultClientRuntimePlugin of DefaultClientRuntimePlugin [roughlyenoughitems]
[01lug2025 17:13:14.571] [REI-ReloadPlugins/INFO] [REI/]: [REI]  - (0,00) DefaultRuntimePlugin of DefaultRuntimePlugin [roughlyenoughitems]
[01lug2025 17:13:14.571] [REI-ReloadPlugins/INFO] [REI/]: [REI] ~~~~~~~~~~~~~~~~~~~~~~~~~~~~~~~~~~~~~~~~
[01lug2025 17:13:14.571] [REI-ReloadPlugins/DEBUG] [REI/]: [REI] ========================================
[01lug2025 17:13:14.571] [REI-ReloadPlugins/DEBUG] [REI/]: [REI] REIPlugin started main-reload for END.
[01lug2025 17:13:14.571] [REI-ReloadPlugins/DEBUG] [REI/]: [REI] ========================================
[01lug2025 17:13:14.574] [Render thread/DEBUG] [mezz.jei.library.recipes.RecipeManagerInternal/]: Adding recipes: minecraft:smithing
[01lug2025 17:13:14.582] [Render thread/DEBUG] [mezz.jei.library.recipes.RecipeManagerInternal/]: Adding recipes: minecraft:compostable
[01lug2025 17:13:14.632] [Render thread/DEBUG] [mezz.jei.library.recipes.RecipeManagerInternal/]: Adding recipes: minecraft:brewing
[01lug2025 17:13:14.635] [Render thread/INFO] [mezz.jei.library.load.PluginCallerTimerRunnable/]: Registering recipes: jei:minecraft took 213.0 milliseconds
[01lug2025 17:13:14.635] [Render thread/DEBUG] [mezz.jei.library.load.PluginCallerTimerRunnable/]: Registering recipes: jei:neoforge_gui...
[01lug2025 17:13:14.635] [Render thread/DEBUG] [mezz.jei.library.load.PluginCallerTimerRunnable/]: Registering recipes: jei:debug...
[01lug2025 17:13:14.635] [Render thread/DEBUG] [mezz.jei.library.load.PluginCallerTimerRunnable/]: Registering recipes: jei:gui...
[01lug2025 17:13:14.635] [Render thread/DEBUG] [mezz.jei.library.load.PluginCallerTimerRunnable/]: Registering recipes: jei:internal...
[01lug2025 17:13:14.640] [Render thread/DEBUG] [mezz.jei.library.plugins.jei.tags.TagInfoRecipeMaker/]: No valid ingredients found for minecraft:block tag: Ropes (c:ropes)
[01lug2025 17:13:14.641] [Render thread/DEBUG] [mezz.jei.library.plugins.jei.tags.TagInfoRecipeMaker/]: No valid ingredients found for minecraft:block tag: #minecraft:incorrect_for_netherite_tool (minecraft:incorrect_for_netherite_tool)
[01lug2025 17:13:14.642] [Render thread/DEBUG] [mezz.jei.library.plugins.jei.tags.TagInfoRecipeMaker/]: No valid ingredients found for minecraft:block tag: #minecraft:incorrect_for_diamond_tool (minecraft:incorrect_for_diamond_tool)
[01lug2025 17:13:14.642] [Render thread/DEBUG] [mezz.jei.library.plugins.jei.tags.TagInfoRecipeMaker/]: No valid ingredients found for minecraft:block tag: #immersiveores:incorrect_for_enderium_tool (immersiveores:incorrect_for_enderium_tool)
[01lug2025 17:13:14.642] [Render thread/DEBUG] [mezz.jei.library.plugins.jei.tags.TagInfoRecipeMaker/]: No valid ingredients found for minecraft:block tag: #minecraft:fire (minecraft:fire)
[01lug2025 17:13:14.643] [Render thread/DEBUG] [mezz.jei.library.plugins.jei.tags.TagInfoRecipeMaker/]: No valid ingredients found for minecraft:block tag: #immersiveores:incorrect_for_vibranium_tool (immersiveores:incorrect_for_vibranium_tool)
[01lug2025 17:13:14.643] [Render thread/DEBUG] [mezz.jei.library.plugins.jei.tags.TagInfoRecipeMaker/]: No valid ingredients found for minecraft:block tag: #minecraft:candle_cakes (minecraft:candle_cakes)
[01lug2025 17:13:14.643] [Render thread/DEBUG] [mezz.jei.library.plugins.jei.tags.TagInfoRecipeMaker/]: No valid ingredients found for minecraft:block tag: Enderman Place On Blacklist (neoforge:enderman_place_on_blacklist)
[01lug2025 17:13:14.644] [Render thread/DEBUG] [mezz.jei.library.plugins.jei.tags.TagInfoRecipeMaker/]: No valid ingredients found for minecraft:block tag: #minecraft:air (minecraft:air)
[01lug2025 17:13:14.644] [Render thread/DEBUG] [mezz.jei.library.plugins.jei.tags.TagInfoRecipeMaker/]: No valid ingredients found for minecraft:block tag: #immersiveores:incorrect_for_vulpus_tool (immersiveores:incorrect_for_vulpus_tool)
[01lug2025 17:13:14.645] [Render thread/DEBUG] [mezz.jei.library.plugins.jei.tags.TagInfoRecipeMaker/]: No valid ingredients found for minecraft:block tag: #minecraft:portals (minecraft:portals)
[01lug2025 17:13:14.645] [Render thread/DEBUG] [mezz.jei.library.plugins.jei.tags.TagInfoRecipeMaker/]: No valid ingredients found for minecraft:block tag: Relocation Not Supported (c:relocation_not_supported)
[01lug2025 17:13:14.645] [Render thread/DEBUG] [mezz.jei.library.plugins.jei.tags.TagInfoRecipeMaker/]: No valid ingredients found for minecraft:block tag: #minecraft:invalid_spawn_inside (minecraft:invalid_spawn_inside)
[01lug2025 17:13:14.645] [Render thread/DEBUG] [mezz.jei.library.plugins.jei.tags.TagInfoRecipeMaker/]: No valid ingredients found for minecraft:block tag: #minecraft:strider_warm_blocks (minecraft:strider_warm_blocks)
[01lug2025 17:13:14.645] [Render thread/DEBUG] [mezz.jei.library.recipes.RecipeManagerInternal/]: Adding recipes: minecraft:block
[01lug2025 17:13:14.646] [REI-ReloadPlugins/DEBUG] [REI/]: [REI] ========================================
[01lug2025 17:13:14.646] [REI-ReloadPlugins/DEBUG] [REI/]: [REI] REIPlugin ending main-reload for END.
[01lug2025 17:13:14.646] [REI-ReloadPlugins/DEBUG] [REI/]: [REI] ========================================
[01lug2025 17:13:14.646] [REI-ReloadPlugins/DEBUG] [REI/]: [REI] ========================================
[01lug2025 17:13:14.646] [REI-ReloadPlugins/DEBUG] [REI/]: [REI] REIPlugin ended main-reload for END in 75.94 ms.
[01lug2025 17:13:14.646] [REI-ReloadPlugins/DEBUG] [REI/]: [REI] ========================================
[01lug2025 17:13:14.646] [REI-ReloadPlugins/INFO] [REI/]: [REI] ########################################
[01lug2025 17:13:14.647] [REI-ReloadPlugins/INFO] [REI/]: [REI] REIClientPlugin starting main-reload for END.
[01lug2025 17:13:14.647] [REI-ReloadPlugins/DEBUG] [REI/]: [REI] Reloadables (18):
[01lug2025 17:13:14.647] [REI-ReloadPlugins/DEBUG] [REI/]: [REI]  - EntryRendererRegistryImpl
[01lug2025 17:13:14.647] [REI-ReloadPlugins/DEBUG] [REI/]: [REI]  - ViewsImpl
[01lug2025 17:13:14.647] [REI-ReloadPlugins/DEBUG] [REI/]: [REI]  - InputMethodRegistryImpl
[01lug2025 17:13:14.647] [REI-ReloadPlugins/DEBUG] [REI/]: [REI]  - SearchProviderImpl
[01lug2025 17:13:14.647] [REI-ReloadPlugins/DEBUG] [REI/]: [REI]  - ConfigManagerImpl
[01lug2025 17:13:14.647] [REI-ReloadPlugins/DEBUG] [REI/]: [REI]  - EntryRegistryImpl
[01lug2025 17:13:14.647] [REI-ReloadPlugins/DEBUG] [REI/]: [REI]  - CollapsibleEntryRegistryImpl
[01lug2025 17:13:14.647] [REI-ReloadPlugins/DEBUG] [REI/]: [REI]  - BasicFilteringRuleImpl
[01lug2025 17:13:14.647] [REI-ReloadPlugins/DEBUG] [REI/]: [REI]  - CategoryRegistryImpl
[01lug2025 17:13:14.647] [REI-ReloadPlugins/DEBUG] [REI/]: [REI]  - DisplayRegistryImpl
[01lug2025 17:13:14.647] [REI-ReloadPlugins/DEBUG] [REI/]: [REI]  - ScreenRegistryImpl
[01lug2025 17:13:14.647] [REI-ReloadPlugins/DEBUG] [REI/]: [REI]  - FavoriteEntryTypeRegistryImpl
[01lug2025 17:13:14.647] [REI-ReloadPlugins/DEBUG] [REI/]: [REI]  - SubsetsRegistryImpl
[01lug2025 17:13:14.647] [REI-ReloadPlugins/DEBUG] [REI/]: [REI]  - TransferHandlerRegistryImpl
[01lug2025 17:13:14.647] [REI-ReloadPlugins/DEBUG] [REI/]: [REI]  - SearchRuntime
[01lug2025 17:13:14.647] [REI-ReloadPlugins/DEBUG] [REI/]: [REI]  - REIRuntimeImpl
[01lug2025 17:13:14.647] [REI-ReloadPlugins/DEBUG] [REI/]: [REI]  - ConfigAddonRegistryImpl
[01lug2025 17:13:14.647] [REI-ReloadPlugins/DEBUG] [REI/]: [REI]  - me.shedaniel.rei.plugin.client.runtime.PluginStageExecutionWatcher$1
[01lug2025 17:13:14.647] [REI-ReloadPlugins/INFO] [REI/]: [REI] Plugins (3):
[01lug2025 17:13:14.647] [REI-ReloadPlugins/INFO] [REI/]: [REI]  - (-100,00) DefaultClientPluginImpl of DefaultClientPluginImpl [roughlyenoughitems]
[01lug2025 17:13:14.647] [REI-ReloadPlugins/INFO] [REI/]: [REI]  - (0,00) HideIngredientsFromTagsPlugin of HideIngredientsFromTagsPlugin [roughlyenoughitems]
[01lug2025 17:13:14.647] [REI-ReloadPlugins/INFO] [REI/]: [REI]  - (0,00) DefaultClientRuntimePlugin of DefaultClientRuntimePlugin [roughlyenoughitems]
[01lug2025 17:13:14.647] [REI-ReloadPlugins/INFO] [REI/]: [REI] ########################################
[01lug2025 17:13:14.654] [REI-ReloadPlugins/DEBUG] [REI/]: [REI] Added category visibility predicate: me.shedaniel.rei.impl.client.registry.category.CategoryRegistryImpl$$Lambda/0x000002102b64bde8@3c6406a1 [0,00 priority]
[01lug2025 17:13:14.655] [REI-ReloadPlugins/DEBUG] [REI/]: [REI] Preparing collapsed entry groups cache with 0 entries and 1787 stacks
[01lug2025 17:13:14.655] [REI-ReloadPlugins/DEBUG] [REI/]: [REI] Prepared collapsed entry groups cache with 0 entries and 1787 stacks
[01lug2025 17:13:14.655] [REI-ReloadPlugins/DEBUG] [REI/]: [REI] ========================================
[01lug2025 17:13:14.655] [REI-ReloadPlugins/DEBUG] [REI/]: [REI] REIClientPlugin started main-reload for END.
[01lug2025 17:13:14.655] [REI-ReloadPlugins/DEBUG] [REI/]: [REI] ========================================
[01lug2025 17:13:14.659] [REI-ReloadPlugins/DEBUG] [REI/]: [REI] Added input method [rei:default]: Default
[01lug2025 17:13:14.659] [Render thread/DEBUG] [mezz.jei.library.plugins.jei.tags.TagInfoRecipeMaker/]: No valid ingredients found for minecraft:fluid tag: Mushroom Stew (c:mushroom_stew)
[01lug2025 17:13:14.659] [Render thread/DEBUG] [mezz.jei.library.plugins.jei.tags.TagInfoRecipeMaker/]: No valid ingredients found for minecraft:fluid tag: Potion (c:potion)
[01lug2025 17:13:14.659] [Render thread/DEBUG] [mezz.jei.library.plugins.jei.tags.TagInfoRecipeMaker/]: No valid ingredients found for minecraft:fluid tag: Milk (c:milk)
[01lug2025 17:13:14.659] [Render thread/DEBUG] [mezz.jei.library.plugins.jei.tags.TagInfoRecipeMaker/]: No valid ingredients found for minecraft:fluid tag: Beetroot Soup (c:beetroot_soup)
[01lug2025 17:13:14.659] [Render thread/DEBUG] [mezz.jei.library.plugins.jei.tags.TagInfoRecipeMaker/]: No valid ingredients found for minecraft:fluid tag: Suspicious Stew (c:suspicious_stew)
[01lug2025 17:13:14.659] [Render thread/DEBUG] [mezz.jei.library.plugins.jei.tags.TagInfoRecipeMaker/]: No valid ingredients found for minecraft:fluid tag: Gaseous (c:gaseous)
[01lug2025 17:13:14.659] [Render thread/DEBUG] [mezz.jei.library.plugins.jei.tags.TagInfoRecipeMaker/]: No valid ingredients found for minecraft:fluid tag: Honey (c:honey)
[01lug2025 17:13:14.659] [Render thread/DEBUG] [mezz.jei.library.plugins.jei.tags.TagInfoRecipeMaker/]: No valid ingredients found for minecraft:fluid tag: Rabbit Stew (c:rabbit_stew)
[01lug2025 17:13:14.659] [Render thread/DEBUG] [mezz.jei.library.recipes.RecipeManagerInternal/]: Adding recipes: minecraft:fluid
[01lug2025 17:13:14.660] [Render thread/DEBUG] [mezz.jei.library.plugins.jei.tags.TagInfoRecipeMaker/]: No valid ingredients found for minecraft:item tag: Candies (c:foods/candy)
[01lug2025 17:13:14.660] [Render thread/DEBUG] [mezz.jei.library.plugins.jei.tags.TagInfoRecipeMaker/]: No valid ingredients found for minecraft:item tag: Ropes (c:ropes)
[01lug2025 17:13:14.662] [Render thread/DEBUG] [mezz.jei.library.recipes.RecipeManagerInternal/]: Adding recipes: minecraft:item
[01lug2025 17:13:14.669] [Render thread/INFO] [mezz.jei.library.load.PluginCallerTimerRunnable/]: Registering recipes: jei:internal took 33.30 milliseconds
[01lug2025 17:13:14.669] [Render thread/INFO] [mezz.jei.library.load.PluginCaller/]: Registering recipes took 247.3 ms
[01lug2025 17:13:14.683] [Render thread/INFO] [mezz.jei.library.load.PluginCaller/]: Registering recipes transfer handlers...
[01lug2025 17:13:14.684] [Render thread/DEBUG] [mezz.jei.library.load.PluginCallerTimerRunnable/]: Registering recipes transfer handlers: jei:minecraft...
[01lug2025 17:13:14.689] [Render thread/DEBUG] [mezz.jei.library.load.PluginCallerTimerRunnable/]: Registering recipes transfer handlers: jei:neoforge_gui...
[01lug2025 17:13:14.689] [Render thread/DEBUG] [mezz.jei.library.load.PluginCallerTimerRunnable/]: Registering recipes transfer handlers: jei:debug...
[01lug2025 17:13:14.689] [Render thread/DEBUG] [mezz.jei.library.load.PluginCallerTimerRunnable/]: Registering recipes transfer handlers: jei:gui...
[01lug2025 17:13:14.689] [Render thread/DEBUG] [mezz.jei.library.load.PluginCallerTimerRunnable/]: Registering recipes transfer handlers: jei:internal...
[01lug2025 17:13:14.689] [Render thread/INFO] [mezz.jei.library.load.PluginCaller/]: Registering recipes transfer handlers took 5.699 ms
[01lug2025 17:13:14.693] [REI-ReloadPlugins/DEBUG] [REI/]: [REI] Added input method [rei:pinyin]: Pinyin (Mandarin)
[01lug2025 17:13:14.695] [REI-ReloadPlugins/DEBUG] [REI/]: [REI] Added input method [rei:jyutping]: Jyutping (Cantonese)
[01lug2025 17:13:14.699] [REI-ReloadPlugins/DEBUG] [REI/]: [REI] Added input method [rei:bomopofo]: Bopomofo (Mandarin)
[01lug2025 17:13:14.703] [Render thread/INFO] [mezz.jei.core.util.LoggedTimer/]: Building runtime...
[01lug2025 17:13:14.704] [REI-ReloadPlugins/DEBUG] [REI/]: [REI] Added input method [rei:double_pinyin]: Double Pinyin (Mandarin)
[01lug2025 17:13:14.709] [REI-ReloadPlugins/DEBUG] [REI/]: [REI] Added collapsible entry group [roughlyenoughitems:enchanted_book] Enchanted Book with dynamic predicate
[01lug2025 17:13:14.710] [REI-ReloadPlugins/DEBUG] [REI/]: [REI] Added collapsible entry group [roughlyenoughitems:potion] Potion with dynamic predicate
[01lug2025 17:13:14.710] [REI-ReloadPlugins/DEBUG] [REI/]: [REI] Added collapsible entry group [roughlyenoughitems:splash_potion] Splash Potion with dynamic predicate
[01lug2025 17:13:14.711] [REI-ReloadPlugins/DEBUG] [REI/]: [REI] Added collapsible entry group [roughlyenoughitems:lingering_potion] Lingering Potion with dynamic predicate
[01lug2025 17:13:14.712] [REI-ReloadPlugins/DEBUG] [REI/]: [REI] Added collapsible entry group [roughlyenoughitems:spawn_egg] Spawn Egg with dynamic predicate
[01lug2025 17:13:14.712] [REI-ReloadPlugins/DEBUG] [REI/]: [REI] Added collapsible entry group [roughlyenoughitems:tipped_arrow] Tipped Arrow with dynamic predicate
[01lug2025 17:13:14.713] [REI-ReloadPlugins/DEBUG] [REI/]: [REI] Added collapsible entry group [roughlyenoughitems:music_disc] Music Disc with dynamic predicate
[01lug2025 17:13:14.717] [Render thread/INFO] [mezz.jei.library.load.PluginCaller/]: Registering gui handlers...
[01lug2025 17:13:14.717] [Render thread/DEBUG] [mezz.jei.library.load.PluginCallerTimerRunnable/]: Registering gui handlers: jei:minecraft...
[01lug2025 17:13:14.724] [Render thread/DEBUG] [mezz.jei.library.load.PluginCallerTimerRunnable/]: Registering gui handlers: jei:neoforge_gui...
[01lug2025 17:13:14.724] [Render thread/DEBUG] [mezz.jei.library.load.PluginCallerTimerRunnable/]: Registering gui handlers: jei:debug...
[01lug2025 17:13:14.724] [Render thread/DEBUG] [mezz.jei.library.load.PluginCallerTimerRunnable/]: Registering gui handlers: jei:gui...
[01lug2025 17:13:14.735] [Render thread/DEBUG] [mezz.jei.library.load.PluginCallerTimerRunnable/]: Registering gui handlers: jei:internal...
[01lug2025 17:13:14.735] [Render thread/INFO] [mezz.jei.library.load.PluginCaller/]: Registering gui handlers took 17.29 ms
[01lug2025 17:13:14.746] [Render thread/INFO] [mezz.jei.library.load.PluginCaller/]: Registering Runtime...
[01lug2025 17:13:14.747] [Render thread/DEBUG] [mezz.jei.library.load.PluginCallerTimerRunnable/]: Registering Runtime: jei:minecraft...
[01lug2025 17:13:14.747] [Render thread/DEBUG] [mezz.jei.library.load.PluginCallerTimerRunnable/]: Registering Runtime: jei:neoforge_gui...
[01lug2025 17:13:14.749] [Render thread/INFO] [mezz.jei.gui.startup.JeiGuiStarter/]: Starting JEI GUI
[01lug2025 17:13:14.749] [REI-ReloadPlugins/DEBUG] [REI/]: [REI] Added category [minecraft:plugins/crafting]: Crafting
[01lug2025 17:13:14.749] [REI-ReloadPlugins/DEBUG] [REI/]: [REI] Added category [minecraft:plugins/smelting]: Smelting
[01lug2025 17:13:14.749] [REI-ReloadPlugins/DEBUG] [REI/]: [REI] Added category [minecraft:plugins/smoking]: Smoking
[01lug2025 17:13:14.749] [REI-ReloadPlugins/DEBUG] [REI/]: [REI] Added category [minecraft:plugins/blasting]: Blasting
[01lug2025 17:13:14.749] [REI-ReloadPlugins/DEBUG] [REI/]: [REI] Added category [minecraft:plugins/campfire]: Campfire
[01lug2025 17:13:14.749] [REI-ReloadPlugins/DEBUG] [REI/]: [REI] Added category [minecraft:plugins/stone_cutting]: Stone Cutting
[01lug2025 17:13:14.749] [REI-ReloadPlugins/DEBUG] [REI/]: [REI] Added category [minecraft:plugins/fuel]: Fuel
[01lug2025 17:13:14.749] [REI-ReloadPlugins/DEBUG] [REI/]: [REI] Added category [minecraft:plugins/brewing]: Brewing
[01lug2025 17:13:14.749] [REI-ReloadPlugins/DEBUG] [REI/]: [REI] Added category [minecraft:plugins/composting]: Composting
[01lug2025 17:13:14.749] [REI-ReloadPlugins/DEBUG] [REI/]: [REI] Added category [minecraft:plugins/stripping]: Stripping
[01lug2025 17:13:14.749] [REI-ReloadPlugins/DEBUG] [REI/]: [REI] Added category [minecraft:plugins/smithing]: Smithing
[01lug2025 17:13:14.749] [REI-ReloadPlugins/DEBUG] [REI/]: [REI] Added category [minecraft:plugins/anvil]: Anvil
[01lug2025 17:13:14.749] [REI-ReloadPlugins/DEBUG] [REI/]: [REI] Added category [minecraft:plugins/beacon_base]: Beacon Base
[01lug2025 17:13:14.749] [REI-ReloadPlugins/DEBUG] [REI/]: [REI] Added category [minecraft:plugins/beacon_payment]: Beacon Payment
[01lug2025 17:13:14.749] [REI-ReloadPlugins/DEBUG] [REI/]: [REI] Added category [minecraft:plugins/tilling]: Tilling
[01lug2025 17:13:14.749] [REI-ReloadPlugins/DEBUG] [REI/]: [REI] Added category [minecraft:plugins/pathing]: Pathing
[01lug2025 17:13:14.749] [REI-ReloadPlugins/DEBUG] [REI/]: [REI] Added category [minecraft:plugins/waxing]: Waxing
[01lug2025 17:13:14.749] [REI-ReloadPlugins/DEBUG] [REI/]: [REI] Added category [minecraft:plugins/wax_scraping]: Wax Scraping
[01lug2025 17:13:14.750] [REI-ReloadPlugins/DEBUG] [REI/]: [REI] Added category [minecraft:plugins/oxidizing]: Oxidizing
[01lug2025 17:13:14.750] [REI-ReloadPlugins/DEBUG] [REI/]: [REI] Added category [minecraft:plugins/oxidation_scraping]: Oxidation Scraping
[01lug2025 17:13:14.750] [Render thread/INFO] [mezz.jei.core.util.LoggedTimer/]: Building ingredient list...
[01lug2025 17:13:14.751] [Render thread/DEBUG] [mezz.jei.gui.ingredients.IngredientListElementFactory/]: Registering ingredients: ItemStack
[01lug2025 17:13:14.755] [Render thread/DEBUG] [mezz.jei.gui.ingredients.IngredientListElementFactory/]: Registering ingredients: FluidStack
[01lug2025 17:13:14.755] [Render thread/INFO] [mezz.jei.core.util.LoggedTimer/]: Building ingredient list took 5.151 ms
[01lug2025 17:13:14.755] [Render thread/INFO] [mezz.jei.core.util.LoggedTimer/]: Building ingredient filter...
[01lug2025 17:13:14.756] [REI-ReloadPlugins/DEBUG] [REI/]: [REI] Added category visibility predicate: me.shedaniel.rei.plugin.client.DefaultClientPlugin$$Lambda/0x000002102b6643b8@5a9adde8 [0,00 priority]
[01lug2025 17:13:14.769] [REI-ReloadPlugins/DEBUG] [REI/]: [REI] Added category [roughlyenoughitems:plugins/information]: Information
[01lug2025 17:13:14.769] [REI-ReloadPlugins/DEBUG] [REI/]: [REI] Added category [minecraft:plugins/tag]: Tag
[01lug2025 17:13:14.775] [REI-ReloadPlugins/DEBUG] [REI/]: [REI] Added display filter: me.shedaniel.rei.impl.client.registry.display.DisplayRegistryImpl$$Lambda/0x000002102b668bb8@13b0cfb6
[01lug2025 17:13:14.776] [REI-ReloadPlugins/DEBUG] [REI/]: [REI] Added display filter: me.shedaniel.rei.impl.client.registry.display.DisplayRegistryImpl$$Lambda/0x000002102b668bb8@18224a20
[01lug2025 17:13:14.777] [REI-ReloadPlugins/DEBUG] [REI/]: [REI] Added display filter: me.shedaniel.rei.impl.client.registry.display.DisplayRegistryImpl$$Lambda/0x000002102b668bb8@6884fe64
[01lug2025 17:13:14.777] [REI-ReloadPlugins/DEBUG] [REI/]: [REI] Added display filter: me.shedaniel.rei.impl.client.registry.display.DisplayRegistryImpl$$Lambda/0x000002102b668bb8@17433d72
[01lug2025 17:13:14.778] [REI-ReloadPlugins/DEBUG] [REI/]: [REI] Added display filter: me.shedaniel.rei.impl.client.registry.display.DisplayRegistryImpl$$Lambda/0x000002102b668bb8@47203056
[01lug2025 17:13:14.778] [REI-ReloadPlugins/DEBUG] [REI/]: [REI] Added display filter: me.shedaniel.rei.impl.client.registry.display.DisplayRegistryImpl$$Lambda/0x000002102b668bb8@44cd4f0
[01lug2025 17:13:14.779] [REI-ReloadPlugins/DEBUG] [REI/]: [REI] Added display filter: me.shedaniel.rei.impl.client.registry.display.DisplayRegistryImpl$$Lambda/0x000002102b668bb8@e3b503b
[01lug2025 17:13:14.781] [REI-ReloadPlugins/DEBUG] [REI/]: [REI] Added display filter: me.shedaniel.rei.impl.client.registry.display.DisplayRegistryImpl$$Lambda/0x000002102b66baa8@5fc4923a
[01lug2025 17:13:14.784] [REI-ReloadPlugins/DEBUG] [REI/]: [REI] Added display filter: me.shedaniel.rei.impl.client.registry.display.DisplayRegistryImpl$$Lambda/0x000002102b668bb8@27880e90
[01lug2025 17:13:14.785] [REI-ReloadPlugins/DEBUG] [REI/]: [REI] Added display filter: me.shedaniel.rei.impl.client.registry.display.DisplayRegistryImpl$$Lambda/0x000002102b668bb8@79a792eb
[01lug2025 17:13:14.788] [REI-ReloadPlugins/DEBUG] [REI/]: [REI] Added display filter: me.shedaniel.rei.impl.client.registry.display.DisplayRegistryImpl$$Lambda/0x000002102b668bb8@a01f058
[01lug2025 17:13:14.796] [REI-ReloadPlugins/DEBUG] [REI/]: [REI] Added display filter: me.shedaniel.rei.impl.client.registry.display.DisplayRegistryImpl$$Lambda/0x000002102b66baa8@723bf0e7
[01lug2025 17:13:14.796] [REI-ReloadPlugins/DEBUG] [REI/]: [REI] Added display filter: me.shedaniel.rei.impl.client.registry.display.DisplayRegistryImpl$$Lambda/0x000002102b66baa8@597c9704
[01lug2025 17:13:14.796] [REI-ReloadPlugins/DEBUG] [REI/]: [REI] Added display filter: me.shedaniel.rei.impl.client.registry.display.DisplayRegistryImpl$$Lambda/0x000002102b66baa8@3ea4c36f
[01lug2025 17:13:14.796] [REI-ReloadPlugins/DEBUG] [REI/]: [REI] Added display filter: me.shedaniel.rei.impl.client.registry.display.DisplayRegistryImpl$$Lambda/0x000002102b66baa8@4b0f4130
[01lug2025 17:13:14.796] [REI-ReloadPlugins/DEBUG] [REI/]: [REI] Added display filter: me.shedaniel.rei.impl.client.registry.display.DisplayRegistryImpl$$Lambda/0x000002102b66baa8@661e2c7e
[01lug2025 17:13:14.796] [REI-ReloadPlugins/DEBUG] [REI/]: [REI] Added display filter: me.shedaniel.rei.impl.client.registry.display.DisplayRegistryImpl$$Lambda/0x000002102b66baa8@5be7530e
[01lug2025 17:13:14.796] [REI-ReloadPlugins/DEBUG] [REI/]: [REI] Added display filter: me.shedaniel.rei.impl.client.registry.display.DisplayRegistryImpl$$Lambda/0x000002102b66baa8@43405ca6
[01lug2025 17:13:14.796] [REI-ReloadPlugins/DEBUG] [REI/]: [REI] Added display filter: me.shedaniel.rei.impl.client.registry.display.DisplayRegistryImpl$$Lambda/0x000002102b66baa8@72f7933f
[01lug2025 17:13:14.796] [REI-ReloadPlugins/DEBUG] [REI/]: [REI] Added display filter: me.shedaniel.rei.impl.client.registry.display.DisplayRegistryImpl$$Lambda/0x000002102b66baa8@651d2cc3
[01lug2025 17:13:14.796] [REI-ReloadPlugins/DEBUG] [REI/]: [REI] Added display filter: me.shedaniel.rei.impl.client.registry.display.DisplayRegistryImpl$$Lambda/0x000002102b66baa8@4037c4d
[01lug2025 17:13:14.818] [Render thread/INFO] [mezz.jei.gui.ingredients.IngredientFilter/]: Adding 1751 ingredients
[01lug2025 17:13:14.820] [Server thread/DEBUG] [net.neoforged.coremod.transformer.CoreModBaseTransformer/COREMOD]: Transforming net/minecraft/world/level/levelgen/structure/templatesystem/StructureTemplate
[01lug2025 17:13:15.037] [Render thread/INFO] [mezz.jei.gui.ingredients.IngredientFilter/]: Added 1751/1751 ingredients
[01lug2025 17:13:15.039] [Render thread/INFO] [mezz.jei.core.util.LoggedTimer/]: Building ingredient filter took 284.6 ms
[01lug2025 17:13:15.238] [Render thread/INFO] [mezz.jei.library.load.PluginCallerTimerRunnable/]: Registering Runtime: jei:neoforge_gui took 491.7 milliseconds
[01lug2025 17:13:15.239] [Render thread/DEBUG] [mezz.jei.library.load.PluginCallerTimerRunnable/]: Registering Runtime: jei:debug...
[01lug2025 17:13:15.239] [Render thread/DEBUG] [mezz.jei.library.load.PluginCallerTimerRunnable/]: Registering Runtime: jei:gui...
[01lug2025 17:13:15.239] [Render thread/DEBUG] [mezz.jei.library.load.PluginCallerTimerRunnable/]: Registering Runtime: jei:internal...
[01lug2025 17:13:15.239] [Render thread/INFO] [mezz.jei.library.load.PluginCaller/]: Registering Runtime took 492.9 ms
[01lug2025 17:13:15.246] [Render thread/INFO] [mezz.jei.core.util.LoggedTimer/]: Building runtime took 542.7 ms
[01lug2025 17:13:15.246] [Render thread/INFO] [mezz.jei.library.load.PluginCaller/]: Sending Runtime...
[01lug2025 17:13:15.247] [Render thread/DEBUG] [mezz.jei.library.load.PluginCallerTimerRunnable/]: Sending Runtime: jei:minecraft...
[01lug2025 17:13:15.247] [Render thread/DEBUG] [mezz.jei.library.load.PluginCallerTimerRunnable/]: Sending Runtime: jei:neoforge_gui...
[01lug2025 17:13:15.247] [Render thread/DEBUG] [mezz.jei.library.load.PluginCallerTimerRunnable/]: Sending Runtime: jei:debug...
[01lug2025 17:13:15.247] [Render thread/DEBUG] [mezz.jei.library.load.PluginCallerTimerRunnable/]: Sending Runtime: jei:gui...
[01lug2025 17:13:15.247] [Render thread/DEBUG] [mezz.jei.library.load.PluginCallerTimerRunnable/]: Sending Runtime: jei:internal...
[01lug2025 17:13:15.247] [Render thread/INFO] [mezz.jei.library.load.PluginCaller/]: Sending Runtime took 551.1 μs
[01lug2025 17:13:15.247] [Render thread/INFO] [mezz.jei.core.util.LoggedTimer/]: Starting JEI took 1.191 s
[01lug2025 17:13:15.266] [REI-ReloadPlugins/DEBUG] [REI/]: [REI] Computed existing filtered displays with 3 rules in 184.9 ms
[01lug2025 17:13:15.266] [REI-ReloadPlugins/DEBUG] [REI/]: [REI] Added display visibility predicate: me.shedaniel.rei.plugin.client.runtime.FilteredStacksVisibilityHandler@3791ae33 [0,00 priority]
[01lug2025 17:13:15.271] [Render thread/INFO] [net.minecraft.advancements.AdvancementTree/]: Loaded 69 advancements
[01lug2025 17:13:15.274] [REI-ReloadPlugins/DEBUG] [REI/]: [REI] Added transfer handler: me.shedaniel.rei.api.client.registry.transfer.simple.SimpleTransferHandler$1@126921bc [0,00 priority]
[01lug2025 17:13:15.276] [REI-ReloadPlugins/DEBUG] [REI/]: [REI] Added transfer handler: me.shedaniel.rei.plugin.autocrafting.InventoryCraftingTransferHandler@12abf0c5 [0,00 priority]
[01lug2025 17:13:15.276] [REI-ReloadPlugins/DEBUG] [REI/]: [REI] Added transfer handler: me.shedaniel.rei.api.client.registry.transfer.simple.SimpleTransferHandler$1@7de4b880 [0,00 priority]
[01lug2025 17:13:15.276] [REI-ReloadPlugins/DEBUG] [REI/]: [REI] Added transfer handler: me.shedaniel.rei.api.client.registry.transfer.simple.SimpleTransferHandler$1@bb632b1 [0,00 priority]
[01lug2025 17:13:15.276] [REI-ReloadPlugins/DEBUG] [REI/]: [REI] Added transfer handler: me.shedaniel.rei.api.client.registry.transfer.simple.SimpleTransferHandler$1@602ddf51 [0,00 priority]
[01lug2025 17:13:15.278] [REI-ReloadPlugins/DEBUG] [REI/]: [REI] Added transfer handler: me.shedaniel.rei.plugin.autocrafting.recipebook.DefaultRecipeBookHandler@4175a596 [-20,00 priority]
[01lug2025 17:13:15.281] [REI-ReloadPlugins/DEBUG] [REI/]: [REI] Added transfer handler: me.shedaniel.rei.plugin.autocrafting.DefaultCategoryHandler@416ccde1 [-10,00 priority]
[01lug2025 17:13:15.281] [REI-ReloadPlugins/DEBUG] [REI/]: [REI] ========================================
[01lug2025 17:13:15.281] [REI-ReloadPlugins/DEBUG] [REI/]: [REI] REIClientPlugin ending main-reload for END.
[01lug2025 17:13:15.281] [REI-ReloadPlugins/DEBUG] [REI/]: [REI] ========================================
[01lug2025 17:13:15.287] [REI-ReloadPlugins/DEBUG] [REI/]: [REI] Registered 5 input methods: Default, Jyutping (Cantonese), Pinyin (Mandarin), Bopomofo (Mandarin), Double Pinyin (Mandarin)
[01lug2025 17:13:15.287] [REI-ReloadPlugins/DEBUG] [REI/]: [REI] Recollecting custom collapsible entry groups
[01lug2025 17:13:15.288] [REI-ReloadPlugins/DEBUG] [REI/]: [REI] Registered 0 custom collapsible entry groups: 
[01lug2025 17:13:15.288] [REI-ReloadPlugins/DEBUG] [REI/]: [REI] Registered 7 collapsible entry groups: Enchanted Book, Potion, Splash Potion, Lingering Potion, Spawn Egg, Tipped Arrow, Music Disc
[01lug2025 17:13:15.289] [REI-ReloadPlugins/DEBUG] [REI/]: [REI] Registered 22 categories: Crafting, Smelting, Smoking, Blasting, Campfire, Stone Cutting, Fuel, Brewing, Composting, Stripping, Smithing, Anvil, Beacon Base, Beacon Payment, Tilling, Pathing, Waxing, Wax Scraping, Oxidizing, Oxidation Scraping, Information, Tag
[01lug2025 17:13:15.289] [REI-ReloadPlugins/DEBUG] [REI/]: [REI] Found preliminary 4074 displays
[01lug2025 17:13:15.331] [REI-ReloadPlugins/DEBUG] [REI/]: [REI] Filled 1758 displays from recipe manager in 41.22 ms
[01lug2025 17:13:15.333] [REI-ReloadPlugins/DEBUG] [REI/]: [REI] Removing 0 failed displays
[01lug2025 17:13:15.335] [REI-ReloadPlugins/DEBUG] [REI/]: [REI] Processing 5832 displays for optimal lookup performance...
[01lug2025 17:13:15.377] [REI-ReloadPlugins/DEBUG] [REI/]: [REI] Processed displays for optimal lookup performance in 41.60 ms.
[01lug2025 17:13:15.377] [REI-ReloadPlugins/DEBUG] [REI/]: [REI] 5832 displays registration have completed
[01lug2025 17:13:15.377] [REI-ReloadPlugins/DEBUG] [REI/]: [REI] Registered 7 transfer handlers
[01lug2025 17:13:15.414] [REI-ReloadPlugins/DEBUG] [REI/]: [REI] Preparing collapsed entry groups cache with 7 entries and 1787 stacks
[01lug2025 17:13:15.414] [REI-ReloadPlugins/DEBUG] [REI/]: [REI] Prepared collapsed entry groups cache with 7 entries and 1787 stacks
[01lug2025 17:13:15.414] [REI-ReloadPlugins/DEBUG] [REI/]: [REI] Registered 0 config addons
[01lug2025 17:13:15.414] [REI-ReloadPlugins/DEBUG] [REI/]: [REI] ========================================
[01lug2025 17:13:15.414] [REI-ReloadPlugins/DEBUG] [REI/]: [REI] REIClientPlugin ended main-reload for END in 768.0 ms.
[01lug2025 17:13:15.414] [REI-ReloadPlugins/DEBUG] [REI/]: [REI] ========================================
[01lug2025 17:13:15.414] [REI-ReloadPlugins/INFO] [REI/]: [REI] OOOOOOOOOOOOOOOOOOOOOOOOOOOOOOOOOOOOOOOO
[01lug2025 17:13:15.414] [REI-ReloadPlugins/INFO] [REI/]: [REI] REIServerPlugin starting main-reload for END.
[01lug2025 17:13:15.414] [REI-ReloadPlugins/DEBUG] [REI/]: [REI] Reloadables (3):
[01lug2025 17:13:15.414] [REI-ReloadPlugins/DEBUG] [REI/]: [REI]  - MenuInfoRegistryImpl
[01lug2025 17:13:15.414] [REI-ReloadPlugins/DEBUG] [REI/]: [REI]  - SlotAccessorRegistryImpl
[01lug2025 17:13:15.414] [REI-ReloadPlugins/DEBUG] [REI/]: [REI]  - me.shedaniel.rei.plugin.client.runtime.PluginStageExecutionWatcher$1
[01lug2025 17:13:15.414] [REI-ReloadPlugins/INFO] [REI/]: [REI] Plugins (2):
[01lug2025 17:13:15.414] [REI-ReloadPlugins/INFO] [REI/]: [REI]  - (-100,00) DefaultPluginImpl of DefaultPluginImpl [roughlyenoughitems]
[01lug2025 17:13:15.414] [REI-ReloadPlugins/INFO] [REI/]: [REI]  - (0,00) DefaultRuntimePlugin of DefaultRuntimePlugin [roughlyenoughitems]
[01lug2025 17:13:15.414] [REI-ReloadPlugins/INFO] [REI/]: [REI] OOOOOOOOOOOOOOOOOOOOOOOOOOOOOOOOOOOOOOOO
[01lug2025 17:13:15.415] [REI-ReloadPlugins/DEBUG] [REI/]: [REI] ========================================
[01lug2025 17:13:15.415] [REI-ReloadPlugins/DEBUG] [REI/]: [REI] REIServerPlugin started main-reload for END.
[01lug2025 17:13:15.415] [REI-ReloadPlugins/DEBUG] [REI/]: [REI] ========================================
[01lug2025 17:13:15.419] [REI-ReloadPlugins/DEBUG] [REI/]: [REI] Added slot accessor serializer: me.shedaniel.rei.plugin.common.runtime.DefaultRuntimePlugin$1@caddac7 [roughlyenoughitems:vanilla]
[01lug2025 17:13:15.421] [REI-ReloadPlugins/DEBUG] [REI/]: [REI] Added slot accessor serializer: me.shedaniel.rei.plugin.common.runtime.DefaultRuntimePlugin$2@2a8e0248 [roughlyenoughitems:player]
[01lug2025 17:13:15.421] [REI-ReloadPlugins/DEBUG] [REI/]: [REI] ========================================
[01lug2025 17:13:15.421] [REI-ReloadPlugins/DEBUG] [REI/]: [REI] REIServerPlugin ending main-reload for END.
[01lug2025 17:13:15.421] [REI-ReloadPlugins/DEBUG] [REI/]: [REI] ========================================
[01lug2025 17:13:15.422] [REI-ReloadPlugins/DEBUG] [REI/]: [REI] Registered 0 menu infos
[01lug2025 17:13:15.422] [REI-ReloadPlugins/DEBUG] [REI/]: [REI] Registered 2 slot accessor serializers
[01lug2025 17:13:15.422] [REI-ReloadPlugins/DEBUG] [REI/]: [REI] ========================================
[01lug2025 17:13:15.422] [REI-ReloadPlugins/DEBUG] [REI/]: [REI] REIServerPlugin ended main-reload for END in 7.914 ms.
[01lug2025 17:13:15.422] [REI-ReloadPlugins/DEBUG] [REI/]: [REI] ========================================
[01lug2025 17:13:15.422] [REI-ReloadPlugins/DEBUG] [REI/]: [REI] ========================================
[01lug2025 17:13:15.422] [REI-ReloadPlugins/DEBUG] [REI/]: [REI] REIPlugin starting post-reload for END.
[01lug2025 17:13:15.422] [REI-ReloadPlugins/DEBUG] [REI/]: [REI] Reloadables (8):
[01lug2025 17:13:15.422] [REI-ReloadPlugins/DEBUG] [REI/]: [REI]  - EntryTypeRegistryImpl
[01lug2025 17:13:15.422] [REI-ReloadPlugins/DEBUG] [REI/]: [REI]  - EntrySettingsAdapterRegistryImpl
[01lug2025 17:13:15.422] [REI-ReloadPlugins/DEBUG] [REI/]: [REI]  - RecipeManagerContextImpl
[01lug2025 17:13:15.422] [REI-ReloadPlugins/DEBUG] [REI/]: [REI]  - ItemComparatorRegistryImpl
[01lug2025 17:13:15.422] [REI-ReloadPlugins/DEBUG] [REI/]: [REI]  - FluidComparatorRegistryImpl
[01lug2025 17:13:15.422] [REI-ReloadPlugins/DEBUG] [REI/]: [REI]  - DisplaySerializerRegistryImpl
[01lug2025 17:13:15.422] [REI-ReloadPlugins/DEBUG] [REI/]: [REI]  - FluidSupportProviderImpl
[01lug2025 17:13:15.422] [REI-ReloadPlugins/DEBUG] [REI/]: [REI]  - me.shedaniel.rei.plugin.client.runtime.PluginStageExecutionWatcher$1
[01lug2025 17:13:15.422] [REI-ReloadPlugins/DEBUG] [REI/]: [REI] Plugins (5):
[01lug2025 17:13:15.422] [REI-ReloadPlugins/DEBUG] [REI/]: [REI]  - (-100,00) DefaultClientPluginImpl of DefaultClientPluginImpl [roughlyenoughitems]
[01lug2025 17:13:15.422] [REI-ReloadPlugins/DEBUG] [REI/]: [REI]  - (-100,00) DefaultPluginImpl of DefaultPluginImpl [roughlyenoughitems]
[01lug2025 17:13:15.422] [REI-ReloadPlugins/DEBUG] [REI/]: [REI]  - (0,00) HideIngredientsFromTagsPlugin of HideIngredientsFromTagsPlugin [roughlyenoughitems]
[01lug2025 17:13:15.422] [REI-ReloadPlugins/DEBUG] [REI/]: [REI]  - (0,00) DefaultClientRuntimePlugin of DefaultClientRuntimePlugin [roughlyenoughitems]
[01lug2025 17:13:15.423] [REI-ReloadPlugins/DEBUG] [REI/]: [REI]  - (0,00) DefaultRuntimePlugin of DefaultRuntimePlugin [roughlyenoughitems]
[01lug2025 17:13:15.423] [REI-ReloadPlugins/DEBUG] [REI/]: [REI] ========================================
[01lug2025 17:13:15.430] [REI-ReloadPlugins/DEBUG] [REI/]: [REI] ========================================
[01lug2025 17:13:15.431] [REI-ReloadPlugins/INFO] [REI/]: [REI] REIPlugin finished post-reload for END in 7.362 ms, totaling 83.88 ms.
[01lug2025 17:13:15.431] [REI-ReloadPlugins/DEBUG] [REI/]: [REI] ========================================
[01lug2025 17:13:15.431] [REI-ReloadPlugins/DEBUG] [REI/]: [REI] ========================================
[01lug2025 17:13:15.431] [REI-ReloadPlugins/DEBUG] [REI/]: [REI] REIClientPlugin starting post-reload for END.
[01lug2025 17:13:15.431] [REI-ReloadPlugins/DEBUG] [REI/]: [REI] Reloadables (18):
[01lug2025 17:13:15.431] [REI-ReloadPlugins/DEBUG] [REI/]: [REI]  - EntryRendererRegistryImpl
[01lug2025 17:13:15.431] [REI-ReloadPlugins/DEBUG] [REI/]: [REI]  - ViewsImpl
[01lug2025 17:13:15.431] [REI-ReloadPlugins/DEBUG] [REI/]: [REI]  - InputMethodRegistryImpl
[01lug2025 17:13:15.431] [REI-ReloadPlugins/DEBUG] [REI/]: [REI]  - SearchProviderImpl
[01lug2025 17:13:15.431] [REI-ReloadPlugins/DEBUG] [REI/]: [REI]  - ConfigManagerImpl
[01lug2025 17:13:15.431] [REI-ReloadPlugins/DEBUG] [REI/]: [REI]  - EntryRegistryImpl
[01lug2025 17:13:15.431] [REI-ReloadPlugins/DEBUG] [REI/]: [REI]  - CollapsibleEntryRegistryImpl
[01lug2025 17:13:15.431] [REI-ReloadPlugins/DEBUG] [REI/]: [REI]  - BasicFilteringRuleImpl
[01lug2025 17:13:15.431] [REI-ReloadPlugins/DEBUG] [REI/]: [REI]  - CategoryRegistryImpl
[01lug2025 17:13:15.431] [REI-ReloadPlugins/DEBUG] [REI/]: [REI]  - DisplayRegistryImpl
[01lug2025 17:13:15.431] [REI-ReloadPlugins/DEBUG] [REI/]: [REI]  - ScreenRegistryImpl
[01lug2025 17:13:15.431] [REI-ReloadPlugins/DEBUG] [REI/]: [REI]  - FavoriteEntryTypeRegistryImpl
[01lug2025 17:13:15.431] [REI-ReloadPlugins/DEBUG] [REI/]: [REI]  - SubsetsRegistryImpl
[01lug2025 17:13:15.431] [REI-ReloadPlugins/DEBUG] [REI/]: [REI]  - TransferHandlerRegistryImpl
[01lug2025 17:13:15.431] [REI-ReloadPlugins/DEBUG] [REI/]: [REI]  - SearchRuntime
[01lug2025 17:13:15.431] [REI-ReloadPlugins/DEBUG] [REI/]: [REI]  - REIRuntimeImpl
[01lug2025 17:13:15.431] [REI-ReloadPlugins/DEBUG] [REI/]: [REI]  - ConfigAddonRegistryImpl
[01lug2025 17:13:15.431] [REI-ReloadPlugins/DEBUG] [REI/]: [REI]  - me.shedaniel.rei.plugin.client.runtime.PluginStageExecutionWatcher$1
[01lug2025 17:13:15.431] [REI-ReloadPlugins/DEBUG] [REI/]: [REI] Plugins (3):
[01lug2025 17:13:15.431] [REI-ReloadPlugins/DEBUG] [REI/]: [REI]  - (-100,00) DefaultClientPluginImpl of DefaultClientPluginImpl [roughlyenoughitems]
[01lug2025 17:13:15.431] [REI-ReloadPlugins/DEBUG] [REI/]: [REI]  - (0,00) HideIngredientsFromTagsPlugin of HideIngredientsFromTagsPlugin [roughlyenoughitems]
[01lug2025 17:13:15.431] [REI-ReloadPlugins/DEBUG] [REI/]: [REI]  - (0,00) DefaultClientRuntimePlugin of DefaultClientRuntimePlugin [roughlyenoughitems]
[01lug2025 17:13:15.431] [REI-ReloadPlugins/DEBUG] [REI/]: [REI] ========================================
[01lug2025 17:13:15.432] [REI-ReloadPlugins/DEBUG] [REI/]: [REI] Registered displays report (5832 displays, 5832 cached / 0 not cached):
[01lug2025 17:13:15.433] [REI-ReloadPlugins/DEBUG] [REI/]: [REI] - minecraft:plugins/anvil: 2680 displays
[01lug2025 17:13:15.433] [REI-ReloadPlugins/DEBUG] [REI/]: [REI] - minecraft:plugins/beacon_base: 1 display
[01lug2025 17:13:15.434] [REI-ReloadPlugins/DEBUG] [REI/]: [REI] - minecraft:plugins/beacon_payment: 1 display
[01lug2025 17:13:15.434] [REI-ReloadPlugins/DEBUG] [REI/]: [REI] - minecraft:plugins/blasting: 30 displays
[01lug2025 17:13:15.434] [REI-ReloadPlugins/DEBUG] [REI/]: [REI] - minecraft:plugins/brewing: 279 displays
[01lug2025 17:13:15.434] [REI-ReloadPlugins/DEBUG] [REI/]: [REI] - minecraft:plugins/campfire: 9 displays
[01lug2025 17:13:15.434] [REI-ReloadPlugins/DEBUG] [REI/]: [REI] - minecraft:plugins/composting: 3 displays
[01lug2025 17:13:15.434] [REI-ReloadPlugins/DEBUG] [REI/]: [REI] - minecraft:plugins/crafting: 1195 displays
[01lug2025 17:13:15.434] [REI-ReloadPlugins/DEBUG] [REI/]: [REI] - minecraft:plugins/fuel: 248 displays
[01lug2025 17:13:15.434] [REI-ReloadPlugins/DEBUG] [REI/]: [REI] - minecraft:plugins/oxidation_scraping: 27 displays
[01lug2025 17:13:15.434] [REI-ReloadPlugins/DEBUG] [REI/]: [REI] - minecraft:plugins/oxidizing: 27 displays
[01lug2025 17:13:15.434] [REI-ReloadPlugins/DEBUG] [REI/]: [REI] - minecraft:plugins/pathing: 6 displays
[01lug2025 17:13:15.434] [REI-ReloadPlugins/DEBUG] [REI/]: [REI] - minecraft:plugins/smelting: 76 displays
[01lug2025 17:13:15.434] [REI-ReloadPlugins/DEBUG] [REI/]: [REI] - minecraft:plugins/smithing: 189 displays
[01lug2025 17:13:15.434] [REI-ReloadPlugins/DEBUG] [REI/]: [REI] - minecraft:plugins/smoking: 9 displays
[01lug2025 17:13:15.434] [REI-ReloadPlugins/DEBUG] [REI/]: [REI] - minecraft:plugins/stone_cutting: 250 displays
[01lug2025 17:13:15.434] [REI-ReloadPlugins/DEBUG] [REI/]: [REI] - minecraft:plugins/stripping: 21 displays
[01lug2025 17:13:15.434] [REI-ReloadPlugins/DEBUG] [REI/]: [REI] - minecraft:plugins/tag: 709 displays
[01lug2025 17:13:15.434] [REI-ReloadPlugins/DEBUG] [REI/]: [REI] - minecraft:plugins/wax_scraping: 36 displays
[01lug2025 17:13:15.435] [REI-ReloadPlugins/DEBUG] [REI/]: [REI] - minecraft:plugins/waxing: 36 displays
[01lug2025 17:13:15.435] [REI-ReloadPlugins/DEBUG] [REI/]: [REI] ========================================
[01lug2025 17:13:15.435] [REI-ReloadPlugins/INFO] [REI/]: [REI] REIClientPlugin finished post-reload for END in 3.551 ms, totaling 772.7 ms.
[01lug2025 17:13:15.435] [REI-ReloadPlugins/DEBUG] [REI/]: [REI] ========================================
[01lug2025 17:13:15.435] [REI-ReloadPlugins/DEBUG] [REI/]: [REI] ========================================
[01lug2025 17:13:15.435] [REI-ReloadPlugins/DEBUG] [REI/]: [REI] REIServerPlugin starting post-reload for END.
[01lug2025 17:13:15.435] [REI-ReloadPlugins/DEBUG] [REI/]: [REI] Reloadables (3):
[01lug2025 17:13:15.435] [REI-ReloadPlugins/DEBUG] [REI/]: [REI]  - MenuInfoRegistryImpl
[01lug2025 17:13:15.435] [REI-ReloadPlugins/DEBUG] [REI/]: [REI]  - SlotAccessorRegistryImpl
[01lug2025 17:13:15.435] [REI-ReloadPlugins/DEBUG] [REI/]: [REI]  - me.shedaniel.rei.plugin.client.runtime.PluginStageExecutionWatcher$1
[01lug2025 17:13:15.435] [REI-ReloadPlugins/DEBUG] [REI/]: [REI] Plugins (2):
[01lug2025 17:13:15.435] [REI-ReloadPlugins/DEBUG] [REI/]: [REI]  - (-100,00) DefaultPluginImpl of DefaultPluginImpl [roughlyenoughitems]
[01lug2025 17:13:15.435] [REI-ReloadPlugins/DEBUG] [REI/]: [REI]  - (0,00) DefaultRuntimePlugin of DefaultRuntimePlugin [roughlyenoughitems]
[01lug2025 17:13:15.435] [REI-ReloadPlugins/DEBUG] [REI/]: [REI] ========================================
[01lug2025 17:13:15.436] [REI-ReloadPlugins/DEBUG] [REI/]: [REI] ========================================
[01lug2025 17:13:15.436] [REI-ReloadPlugins/INFO] [REI/]: [REI] REIServerPlugin finished post-reload for END in 188.3 μs, totaling 8.362 ms.
[01lug2025 17:13:15.436] [REI-ReloadPlugins/DEBUG] [REI/]: [REI] ========================================
[01lug2025 17:13:15.822] [Server thread/INFO] [net.minecraft.client.server.IntegratedServer/]: Saving and pausing game...
[01lug2025 17:13:15.875] [Server thread/INFO] [net.minecraft.server.MinecraftServer/]: Saving chunks for level 'ServerLevel[New World]'/minecraft:overworld
[01lug2025 17:13:15.921] [Server thread/INFO] [net.minecraft.server.MinecraftServer/]: Saving chunks for level 'ServerLevel[New World]'/minecraft:the_end
[01lug2025 17:13:15.930] [Server thread/INFO] [net.minecraft.server.MinecraftServer/]: Saving chunks for level 'ServerLevel[New World]'/minecraft:the_nether
[01lug2025 17:13:15.940] [Server thread/DEBUG] [net.neoforged.neoforge.common.CommonHooks/WP]: Gathered mod list to write to world save New World
[01lug2025 17:13:20.411] [Server thread/INFO] [net.minecraft.server.MinecraftServer/]: [Dev: Set own game mode to Survival Mode]
[01lug2025 17:13:20.416] [Render thread/INFO] [net.minecraft.client.gui.components.ChatComponent/]: [System] [CHAT] Set own game mode to Survival Mode
[01lug2025 17:13:21.841] [Render thread/DEBUG] [REI/]: [REI] Created search filter with "" using Default
[01lug2025 17:13:21.843] [Render thread/DEBUG] [REI/]: [REI] Starting Search: "" with 1786 stacks, shouldAsync: true on Render thread
[01lug2025 17:13:21.844] [Render thread/DEBUG] [REI/]: [REI] Async Search: 5 partitions for ""
