[16:21:34] [modloading-worker-0/INFO] ========================================
[16:21:34] [modloading-worker-0/INFO] Minecraft: 1.21
[16:21:34] [modloading-worker-0/INFO] Side: client
[16:21:34] [modloading-worker-0/INFO] Development: true
[16:21:34] [modloading-worker-0/INFO] Version: 16.0.799
[16:21:34] [modloading-worker-0/INFO] Loader:
[16:21:34] [modloading-worker-0/INFO] - Forge: null
[16:21:34] [modloading-worker-0/INFO] Dependencies:
[16:21:34] [modloading-worker-0/INFO] - Cloth Config: 15.0.130
[16:21:34] [modloading-worker-0/INFO] - Architectury: 13.0.5
[16:21:34] [modloading-worker-0/INFO] Mixin: 0.8.6
[16:21:34] [modloading-worker-0/INFO] OS: Windows 11 10.0 (amd64)
[16:21:34] [modloading-worker-0/INFO] Java: 21.0.6 (Amazon.com Inc.)
[16:21:34] [modloading-worker-0/INFO] ========================================
[16:21:34] [modloading-worker-0/INFO] Mods:
[16:21:34] [modloading-worker-0/INFO] - architectury: 13.0.5
[16:21:34] [modloading-worker-0/INFO] - badpackets: 0.8.2
[16:21:34] [modloading-worker-0/INFO] - cloth_config: 15.0.130
[16:21:34] [modloading-worker-0/INFO] - immersiveores: 1.21-1.1.1
[16:21:34] [modloading-worker-0/INFO] - jade: 15.1.6+neoforge
[16:21:34] [modloading-worker-0/INFO] - jei: 19.8.2.99
[16:21:34] [modloading-worker-0/INFO] - minecraft: 1.21
[16:21:34] [modloading-worker-0/INFO] - neoforge: 21.0.167
[16:21:34] [modloading-worker-0/INFO] - roughlyenoughitems: 16.0.799
[16:21:34] [modloading-worker-0/INFO] - waila: 12.5.4
[16:21:34] [modloading-worker-0/INFO] - wthit: 12.5.4
[16:21:34] [modloading-worker-0/INFO] ========================================
[16:21:34] [modloading-worker-0/DEBUG] [REI] Added filtering rule [roughlyenoughitems:search]: INSTANCE
[16:21:34] [modloading-worker-0/DEBUG] [REI] Added filtering rule [roughlyenoughitems:manual]: INSTANCE
[16:21:34] [modloading-worker-0/DEBUG] [REI] Added filtering rule [roughlyenoughitems:basic]: INSTANCE
[16:21:35] [modloading-worker-0/INFO] [REI] Config loaded
[16:21:35] [modloading-worker-0/DEBUG] [REI] Config saved
[16:21:35] [modloading-worker-0/DEBUG] [REI] Config saved
[16:21:35] [modloading-worker-0/DEBUG] [REI] Config saved
[16:21:35] [modloading-worker-0/INFO] [REI] Registered plugin provider DefaultPluginImpl [roughlyenoughitems] for REIServerPlugin
[16:21:35] [modloading-worker-0/INFO] [REI] Registered plugin provider DefaultPluginImpl [roughlyenoughitems] for REIPlugin
[16:21:35] [modloading-worker-0/INFO] [REI] Registered plugin provider DefaultRuntimePlugin [roughlyenoughitems] for REIServerPlugin
[16:21:35] [modloading-worker-0/INFO] [REI] Registered plugin provider DefaultRuntimePlugin [roughlyenoughitems] for REIPlugin
[16:21:35] [modloading-worker-0/INFO] [REI] Registered plugin provider DefaultClientPluginImpl [roughlyenoughitems] for REIClientPlugin
[16:21:35] [modloading-worker-0/INFO] [REI] Registered plugin provider DefaultClientPluginImpl [roughlyenoughitems] for REIPlugin
[16:21:35] [modloading-worker-0/INFO] [REI] Registered plugin provider DefaultClientRuntimePlugin [roughlyenoughitems] for REIClientPlugin
[16:21:35] [modloading-worker-0/INFO] [REI] Registered plugin provider DefaultClientRuntimePlugin [roughlyenoughitems] for REIPlugin
[16:21:35] [modloading-worker-0/DEBUG] [REI] Added filtering rule [roughlyenoughitems:hidden_from_recipe_viewers]: INSTANCE
[16:21:35] [modloading-worker-0/INFO] [REI] Registered plugin provider HideIngredientsFromTagsPlugin [roughlyenoughitems] for REIClientPlugin
[16:21:35] [modloading-worker-0/INFO] [REI] Registered plugin provider HideIngredientsFromTagsPlugin [roughlyenoughitems] for REIPlugin
[16:22:02] [Worker-Main-5/DEBUG] [REI] Processed 0 tags in 8.700 μs for minecraft:banner_pattern
[16:22:02] [Worker-Main-15/DEBUG] [REI] Processed 0 tags in 7.200 μs for minecraft:worldgen/structure
[16:22:02] [Worker-Main-8/DEBUG] [REI] Processed 0 tags in 11.80 μs for minecraft:damage_type
[16:22:02] [Worker-Main-2/DEBUG] [REI] Processed 0 tags in 37.20 μs for minecraft:worldgen/world_preset
[16:22:02] [Worker-Main-13/DEBUG] [REI] Processed 0 tags in 7.400 μs for minecraft:enchantment
[16:22:02] [Worker-Main-14/DEBUG] [REI] Processed 0 tags in 9.600 μs for minecraft:worldgen/flat_level_generator_preset
[16:22:02] [Worker-Main-11/DEBUG] [REI] Processed 0 tags in 23.50 μs for minecraft:worldgen/biome
[16:22:02] [Worker-Main-3/DEBUG] [REI] Processed 3 tags in 4.992 ms for minecraft:point_of_interest_type[16:22:02] [Worker-Main-4/DEBUG] [REI] Processed 5 tags in 4.990 ms for minecraft:game_event[16:22:02] [Worker-Main-6/DEBUG] [REI] Processed 3 tags in 4.903 ms for minecraft:instrument
[16:22:02] [Worker-Main-12/DEBUG] [REI] Processed 5 tags in 4.773 ms for minecraft:fluid


[16:22:02] [Worker-Main-9/DEBUG] [REI] Processed 38 tags in 4.216 ms for minecraft:entity_type
[16:22:02] [Worker-Main-7/DEBUG] [REI] Processed 2 tags in 5.227 ms for minecraft:cat_variant
[16:22:02] [Worker-Main-4/DEBUG] [REI] Processed 0 tags in 6.800 μs for minecraft:painting_variant
[16:22:02] [Worker-Main-10/DEBUG] [REI] Processed 299 tags in 1.420 ms for minecraft:block
[16:22:02] [Worker-Main-1/DEBUG] [REI] Processed 391 tags in 830.3 μs for minecraft:item
[16:22:03] [Render thread/DEBUG] [REI] Player quit, clearing reload tasks!
[16:22:03] [Render thread/DEBUG] [REI] Did not fulfill the request of termination of REI reload tasks because there are no uninterrupted running tasks. This is not an error.
[16:22:07] [Render thread/DEBUG] [REI] Starting Reload Plugins of stage START
java.lang.Throwable
	at TRANSFORMER/roughlyenoughitems@16.0.799/me.shedaniel.rei.impl.common.plugins.ReloadManagerImpl.reloadPlugins(ReloadManagerImpl.java:110)
	at TRANSFORMER/roughlyenoughitems@16.0.799/me.shedaniel.rei.RoughlyEnoughItemsCoreClient.reloadPlugins(RoughlyEnoughItemsCoreClient.java:478)
	at TRANSFORMER/roughlyenoughitems@16.0.799/me.shedaniel.rei.RoughlyEnoughItemsCoreClient.lambda$registerEvents$9(RoughlyEnoughItemsCoreClient.java:312)
	at TRANSFORMER/minecraft@1.21/net.minecraft.client.multiplayer.ClientPacketListener.handler$zzo000$roughlyenoughitems$handleUpdateRecipes(ClientPacketListener.java:3119)
	at TRANSFORMER/minecraft@1.21/net.minecraft.client.multiplayer.ClientPacketListener.handleUpdateRecipes(ClientPacketListener.java)
	at TRANSFORMER/minecraft@1.21/net.minecraft.network.protocol.game.ClientboundUpdateRecipesPacket.handle(ClientboundUpdateRecipesPacket.java:28)
	at TRANSFORMER/minecraft@1.21/net.minecraft.network.protocol.game.ClientboundUpdateRecipesPacket.handle(ClientboundUpdateRecipesPacket.java:12)
	at TRANSFORMER/minecraft@1.21/net.minecraft.network.protocol.PacketUtils.lambda$ensureRunningOnSameThread$0(PacketUtils.java:26)
	at TRANSFORMER/minecraft@1.21/net.minecraft.util.thread.BlockableEventLoop.doRunTask(BlockableEventLoop.java:148)
	at TRANSFORMER/minecraft@1.21/net.minecraft.util.thread.ReentrantBlockableEventLoop.doRunTask(ReentrantBlockableEventLoop.java:24)
	at TRANSFORMER/minecraft@1.21/net.minecraft.util.thread.BlockableEventLoop.pollTask(BlockableEventLoop.java:122)
	at TRANSFORMER/minecraft@1.21/net.minecraft.util.thread.BlockableEventLoop.runAllTasks(BlockableEventLoop.java:111)
	at TRANSFORMER/minecraft@1.21/net.minecraft.client.Minecraft.runTick(Minecraft.java:1155)
	at TRANSFORMER/minecraft@1.21/net.minecraft.client.Minecraft.run(Minecraft.java:807)
	at TRANSFORMER/minecraft@1.21/net.minecraft.client.main.Main.main(Main.java:230)
	at java.base/jdk.internal.reflect.DirectMethodHandleAccessor.invoke(DirectMethodHandleAccessor.java:103)
	at java.base/java.lang.reflect.Method.invoke(Method.java:580)
	at MC-BOOTSTRAP/fml_loader@4.0.23/net.neoforged.fml.loading.targets.CommonLaunchHandler.runTarget(CommonLaunchHandler.java:136)
	at MC-BOOTSTRAP/fml_loader@4.0.23/net.neoforged.fml.loading.targets.CommonLaunchHandler.clientService(CommonLaunchHandler.java:124)
	at MC-BOOTSTRAP/fml_loader@4.0.23/net.neoforged.fml.loading.targets.NeoForgeClientUserdevLaunchHandler.runService(NeoForgeClientUserdevLaunchHandler.java:23)
	at MC-BOOTSTRAP/fml_loader@4.0.23/net.neoforged.fml.loading.targets.CommonLaunchHandler.lambda$launchService$4(CommonLaunchHandler.java:118)
	at MC-BOOTSTRAP/cpw.mods.modlauncher@11.0.4/cpw.mods.modlauncher.LaunchServiceHandlerDecorator.launch(LaunchServiceHandlerDecorator.java:30)
	at MC-BOOTSTRAP/cpw.mods.modlauncher@11.0.4/cpw.mods.modlauncher.LaunchServiceHandler.launch(LaunchServiceHandler.java:53)
	at MC-BOOTSTRAP/cpw.mods.modlauncher@11.0.4/cpw.mods.modlauncher.LaunchServiceHandler.launch(LaunchServiceHandler.java:71)
	at MC-BOOTSTRAP/cpw.mods.modlauncher@11.0.4/cpw.mods.modlauncher.Launcher.run(Launcher.java:103)
	at MC-BOOTSTRAP/cpw.mods.modlauncher@11.0.4/cpw.mods.modlauncher.Launcher.main(Launcher.java:74)
	at MC-BOOTSTRAP/cpw.mods.modlauncher@11.0.4/cpw.mods.modlauncher.BootstrapLaunchConsumer.accept(BootstrapLaunchConsumer.java:26)
	at MC-BOOTSTRAP/cpw.mods.modlauncher@11.0.4/cpw.mods.modlauncher.BootstrapLaunchConsumer.accept(BootstrapLaunchConsumer.java:23)
	at cpw.mods.bootstraplauncher@2.0.2/cpw.mods.bootstraplauncher.BootstrapLauncher.run(BootstrapLauncher.java:210)
	at cpw.mods.bootstraplauncher@2.0.2/cpw.mods.bootstraplauncher.BootstrapLauncher.main(BootstrapLauncher.java:69)
[16:22:07] [REI-ReloadPlugins/DEBUG] [REI] ========================================
[16:22:07] [REI-ReloadPlugins/DEBUG] [REI] REIPlugin starting pre-reload for START.
[16:22:07] [REI-ReloadPlugins/DEBUG] [REI] Reloadables (8):
[16:22:07] [REI-ReloadPlugins/DEBUG] [REI]  - EntryTypeRegistryImpl
[16:22:07] [REI-ReloadPlugins/DEBUG] [REI]  - EntrySettingsAdapterRegistryImpl
[16:22:07] [REI-ReloadPlugins/DEBUG] [REI]  - RecipeManagerContextImpl
[16:22:07] [REI-ReloadPlugins/DEBUG] [REI]  - ItemComparatorRegistryImpl
[16:22:07] [REI-ReloadPlugins/DEBUG] [REI]  - FluidComparatorRegistryImpl
[16:22:07] [REI-ReloadPlugins/DEBUG] [REI]  - DisplaySerializerRegistryImpl
[16:22:07] [REI-ReloadPlugins/DEBUG] [REI]  - FluidSupportProviderImpl
[16:22:07] [REI-ReloadPlugins/DEBUG] [REI]  - me.shedaniel.rei.plugin.client.runtime.PluginStageExecutionWatcher$1
[16:22:07] [REI-ReloadPlugins/DEBUG] [REI] Plugins (5):
[16:22:07] [REI-ReloadPlugins/DEBUG] [REI]  - (-100,00) DefaultClientPluginImpl of DefaultClientPluginImpl [roughlyenoughitems]
[16:22:07] [REI-ReloadPlugins/DEBUG] [REI]  - (-100,00) DefaultPluginImpl of DefaultPluginImpl [roughlyenoughitems]
[16:22:07] [REI-ReloadPlugins/DEBUG] [REI]  - (0,00) HideIngredientsFromTagsPlugin of HideIngredientsFromTagsPlugin [roughlyenoughitems]
[16:22:07] [REI-ReloadPlugins/DEBUG] [REI]  - (0,00) DefaultClientRuntimePlugin of DefaultClientRuntimePlugin [roughlyenoughitems]
[16:22:07] [REI-ReloadPlugins/DEBUG] [REI]  - (0,00) DefaultRuntimePlugin of DefaultRuntimePlugin [roughlyenoughitems]
[16:22:07] [REI-ReloadPlugins/DEBUG] [REI] ========================================
[16:22:07] [REI-ReloadPlugins/TRACE] [REI] [REIPlugin START] Reloading Section: "pre-register/"
[16:22:07] [Render thread/DEBUG] [REI] Starting Reload Plugins of stage END
java.lang.Throwable
	at TRANSFORMER/roughlyenoughitems@16.0.799/me.shedaniel.rei.impl.common.plugins.ReloadManagerImpl.reloadPlugins(ReloadManagerImpl.java:110)
	at TRANSFORMER/roughlyenoughitems@16.0.799/me.shedaniel.rei.RoughlyEnoughItemsCoreClient.reloadPlugins(RoughlyEnoughItemsCoreClient.java:478)
	at TRANSFORMER/roughlyenoughitems@16.0.799/me.shedaniel.rei.RoughlyEnoughItemsCoreClient.reloadPlugins(RoughlyEnoughItemsCoreClient.java:465)
	at TRANSFORMER/roughlyenoughitems@16.0.799/me.shedaniel.rei.RoughlyEnoughItemsCoreClient.lambda$registerEvents$10(RoughlyEnoughItemsCoreClient.java:315)
	at TRANSFORMER/architectury@13.0.5/dev.architectury.event.forge.EventHandlerImplClient.event(EventHandlerImplClient.java:176)
	at MC-BOOTSTRAP/net.neoforged.bus/net.neoforged.bus.EventBus.post(EventBus.java:350)
	at MC-BOOTSTRAP/net.neoforged.bus/net.neoforged.bus.EventBus.post(EventBus.java:315)
	at TRANSFORMER/neoforge@21.0.167/net.neoforged.neoforge.client.ClientHooks.onRecipesUpdated(ClientHooks.java:662)
	at TRANSFORMER/minecraft@1.21/net.minecraft.client.multiplayer.ClientPacketListener.handleUpdateRecipes(ClientPacketListener.java:1500)
	at TRANSFORMER/minecraft@1.21/net.minecraft.network.protocol.game.ClientboundUpdateRecipesPacket.handle(ClientboundUpdateRecipesPacket.java:28)
	at TRANSFORMER/minecraft@1.21/net.minecraft.network.protocol.game.ClientboundUpdateRecipesPacket.handle(ClientboundUpdateRecipesPacket.java:12)
	at TRANSFORMER/minecraft@1.21/net.minecraft.network.protocol.PacketUtils.lambda$ensureRunningOnSameThread$0(PacketUtils.java:26)
	at TRANSFORMER/minecraft@1.21/net.minecraft.util.thread.BlockableEventLoop.doRunTask(BlockableEventLoop.java:148)
	at TRANSFORMER/minecraft@1.21/net.minecraft.util.thread.ReentrantBlockableEventLoop.doRunTask(ReentrantBlockableEventLoop.java:24)
	at TRANSFORMER/minecraft@1.21/net.minecraft.util.thread.BlockableEventLoop.pollTask(BlockableEventLoop.java:122)
	at TRANSFORMER/minecraft@1.21/net.minecraft.util.thread.BlockableEventLoop.runAllTasks(BlockableEventLoop.java:111)
	at TRANSFORMER/minecraft@1.21/net.minecraft.client.Minecraft.runTick(Minecraft.java:1155)
	at TRANSFORMER/minecraft@1.21/net.minecraft.client.Minecraft.run(Minecraft.java:807)
	at TRANSFORMER/minecraft@1.21/net.minecraft.client.main.Main.main(Main.java:230)
	at java.base/jdk.internal.reflect.DirectMethodHandleAccessor.invoke(DirectMethodHandleAccessor.java:103)
	at java.base/java.lang.reflect.Method.invoke(Method.java:580)
	at MC-BOOTSTRAP/fml_loader@4.0.23/net.neoforged.fml.loading.targets.CommonLaunchHandler.runTarget(CommonLaunchHandler.java:136)
	at MC-BOOTSTRAP/fml_loader@4.0.23/net.neoforged.fml.loading.targets.CommonLaunchHandler.clientService(CommonLaunchHandler.java:124)
	at MC-BOOTSTRAP/fml_loader@4.0.23/net.neoforged.fml.loading.targets.NeoForgeClientUserdevLaunchHandler.runService(NeoForgeClientUserdevLaunchHandler.java:23)
	at MC-BOOTSTRAP/fml_loader@4.0.23/net.neoforged.fml.loading.targets.CommonLaunchHandler.lambda$launchService$4(CommonLaunchHandler.java:118)
	at MC-BOOTSTRAP/cpw.mods.modlauncher@11.0.4/cpw.mods.modlauncher.LaunchServiceHandlerDecorator.launch(LaunchServiceHandlerDecorator.java:30)
	at MC-BOOTSTRAP/cpw.mods.modlauncher@11.0.4/cpw.mods.modlauncher.LaunchServiceHandler.launch(LaunchServiceHandler.java:53)
	at MC-BOOTSTRAP/cpw.mods.modlauncher@11.0.4/cpw.mods.modlauncher.LaunchServiceHandler.launch(LaunchServiceHandler.java:71)
	at MC-BOOTSTRAP/cpw.mods.modlauncher@11.0.4/cpw.mods.modlauncher.Launcher.run(Launcher.java:103)
	at MC-BOOTSTRAP/cpw.mods.modlauncher@11.0.4/cpw.mods.modlauncher.Launcher.main(Launcher.java:74)
	at MC-BOOTSTRAP/cpw.mods.modlauncher@11.0.4/cpw.mods.modlauncher.BootstrapLaunchConsumer.accept(BootstrapLaunchConsumer.java:26)
	at MC-BOOTSTRAP/cpw.mods.modlauncher@11.0.4/cpw.mods.modlauncher.BootstrapLaunchConsumer.accept(BootstrapLaunchConsumer.java:23)
	at cpw.mods.bootstraplauncher@2.0.2/cpw.mods.bootstraplauncher.BootstrapLauncher.run(BootstrapLauncher.java:210)
	at cpw.mods.bootstraplauncher@2.0.2/cpw.mods.bootstraplauncher.BootstrapLauncher.main(BootstrapLauncher.java:69)
[16:22:07] [Render thread/WARN] [REI] Found 1 existing reload task(s) after trying to terminate them!
[16:22:07] [REI-ReloadPlugins/TRACE] [REI] [REIPlugin START] Reloading Section: "pre-register/DefaultClientPluginImpl of DefaultClientPluginImpl [roughlyenoughitems]/"
[16:22:07] [REI-ReloadPlugins/TRACE] [REI] [REIPlugin START] Reloading Section: "pre-register/DefaultClientPluginImpl of DefaultClientPluginImpl [roughlyenoughitems]/" done in 7.214 ms
[16:22:07] [REI-ReloadPlugins/TRACE] [REI] [REIPlugin START] Reloading Section: "pre-register/DefaultPluginImpl of DefaultPluginImpl [roughlyenoughitems]/"
[16:22:07] [REI-ReloadPlugins/TRACE] [REI] [REIPlugin START] Reloading Section: "pre-register/DefaultPluginImpl of DefaultPluginImpl [roughlyenoughitems]/" done in 237.9 μs
[16:22:07] [REI-ReloadPlugins/TRACE] [REI] [REIPlugin START] Reloading Section: "pre-register/HideIngredientsFromTagsPlugin of HideIngredientsFromTagsPlugin [roughlyenoughitems]/"
[16:22:07] [REI-ReloadPlugins/TRACE] [REI] [REIPlugin START] Reloading Section: "pre-register/HideIngredientsFromTagsPlugin of HideIngredientsFromTagsPlugin [roughlyenoughitems]/" done in 84.80 μs
[16:22:07] [REI-ReloadPlugins/TRACE] [REI] [REIPlugin START] Reloading Section: "pre-register/DefaultClientRuntimePlugin of DefaultClientRuntimePlugin [roughlyenoughitems]/"
[16:22:07] [REI-ReloadPlugins/TRACE] [REI] [REIPlugin START] Reloading Section: "pre-register/DefaultClientRuntimePlugin of DefaultClientRuntimePlugin [roughlyenoughitems]/" done in 200.6 μs
[16:22:07] [REI-ReloadPlugins/TRACE] [REI] [REIPlugin START] Reloading Section: "pre-register/DefaultRuntimePlugin of DefaultRuntimePlugin [roughlyenoughitems]/"
[16:22:07] [REI-ReloadPlugins/TRACE] [REI] [REIPlugin START] Reloading Section: "pre-register/DefaultRuntimePlugin of DefaultRuntimePlugin [roughlyenoughitems]/" done in 78.20 μs
[16:22:07] [REI-ReloadPlugins/TRACE] [REI] [REIPlugin START] Reloading Section: "pre-register/" done in 151.6 ms
[16:22:07] [REI-ReloadPlugins/TRACE] [REI] [REIPlugin START] Reloading Section: "pre-stage/"
[16:22:07] [REI-ReloadPlugins/TRACE] [REI] [REIPlugin START] Reloading Section: "pre-stage/EntryTypeRegistryImpl/"
[16:22:07] [REI-ReloadPlugins/TRACE] [REI] [REIPlugin START] Reloading Section: "pre-stage/EntryTypeRegistryImpl/" done in 2.318 ms
[16:22:07] [REI-ReloadPlugins/TRACE] [REI] [REIPlugin START] Reloading Section: "pre-stage/EntrySettingsAdapterRegistryImpl/"
[16:22:07] [REI-ReloadPlugins/TRACE] [REI] [REIPlugin START] Reloading Section: "pre-stage/EntrySettingsAdapterRegistryImpl/" done in 43.80 μs
[16:22:07] [REI-ReloadPlugins/TRACE] [REI] [REIPlugin START] Reloading Section: "pre-stage/RecipeManagerContextImpl/"
[16:22:07] [REI-ReloadPlugins/TRACE] [REI] [REIPlugin START] Reloading Section: "pre-stage/RecipeManagerContextImpl/" done in 26.20 μs
[16:22:07] [REI-ReloadPlugins/TRACE] [REI] [REIPlugin START] Reloading Section: "pre-stage/ItemComparatorRegistryImpl/"
[16:22:07] [REI-ReloadPlugins/TRACE] [REI] [REIPlugin START] Reloading Section: "pre-stage/ItemComparatorRegistryImpl/" done in 24.10 μs
[16:22:07] [REI-ReloadPlugins/TRACE] [REI] [REIPlugin START] Reloading Section: "pre-stage/FluidComparatorRegistryImpl/"
[16:22:07] [REI-ReloadPlugins/TRACE] [REI] [REIPlugin START] Reloading Section: "pre-stage/FluidComparatorRegistryImpl/" done in 23.60 μs
[16:22:07] [REI-ReloadPlugins/TRACE] [REI] [REIPlugin START] Reloading Section: "pre-stage/DisplaySerializerRegistryImpl/"
[16:22:07] [REI-ReloadPlugins/TRACE] [REI] [REIPlugin START] Reloading Section: "pre-stage/DisplaySerializerRegistryImpl/" done in 22.20 μs
[16:22:07] [REI-ReloadPlugins/TRACE] [REI] [REIPlugin START] Reloading Section: "pre-stage/FluidSupportProviderImpl/"
[16:22:07] [REI-ReloadPlugins/TRACE] [REI] [REIPlugin START] Reloading Section: "pre-stage/FluidSupportProviderImpl/" done in 23.30 μs
[16:22:07] [REI-ReloadPlugins/TRACE] [REI] [REIPlugin START] Reloading Section: "pre-stage/me.shedaniel.rei.plugin.client.runtime.PluginStageExecutionWatcher$1/"
[16:22:07] [REI-ReloadPlugins/TRACE] [REI] [REIPlugin START] Reloading Section: "pre-stage/me.shedaniel.rei.plugin.client.runtime.PluginStageExecutionWatcher$1/" done in 2.975 ms
[16:22:07] [REI-ReloadPlugins/TRACE] [REI] [REIPlugin START] Reloading Section: "pre-stage/" done in 6.415 ms
[16:22:07] [REI-ReloadPlugins/DEBUG] [REI] ========================================
[16:22:07] [REI-ReloadPlugins/DEBUG] [REI] REIPlugin finished pre-reload for START in 160.2 ms.
[16:22:07] [REI-ReloadPlugins/DEBUG] [REI] ========================================
[16:22:07] [REI-ReloadPlugins/DEBUG] [REI] ========================================
[16:22:07] [REI-ReloadPlugins/DEBUG] [REI] REIClientPlugin starting pre-reload for START.
[16:22:07] [REI-ReloadPlugins/DEBUG] [REI] Reloadables (18):
[16:22:07] [REI-ReloadPlugins/DEBUG] [REI]  - EntryRendererRegistryImpl
[16:22:07] [REI-ReloadPlugins/DEBUG] [REI]  - ViewsImpl
[16:22:07] [REI-ReloadPlugins/DEBUG] [REI]  - InputMethodRegistryImpl
[16:22:07] [REI-ReloadPlugins/DEBUG] [REI]  - SearchProviderImpl
[16:22:07] [REI-ReloadPlugins/DEBUG] [REI]  - ConfigManagerImpl
[16:22:07] [REI-ReloadPlugins/DEBUG] [REI]  - EntryRegistryImpl
[16:22:07] [REI-ReloadPlugins/DEBUG] [REI]  - CollapsibleEntryRegistryImpl
[16:22:07] [REI-ReloadPlugins/DEBUG] [REI]  - BasicFilteringRuleImpl
[16:22:07] [REI-ReloadPlugins/DEBUG] [REI]  - CategoryRegistryImpl
[16:22:07] [REI-ReloadPlugins/DEBUG] [REI]  - DisplayRegistryImpl
[16:22:07] [REI-ReloadPlugins/DEBUG] [REI]  - ScreenRegistryImpl
[16:22:07] [REI-ReloadPlugins/DEBUG] [REI]  - FavoriteEntryTypeRegistryImpl
[16:22:07] [REI-ReloadPlugins/DEBUG] [REI]  - SubsetsRegistryImpl
[16:22:07] [REI-ReloadPlugins/DEBUG] [REI]  - TransferHandlerRegistryImpl
[16:22:07] [REI-ReloadPlugins/DEBUG] [REI]  - SearchRuntime
[16:22:07] [REI-ReloadPlugins/DEBUG] [REI]  - REIRuntimeImpl
[16:22:07] [REI-ReloadPlugins/DEBUG] [REI]  - ConfigAddonRegistryImpl
[16:22:07] [REI-ReloadPlugins/DEBUG] [REI]  - me.shedaniel.rei.plugin.client.runtime.PluginStageExecutionWatcher$1
[16:22:07] [REI-ReloadPlugins/DEBUG] [REI] Plugins (3):
[16:22:07] [REI-ReloadPlugins/DEBUG] [REI]  - (-100,00) DefaultClientPluginImpl of DefaultClientPluginImpl [roughlyenoughitems]
[16:22:07] [REI-ReloadPlugins/DEBUG] [REI]  - (0,00) HideIngredientsFromTagsPlugin of HideIngredientsFromTagsPlugin [roughlyenoughitems]
[16:22:07] [REI-ReloadPlugins/DEBUG] [REI]  - (0,00) DefaultClientRuntimePlugin of DefaultClientRuntimePlugin [roughlyenoughitems]
[16:22:07] [REI-ReloadPlugins/DEBUG] [REI] ========================================
[16:22:07] [REI-ReloadPlugins/TRACE] [REI] [REIClientPlugin START] Reloading Section: "pre-register/"
[16:22:07] [REI-ReloadPlugins/TRACE] [REI] [REIClientPlugin START] Reloading Section: "pre-register/DefaultClientPluginImpl of DefaultClientPluginImpl [roughlyenoughitems]/"
[16:22:07] [REI-ReloadPlugins/TRACE] [REI] [REIClientPlugin START] Reloading Section: "pre-register/DefaultClientPluginImpl of DefaultClientPluginImpl [roughlyenoughitems]/" done in 40.10 μs
[16:22:07] [REI-ReloadPlugins/TRACE] [REI] [REIClientPlugin START] Reloading Section: "pre-register/HideIngredientsFromTagsPlugin of HideIngredientsFromTagsPlugin [roughlyenoughitems]/"
[16:22:07] [REI-ReloadPlugins/TRACE] [REI] [REIClientPlugin START] Reloading Section: "pre-register/HideIngredientsFromTagsPlugin of HideIngredientsFromTagsPlugin [roughlyenoughitems]/" done in 31.40 μs
[16:22:07] [REI-ReloadPlugins/TRACE] [REI] [REIClientPlugin START] Reloading Section: "pre-register/DefaultClientRuntimePlugin of DefaultClientRuntimePlugin [roughlyenoughitems]/"
[16:22:07] [REI-ReloadPlugins/TRACE] [REI] [REIClientPlugin START] Reloading Section: "pre-register/DefaultClientRuntimePlugin of DefaultClientRuntimePlugin [roughlyenoughitems]/" done in 25.70 μs
[16:22:07] [REI-ReloadPlugins/TRACE] [REI] [REIClientPlugin START] Reloading Section: "pre-register/" done in 397.8 μs
[16:22:07] [REI-ReloadPlugins/TRACE] [REI] [REIClientPlugin START] Reloading Section: "pre-stage/"
[16:22:07] [REI-ReloadPlugins/TRACE] [REI] [REIClientPlugin START] Reloading Section: "pre-stage/EntryRendererRegistryImpl/"
[16:22:07] [REI-ReloadPlugins/TRACE] [REI] [REIClientPlugin START] Reloading Section: "pre-stage/EntryRendererRegistryImpl/" done in 23.60 μs
[16:22:07] [REI-ReloadPlugins/TRACE] [REI] [REIClientPlugin START] Reloading Section: "pre-stage/ViewsImpl/"
[16:22:07] [REI-ReloadPlugins/TRACE] [REI] [REIClientPlugin START] Reloading Section: "pre-stage/ViewsImpl/" done in 26.30 μs
[16:22:07] [REI-ReloadPlugins/TRACE] [REI] [REIClientPlugin START] Reloading Section: "pre-stage/InputMethodRegistryImpl/"
[16:22:07] [REI-ReloadPlugins/TRACE] [REI] [REIClientPlugin START] Reloading Section: "pre-stage/InputMethodRegistryImpl/" done in 24.60 μs
[16:22:07] [REI-ReloadPlugins/TRACE] [REI] [REIClientPlugin START] Reloading Section: "pre-stage/SearchProviderImpl/"
[16:22:07] [REI-ReloadPlugins/TRACE] [REI] [REIClientPlugin START] Reloading Section: "pre-stage/SearchProviderImpl/" done in 24.60 μs
[16:22:07] [REI-ReloadPlugins/TRACE] [REI] [REIClientPlugin START] Reloading Section: "pre-stage/ConfigManagerImpl/"
[16:22:07] [REI-ReloadPlugins/TRACE] [REI] [REIClientPlugin START] Reloading Section: "pre-stage/ConfigManagerImpl/" done in 33.60 μs
[16:22:07] [REI-ReloadPlugins/TRACE] [REI] [REIClientPlugin START] Reloading Section: "pre-stage/EntryRegistryImpl/"
[16:22:07] [REI-ReloadPlugins/TRACE] [REI] [REIClientPlugin START] Reloading Section: "pre-stage/EntryRegistryImpl/" done in 37.80 μs
[16:22:07] [REI-ReloadPlugins/TRACE] [REI] [REIClientPlugin START] Reloading Section: "pre-stage/CollapsibleEntryRegistryImpl/"
[16:22:07] [REI-ReloadPlugins/TRACE] [REI] [REIClientPlugin START] Reloading Section: "pre-stage/CollapsibleEntryRegistryImpl/" done in 45.40 μs
[16:22:07] [REI-ReloadPlugins/TRACE] [REI] [REIClientPlugin START] Reloading Section: "pre-stage/BasicFilteringRuleImpl/"
[16:22:07] [REI-ReloadPlugins/TRACE] [REI] [REIClientPlugin START] Reloading Section: "pre-stage/BasicFilteringRuleImpl/" done in 43.00 μs
[16:22:07] [REI-ReloadPlugins/TRACE] [REI] [REIClientPlugin START] Reloading Section: "pre-stage/CategoryRegistryImpl/"
[16:22:07] [REI-ReloadPlugins/TRACE] [REI] [REIClientPlugin START] Reloading Section: "pre-stage/CategoryRegistryImpl/" done in 36.10 μs
[16:22:07] [REI-ReloadPlugins/TRACE] [REI] [REIClientPlugin START] Reloading Section: "pre-stage/DisplayRegistryImpl/"
[16:22:07] [REI-ReloadPlugins/TRACE] [REI] [REIClientPlugin START] Reloading Section: "pre-stage/DisplayRegistryImpl/" done in 41.10 μs
[16:22:07] [REI-ReloadPlugins/TRACE] [REI] [REIClientPlugin START] Reloading Section: "pre-stage/ScreenRegistryImpl/"
[16:22:07] [REI-ReloadPlugins/TRACE] [REI] [REIClientPlugin START] Reloading Section: "pre-stage/ScreenRegistryImpl/" done in 31.10 μs
[16:22:07] [REI-ReloadPlugins/TRACE] [REI] [REIClientPlugin START] Reloading Section: "pre-stage/FavoriteEntryTypeRegistryImpl/"
[16:22:07] [REI-ReloadPlugins/TRACE] [REI] [REIClientPlugin START] Reloading Section: "pre-stage/FavoriteEntryTypeRegistryImpl/" done in 48.90 μs
[16:22:07] [REI-ReloadPlugins/TRACE] [REI] [REIClientPlugin START] Reloading Section: "pre-stage/SubsetsRegistryImpl/"
[16:22:07] [REI-ReloadPlugins/TRACE] [REI] [REIClientPlugin START] Reloading Section: "pre-stage/SubsetsRegistryImpl/" done in 35.90 μs
[16:22:07] [REI-ReloadPlugins/TRACE] [REI] [REIClientPlugin START] Reloading Section: "pre-stage/TransferHandlerRegistryImpl/"
[16:22:07] [REI-ReloadPlugins/TRACE] [REI] [REIClientPlugin START] Reloading Section: "pre-stage/TransferHandlerRegistryImpl/" done in 41.70 μs
[16:22:07] [REI-ReloadPlugins/TRACE] [REI] [REIClientPlugin START] Reloading Section: "pre-stage/SearchRuntime/"
[16:22:07] [REI-ReloadPlugins/TRACE] [REI] [REIClientPlugin START] Reloading Section: "pre-stage/SearchRuntime/" done in 44.90 μs
[16:22:07] [REI-ReloadPlugins/TRACE] [REI] [REIClientPlugin START] Reloading Section: "pre-stage/REIRuntimeImpl/"
[16:22:07] [REI-ReloadPlugins/TRACE] [REI] [REIClientPlugin START] Reloading Section: "pre-stage/REIRuntimeImpl/" done in 36.80 μs
[16:22:07] [REI-ReloadPlugins/TRACE] [REI] [REIClientPlugin START] Reloading Section: "pre-stage/ConfigAddonRegistryImpl/"
[16:22:07] [REI-ReloadPlugins/TRACE] [REI] [REIClientPlugin START] Reloading Section: "pre-stage/ConfigAddonRegistryImpl/" done in 60.00 μs
[16:22:07] [REI-ReloadPlugins/TRACE] [REI] [REIClientPlugin START] Reloading Section: "pre-stage/me.shedaniel.rei.plugin.client.runtime.PluginStageExecutionWatcher$1/"
[16:22:07] [REI-ReloadPlugins/TRACE] [REI] [REIClientPlugin START] Reloading Section: "pre-stage/me.shedaniel.rei.plugin.client.runtime.PluginStageExecutionWatcher$1/" done in 49.20 μs
[16:22:07] [REI-ReloadPlugins/TRACE] [REI] [REIClientPlugin START] Reloading Section: "pre-stage/" done in 2.110 ms
[16:22:07] [REI-ReloadPlugins/DEBUG] [REI] ========================================
[16:22:07] [REI-ReloadPlugins/DEBUG] [REI] REIClientPlugin finished pre-reload for START in 2.634 ms.
[16:22:07] [REI-ReloadPlugins/DEBUG] [REI] ========================================
[16:22:07] [REI-ReloadPlugins/DEBUG] [REI] ========================================
[16:22:07] [REI-ReloadPlugins/DEBUG] [REI] REIServerPlugin starting pre-reload for START.
[16:22:07] [REI-ReloadPlugins/DEBUG] [REI] Reloadables (3):
[16:22:07] [REI-ReloadPlugins/DEBUG] [REI]  - MenuInfoRegistryImpl
[16:22:07] [REI-ReloadPlugins/DEBUG] [REI]  - SlotAccessorRegistryImpl
[16:22:07] [REI-ReloadPlugins/DEBUG] [REI]  - me.shedaniel.rei.plugin.client.runtime.PluginStageExecutionWatcher$1
[16:22:07] [REI-ReloadPlugins/DEBUG] [REI] Plugins (2):
[16:22:07] [REI-ReloadPlugins/DEBUG] [REI]  - (-100,00) DefaultPluginImpl of DefaultPluginImpl [roughlyenoughitems]
[16:22:07] [REI-ReloadPlugins/DEBUG] [REI]  - (0,00) DefaultRuntimePlugin of DefaultRuntimePlugin [roughlyenoughitems]
[16:22:07] [REI-ReloadPlugins/DEBUG] [REI] ========================================
[16:22:07] [REI-ReloadPlugins/TRACE] [REI] [REIServerPlugin START] Reloading Section: "pre-register/"
[16:22:07] [REI-ReloadPlugins/TRACE] [REI] [REIServerPlugin START] Reloading Section: "pre-register/DefaultPluginImpl of DefaultPluginImpl [roughlyenoughitems]/"
[16:22:07] [REI-ReloadPlugins/TRACE] [REI] [REIServerPlugin START] Reloading Section: "pre-register/DefaultPluginImpl of DefaultPluginImpl [roughlyenoughitems]/" done in 44.40 μs
[16:22:07] [REI-ReloadPlugins/TRACE] [REI] [REIServerPlugin START] Reloading Section: "pre-register/DefaultRuntimePlugin of DefaultRuntimePlugin [roughlyenoughitems]/"
[16:22:07] [REI-ReloadPlugins/TRACE] [REI] [REIServerPlugin START] Reloading Section: "pre-register/DefaultRuntimePlugin of DefaultRuntimePlugin [roughlyenoughitems]/" done in 42.10 μs
[16:22:07] [REI-ReloadPlugins/TRACE] [REI] [REIServerPlugin START] Reloading Section: "pre-register/" done in 352.3 μs
[16:22:07] [REI-ReloadPlugins/TRACE] [REI] [REIServerPlugin START] Reloading Section: "pre-stage/"
[16:22:07] [REI-ReloadPlugins/TRACE] [REI] [REIServerPlugin START] Reloading Section: "pre-stage/MenuInfoRegistryImpl/"
[16:22:07] [REI-ReloadPlugins/TRACE] [REI] [REIServerPlugin START] Reloading Section: "pre-stage/MenuInfoRegistryImpl/" done in 67.30 μs
[16:22:07] [REI-ReloadPlugins/TRACE] [REI] [REIServerPlugin START] Reloading Section: "pre-stage/SlotAccessorRegistryImpl/"
[16:22:07] [REI-ReloadPlugins/TRACE] [REI] [REIServerPlugin START] Reloading Section: "pre-stage/SlotAccessorRegistryImpl/" done in 65.40 μs
[16:22:07] [REI-ReloadPlugins/TRACE] [REI] [REIServerPlugin START] Reloading Section: "pre-stage/me.shedaniel.rei.plugin.client.runtime.PluginStageExecutionWatcher$1/"
[16:22:07] [REI-ReloadPlugins/TRACE] [REI] [REIServerPlugin START] Reloading Section: "pre-stage/me.shedaniel.rei.plugin.client.runtime.PluginStageExecutionWatcher$1/" done in 71.80 μs
[16:22:07] [REI-ReloadPlugins/TRACE] [REI] [REIServerPlugin START] Reloading Section: "pre-stage/" done in 742.4 μs
[16:22:07] [REI-ReloadPlugins/DEBUG] [REI] ========================================
[16:22:07] [REI-ReloadPlugins/DEBUG] [REI] REIServerPlugin finished pre-reload for START in 1.508 ms.
[16:22:07] [REI-ReloadPlugins/DEBUG] [REI] ========================================
[16:22:07] [REI-ReloadPlugins/INFO] [REI] ========================================
[16:22:07] [REI-ReloadPlugins/INFO] [REI] REIPlugin starting main-reload for START.
[16:22:07] [REI-ReloadPlugins/DEBUG] [REI] Reloadables (8):
[16:22:07] [REI-ReloadPlugins/DEBUG] [REI]  - EntryTypeRegistryImpl
[16:22:07] [REI-ReloadPlugins/DEBUG] [REI]  - EntrySettingsAdapterRegistryImpl
[16:22:07] [REI-ReloadPlugins/DEBUG] [REI]  - RecipeManagerContextImpl
[16:22:07] [REI-ReloadPlugins/DEBUG] [REI]  - ItemComparatorRegistryImpl
[16:22:07] [REI-ReloadPlugins/DEBUG] [REI]  - FluidComparatorRegistryImpl
[16:22:07] [REI-ReloadPlugins/DEBUG] [REI]  - DisplaySerializerRegistryImpl
[16:22:07] [REI-ReloadPlugins/DEBUG] [REI]  - FluidSupportProviderImpl
[16:22:07] [REI-ReloadPlugins/DEBUG] [REI]  - me.shedaniel.rei.plugin.client.runtime.PluginStageExecutionWatcher$1
[16:22:07] [REI-ReloadPlugins/INFO] [REI] Plugins (5):
[16:22:07] [REI-ReloadPlugins/INFO] [REI]  - (-100,00) DefaultClientPluginImpl of DefaultClientPluginImpl [roughlyenoughitems]
[16:22:07] [REI-ReloadPlugins/INFO] [REI]  - (-100,00) DefaultPluginImpl of DefaultPluginImpl [roughlyenoughitems]
[16:22:07] [REI-ReloadPlugins/INFO] [REI]  - (0,00) HideIngredientsFromTagsPlugin of HideIngredientsFromTagsPlugin [roughlyenoughitems]
[16:22:07] [REI-ReloadPlugins/INFO] [REI]  - (0,00) DefaultClientRuntimePlugin of DefaultClientRuntimePlugin [roughlyenoughitems]
[16:22:07] [REI-ReloadPlugins/INFO] [REI]  - (0,00) DefaultRuntimePlugin of DefaultRuntimePlugin [roughlyenoughitems]
[16:22:07] [REI-ReloadPlugins/INFO] [REI] ========================================
[16:22:07] [REI-ReloadPlugins/TRACE] [REI] [REIPlugin START] Reloading Section: "start-reload/"
[16:22:07] [REI-ReloadPlugins/TRACE] [REI] [REIPlugin START] Reloading Section: "start-reload/EntryTypeRegistryImpl/"
[16:22:07] [REI-ReloadPlugins/TRACE] [REI] [REIPlugin START] Reloading Section: "start-reload/EntryTypeRegistryImpl/" done in 129.2 μs
[16:22:07] [REI-ReloadPlugins/TRACE] [REI] [REIPlugin START] Reloading Section: "start-reload/EntrySettingsAdapterRegistryImpl/"
[16:22:07] [REI-ReloadPlugins/TRACE] [REI] [REIPlugin START] Reloading Section: "start-reload/EntrySettingsAdapterRegistryImpl/" done in 70.20 μs
[16:22:07] [REI-ReloadPlugins/TRACE] [REI] [REIPlugin START] Reloading Section: "start-reload/RecipeManagerContextImpl/"
[16:22:07] [REI-ReloadPlugins/TRACE] [REI] [REIPlugin START] Reloading Section: "start-reload/RecipeManagerContextImpl/" done in 36.20 μs
[16:22:07] [REI-ReloadPlugins/TRACE] [REI] [REIPlugin START] Reloading Section: "start-reload/ItemComparatorRegistryImpl/"
[16:22:07] [REI-ReloadPlugins/TRACE] [REI] [REIPlugin START] Reloading Section: "start-reload/ItemComparatorRegistryImpl/" done in 64.10 μs
[16:22:07] [REI-ReloadPlugins/TRACE] [REI] [REIPlugin START] Reloading Section: "start-reload/FluidComparatorRegistryImpl/"
[16:22:07] [REI-ReloadPlugins/TRACE] [REI] [REIPlugin START] Reloading Section: "start-reload/FluidComparatorRegistryImpl/" done in 40.60 μs
[16:22:07] [REI-ReloadPlugins/TRACE] [REI] [REIPlugin START] Reloading Section: "start-reload/DisplaySerializerRegistryImpl/"
[16:22:07] [REI-ReloadPlugins/TRACE] [REI] [REIPlugin START] Reloading Section: "start-reload/DisplaySerializerRegistryImpl/" done in 50.90 μs
[16:22:07] [REI-ReloadPlugins/TRACE] [REI] [REIPlugin START] Reloading Section: "start-reload/FluidSupportProviderImpl/"
[16:22:07] [REI-ReloadPlugins/TRACE] [REI] [REIPlugin START] Reloading Section: "start-reload/FluidSupportProviderImpl/" done in 52.70 μs
[16:22:07] [REI-ReloadPlugins/TRACE] [REI] [REIPlugin START] Reloading Section: "start-reload/me.shedaniel.rei.plugin.client.runtime.PluginStageExecutionWatcher$1/"
[16:22:07] [REI-ReloadPlugins/TRACE] [REI] [REIPlugin START] Reloading Section: "start-reload/me.shedaniel.rei.plugin.client.runtime.PluginStageExecutionWatcher$1/" done in 27.90 μs
[16:22:07] [REI-ReloadPlugins/TRACE] [REI] [REIPlugin START] Reloading Section: "start-reload/" done in 1.413 ms
[16:22:07] [REI-ReloadPlugins/DEBUG] [REI] ========================================
[16:22:07] [REI-ReloadPlugins/DEBUG] [REI] REIPlugin started main-reload for START.
[16:22:07] [REI-ReloadPlugins/DEBUG] [REI] ========================================
[16:22:07] [REI-ReloadPlugins/TRACE] [REI] [REIPlugin START] Reloading Section: "reloadable-plugin/EntryTypeRegistryImpl/"
[16:22:07] [REI-ReloadPlugins/TRACE] [REI] [REIPlugin START] Reloading Section: "reloadable-plugin/EntryTypeRegistryImpl/DefaultClientPluginImpl of DefaultClientPluginImpl [roughlyenoughitems]/"
[16:22:07] [REI-ReloadPlugins/TRACE] [REI] [REIPlugin START] Reloading Section: "reloadable-plugin/EntryTypeRegistryImpl/DefaultClientPluginImpl of DefaultClientPluginImpl [roughlyenoughitems]/" done in 2.268 ms
[16:22:07] [REI-ReloadPlugins/TRACE] [REI] [REIPlugin START] Reloading Section: "reloadable-plugin/EntryTypeRegistryImpl/DefaultPluginImpl of DefaultPluginImpl [roughlyenoughitems]/"
[16:22:07] [REI-ReloadPlugins/TRACE] [REI] [REIPlugin START] Reloading Section: "reloadable-plugin/EntryTypeRegistryImpl/DefaultPluginImpl of DefaultPluginImpl [roughlyenoughitems]/" done in 92.30 μs
[16:22:07] [REI-ReloadPlugins/TRACE] [REI] [REIPlugin START] Reloading Section: "reloadable-plugin/EntryTypeRegistryImpl/HideIngredientsFromTagsPlugin of HideIngredientsFromTagsPlugin [roughlyenoughitems]/"
[16:22:07] [REI-ReloadPlugins/TRACE] [REI] [REIPlugin START] Reloading Section: "reloadable-plugin/EntryTypeRegistryImpl/HideIngredientsFromTagsPlugin of HideIngredientsFromTagsPlugin [roughlyenoughitems]/" done in 75.90 μs
[16:22:07] [REI-ReloadPlugins/TRACE] [REI] [REIPlugin START] Reloading Section: "reloadable-plugin/EntryTypeRegistryImpl/DefaultClientRuntimePlugin of DefaultClientRuntimePlugin [roughlyenoughitems]/"
[16:22:07] [REI-ReloadPlugins/TRACE] [REI] [REIPlugin START] Reloading Section: "reloadable-plugin/EntryTypeRegistryImpl/DefaultClientRuntimePlugin of DefaultClientRuntimePlugin [roughlyenoughitems]/" done in 63.30 μs
[16:22:07] [REI-ReloadPlugins/TRACE] [REI] [REIPlugin START] Reloading Section: "reloadable-plugin/EntryTypeRegistryImpl/DefaultRuntimePlugin of DefaultRuntimePlugin [roughlyenoughitems]/"
[16:22:08] [REI-ReloadPlugins/TRACE] [REI] [REIPlugin START] Reloading Section: "reloadable-plugin/EntryTypeRegistryImpl/DefaultRuntimePlugin of DefaultRuntimePlugin [roughlyenoughitems]/" done in 76.56 ms
[16:22:08] [REI-ReloadPlugins/TRACE] [REI] [REIPlugin START] Reloading Section: "reloadable-plugin/EntryTypeRegistryImpl/" done in 82.38 ms
[16:22:08] [REI-ReloadPlugins/TRACE] [REI] [REIPlugin START] Reloading Section: "reloadable-plugin/EntrySettingsAdapterRegistryImpl/"
[16:22:08] [REI-ReloadPlugins/TRACE] [REI] [REIPlugin START] Reloading Section: "reloadable-plugin/EntrySettingsAdapterRegistryImpl/DefaultClientPluginImpl of DefaultClientPluginImpl [roughlyenoughitems]/"
[16:22:08] [REI-ReloadPlugins/TRACE] [REI] [REIPlugin START] Reloading Section: "reloadable-plugin/EntrySettingsAdapterRegistryImpl/DefaultClientPluginImpl of DefaultClientPluginImpl [roughlyenoughitems]/" done in 36.00 μs
[16:22:08] [REI-ReloadPlugins/TRACE] [REI] [REIPlugin START] Reloading Section: "reloadable-plugin/EntrySettingsAdapterRegistryImpl/DefaultPluginImpl of DefaultPluginImpl [roughlyenoughitems]/"
[16:22:08] [REI-ReloadPlugins/TRACE] [REI] [REIPlugin START] Reloading Section: "reloadable-plugin/EntrySettingsAdapterRegistryImpl/DefaultPluginImpl of DefaultPluginImpl [roughlyenoughitems]/" done in 41.30 μs
[16:22:08] [REI-ReloadPlugins/TRACE] [REI] [REIPlugin START] Reloading Section: "reloadable-plugin/EntrySettingsAdapterRegistryImpl/HideIngredientsFromTagsPlugin of HideIngredientsFromTagsPlugin [roughlyenoughitems]/"
[16:22:08] [REI-ReloadPlugins/TRACE] [REI] [REIPlugin START] Reloading Section: "reloadable-plugin/EntrySettingsAdapterRegistryImpl/HideIngredientsFromTagsPlugin of HideIngredientsFromTagsPlugin [roughlyenoughitems]/" done in 42.60 μs
[16:22:08] [REI-ReloadPlugins/TRACE] [REI] [REIPlugin START] Reloading Section: "reloadable-plugin/EntrySettingsAdapterRegistryImpl/DefaultClientRuntimePlugin of DefaultClientRuntimePlugin [roughlyenoughitems]/"
[16:22:08] [REI-ReloadPlugins/TRACE] [REI] [REIPlugin START] Reloading Section: "reloadable-plugin/EntrySettingsAdapterRegistryImpl/DefaultClientRuntimePlugin of DefaultClientRuntimePlugin [roughlyenoughitems]/" done in 42.60 μs
[16:22:08] [REI-ReloadPlugins/TRACE] [REI] [REIPlugin START] Reloading Section: "reloadable-plugin/EntrySettingsAdapterRegistryImpl/DefaultRuntimePlugin of DefaultRuntimePlugin [roughlyenoughitems]/"
[16:22:08] [REI-ReloadPlugins/TRACE] [REI] [REIPlugin START] Reloading Section: "reloadable-plugin/EntrySettingsAdapterRegistryImpl/DefaultRuntimePlugin of DefaultRuntimePlugin [roughlyenoughitems]/" done in 36.40 μs
[16:22:08] [REI-ReloadPlugins/TRACE] [REI] [REIPlugin START] Reloading Section: "reloadable-plugin/EntrySettingsAdapterRegistryImpl/" done in 622.9 μs
[16:22:08] [REI-ReloadPlugins/TRACE] [REI] [REIPlugin START] Reloading Section: "reloadable-plugin/RecipeManagerContextImpl/"
[16:22:08] [REI-ReloadPlugins/TRACE] [REI] [REIPlugin START] Reloading Section: "reloadable-plugin/RecipeManagerContextImpl/DefaultClientPluginImpl of DefaultClientPluginImpl [roughlyenoughitems]/"
[16:22:08] [REI-ReloadPlugins/TRACE] [REI] [REIPlugin START] Reloading Section: "reloadable-plugin/RecipeManagerContextImpl/DefaultClientPluginImpl of DefaultClientPluginImpl [roughlyenoughitems]/" done in 37.80 μs
[16:22:08] [REI-ReloadPlugins/TRACE] [REI] [REIPlugin START] Reloading Section: "reloadable-plugin/RecipeManagerContextImpl/DefaultPluginImpl of DefaultPluginImpl [roughlyenoughitems]/"
[16:22:08] [REI-ReloadPlugins/TRACE] [REI] [REIPlugin START] Reloading Section: "reloadable-plugin/RecipeManagerContextImpl/DefaultPluginImpl of DefaultPluginImpl [roughlyenoughitems]/" done in 30.20 μs
[16:22:08] [REI-ReloadPlugins/TRACE] [REI] [REIPlugin START] Reloading Section: "reloadable-plugin/RecipeManagerContextImpl/HideIngredientsFromTagsPlugin of HideIngredientsFromTagsPlugin [roughlyenoughitems]/"
[16:22:08] [REI-ReloadPlugins/TRACE] [REI] [REIPlugin START] Reloading Section: "reloadable-plugin/RecipeManagerContextImpl/HideIngredientsFromTagsPlugin of HideIngredientsFromTagsPlugin [roughlyenoughitems]/" done in 28.20 μs
[16:22:08] [REI-ReloadPlugins/TRACE] [REI] [REIPlugin START] Reloading Section: "reloadable-plugin/RecipeManagerContextImpl/DefaultClientRuntimePlugin of DefaultClientRuntimePlugin [roughlyenoughitems]/"
[16:22:08] [REI-ReloadPlugins/TRACE] [REI] [REIPlugin START] Reloading Section: "reloadable-plugin/RecipeManagerContextImpl/DefaultClientRuntimePlugin of DefaultClientRuntimePlugin [roughlyenoughitems]/" done in 36.90 μs
[16:22:08] [REI-ReloadPlugins/TRACE] [REI] [REIPlugin START] Reloading Section: "reloadable-plugin/RecipeManagerContextImpl/DefaultRuntimePlugin of DefaultRuntimePlugin [roughlyenoughitems]/"
[16:22:08] [REI-ReloadPlugins/TRACE] [REI] [REIPlugin START] Reloading Section: "reloadable-plugin/RecipeManagerContextImpl/DefaultRuntimePlugin of DefaultRuntimePlugin [roughlyenoughitems]/" done in 26.40 μs
[16:22:08] [REI-ReloadPlugins/TRACE] [REI] [REIPlugin START] Reloading Section: "reloadable-plugin/RecipeManagerContextImpl/" done in 528.2 μs
[16:22:08] [REI-ReloadPlugins/TRACE] [REI] [REIPlugin START] Reloading Section: "reloadable-plugin/ItemComparatorRegistryImpl/"
[16:22:08] [REI-ReloadPlugins/TRACE] [REI] [REIPlugin START] Reloading Section: "reloadable-plugin/ItemComparatorRegistryImpl/DefaultClientPluginImpl of DefaultClientPluginImpl [roughlyenoughitems]/"
[16:22:08] [REI-ReloadPlugins/TRACE] [REI] [REIPlugin START] Reloading Section: "reloadable-plugin/ItemComparatorRegistryImpl/DefaultClientPluginImpl of DefaultClientPluginImpl [roughlyenoughitems]/" done in 36.60 μs
[16:22:08] [REI-ReloadPlugins/TRACE] [REI] [REIPlugin START] Reloading Section: "reloadable-plugin/ItemComparatorRegistryImpl/DefaultPluginImpl of DefaultPluginImpl [roughlyenoughitems]/"
[16:22:08] [REI-ReloadPlugins/TRACE] [REI] [REIPlugin START] Reloading Section: "reloadable-plugin/ItemComparatorRegistryImpl/DefaultPluginImpl of DefaultPluginImpl [roughlyenoughitems]/" done in 3.984 ms
[16:22:08] [REI-ReloadPlugins/TRACE] [REI] [REIPlugin START] Reloading Section: "reloadable-plugin/ItemComparatorRegistryImpl/HideIngredientsFromTagsPlugin of HideIngredientsFromTagsPlugin [roughlyenoughitems]/"
[16:22:08] [REI-ReloadPlugins/TRACE] [REI] [REIPlugin START] Reloading Section: "reloadable-plugin/ItemComparatorRegistryImpl/HideIngredientsFromTagsPlugin of HideIngredientsFromTagsPlugin [roughlyenoughitems]/" done in 110.6 μs
[16:22:08] [REI-ReloadPlugins/TRACE] [REI] [REIPlugin START] Reloading Section: "reloadable-plugin/ItemComparatorRegistryImpl/DefaultClientRuntimePlugin of DefaultClientRuntimePlugin [roughlyenoughitems]/"
[16:22:08] [REI-ReloadPlugins/TRACE] [REI] [REIPlugin START] Reloading Section: "reloadable-plugin/ItemComparatorRegistryImpl/DefaultClientRuntimePlugin of DefaultClientRuntimePlugin [roughlyenoughitems]/" done in 80.90 μs
[16:22:08] [REI-ReloadPlugins/TRACE] [REI] [REIPlugin START] Reloading Section: "reloadable-plugin/ItemComparatorRegistryImpl/DefaultRuntimePlugin of DefaultRuntimePlugin [roughlyenoughitems]/"
[16:22:08] [REI-ReloadPlugins/TRACE] [REI] [REIPlugin START] Reloading Section: "reloadable-plugin/ItemComparatorRegistryImpl/DefaultRuntimePlugin of DefaultRuntimePlugin [roughlyenoughitems]/" done in 76.80 μs
[16:22:08] [REI-ReloadPlugins/TRACE] [REI] [REIPlugin START] Reloading Section: "reloadable-plugin/ItemComparatorRegistryImpl/" done in 5.228 ms
[16:22:08] [REI-ReloadPlugins/TRACE] [REI] [REIPlugin START] Reloading Section: "reloadable-plugin/FluidComparatorRegistryImpl/"
[16:22:08] [REI-ReloadPlugins/TRACE] [REI] [REIPlugin START] Reloading Section: "reloadable-plugin/FluidComparatorRegistryImpl/DefaultClientPluginImpl of DefaultClientPluginImpl [roughlyenoughitems]/"
[16:22:08] [REI-ReloadPlugins/TRACE] [REI] [REIPlugin START] Reloading Section: "reloadable-plugin/FluidComparatorRegistryImpl/DefaultClientPluginImpl of DefaultClientPluginImpl [roughlyenoughitems]/" done in 89.60 μs
[16:22:08] [REI-ReloadPlugins/TRACE] [REI] [REIPlugin START] Reloading Section: "reloadable-plugin/FluidComparatorRegistryImpl/DefaultPluginImpl of DefaultPluginImpl [roughlyenoughitems]/"
[16:22:08] [REI-ReloadPlugins/TRACE] [REI] [REIPlugin START] Reloading Section: "reloadable-plugin/FluidComparatorRegistryImpl/DefaultPluginImpl of DefaultPluginImpl [roughlyenoughitems]/" done in 77.50 μs
[16:22:08] [REI-ReloadPlugins/TRACE] [REI] [REIPlugin START] Reloading Section: "reloadable-plugin/FluidComparatorRegistryImpl/HideIngredientsFromTagsPlugin of HideIngredientsFromTagsPlugin [roughlyenoughitems]/"
[16:22:08] [REI-ReloadPlugins/TRACE] [REI] [REIPlugin START] Reloading Section: "reloadable-plugin/FluidComparatorRegistryImpl/HideIngredientsFromTagsPlugin of HideIngredientsFromTagsPlugin [roughlyenoughitems]/" done in 32.00 μs
[16:22:08] [REI-ReloadPlugins/TRACE] [REI] [REIPlugin START] Reloading Section: "reloadable-plugin/FluidComparatorRegistryImpl/DefaultClientRuntimePlugin of DefaultClientRuntimePlugin [roughlyenoughitems]/"
[16:22:08] [REI-ReloadPlugins/TRACE] [REI] [REIPlugin START] Reloading Section: "reloadable-plugin/FluidComparatorRegistryImpl/DefaultClientRuntimePlugin of DefaultClientRuntimePlugin [roughlyenoughitems]/" done in 27.60 μs
[16:22:08] [REI-ReloadPlugins/TRACE] [REI] [REIPlugin START] Reloading Section: "reloadable-plugin/FluidComparatorRegistryImpl/DefaultRuntimePlugin of DefaultRuntimePlugin [roughlyenoughitems]/"
[16:22:08] [REI-ReloadPlugins/TRACE] [REI] [REIPlugin START] Reloading Section: "reloadable-plugin/FluidComparatorRegistryImpl/DefaultRuntimePlugin of DefaultRuntimePlugin [roughlyenoughitems]/" done in 26.50 μs
[16:22:08] [REI-ReloadPlugins/TRACE] [REI] [REIPlugin START] Reloading Section: "reloadable-plugin/FluidComparatorRegistryImpl/" done in 873.6 μs
[16:22:08] [REI-ReloadPlugins/TRACE] [REI] [REIPlugin START] Reloading Section: "reloadable-plugin/DisplaySerializerRegistryImpl/"
[16:22:08] [REI-ReloadPlugins/TRACE] [REI] [REIPlugin START] Reloading Section: "reloadable-plugin/DisplaySerializerRegistryImpl/DefaultClientPluginImpl of DefaultClientPluginImpl [roughlyenoughitems]/"
[16:22:08] [REI-ReloadPlugins/TRACE] [REI] [REIPlugin START] Reloading Section: "reloadable-plugin/DisplaySerializerRegistryImpl/DefaultClientPluginImpl of DefaultClientPluginImpl [roughlyenoughitems]/" done in 29.80 μs
[16:22:08] [REI-ReloadPlugins/TRACE] [REI] [REIPlugin START] Reloading Section: "reloadable-plugin/DisplaySerializerRegistryImpl/DefaultPluginImpl of DefaultPluginImpl [roughlyenoughitems]/"
[16:22:08] [REI-ReloadPlugins/TRACE] [REI] [REIPlugin START] Reloading Section: "reloadable-plugin/DisplaySerializerRegistryImpl/DefaultPluginImpl of DefaultPluginImpl [roughlyenoughitems]/" done in 40.30 μs
[16:22:08] [REI-ReloadPlugins/TRACE] [REI] [REIPlugin START] Reloading Section: "reloadable-plugin/DisplaySerializerRegistryImpl/HideIngredientsFromTagsPlugin of HideIngredientsFromTagsPlugin [roughlyenoughitems]/"
[16:22:08] [REI-ReloadPlugins/TRACE] [REI] [REIPlugin START] Reloading Section: "reloadable-plugin/DisplaySerializerRegistryImpl/HideIngredientsFromTagsPlugin of HideIngredientsFromTagsPlugin [roughlyenoughitems]/" done in 40.00 μs
[16:22:08] [REI-ReloadPlugins/TRACE] [REI] [REIPlugin START] Reloading Section: "reloadable-plugin/DisplaySerializerRegistryImpl/DefaultClientRuntimePlugin of DefaultClientRuntimePlugin [roughlyenoughitems]/"
[16:22:08] [REI-ReloadPlugins/TRACE] [REI] [REIPlugin START] Reloading Section: "reloadable-plugin/DisplaySerializerRegistryImpl/DefaultClientRuntimePlugin of DefaultClientRuntimePlugin [roughlyenoughitems]/" done in 43.70 μs
[16:22:08] [REI-ReloadPlugins/TRACE] [REI] [REIPlugin START] Reloading Section: "reloadable-plugin/DisplaySerializerRegistryImpl/DefaultRuntimePlugin of DefaultRuntimePlugin [roughlyenoughitems]/"
[16:22:08] [REI-ReloadPlugins/TRACE] [REI] [REIPlugin START] Reloading Section: "reloadable-plugin/DisplaySerializerRegistryImpl/DefaultRuntimePlugin of DefaultRuntimePlugin [roughlyenoughitems]/" done in 27.70 μs
[16:22:08] [REI-ReloadPlugins/TRACE] [REI] [REIPlugin START] Reloading Section: "reloadable-plugin/DisplaySerializerRegistryImpl/" done in 614.2 μs
[16:22:08] [REI-ReloadPlugins/TRACE] [REI] [REIPlugin START] Reloading Section: "reloadable-plugin/FluidSupportProviderImpl/"
[16:22:08] [REI-ReloadPlugins/TRACE] [REI] [REIPlugin START] Reloading Section: "reloadable-plugin/FluidSupportProviderImpl/DefaultClientPluginImpl of DefaultClientPluginImpl [roughlyenoughitems]/"
[16:22:08] [REI-ReloadPlugins/TRACE] [REI] [REIPlugin START] Reloading Section: "reloadable-plugin/FluidSupportProviderImpl/DefaultClientPluginImpl of DefaultClientPluginImpl [roughlyenoughitems]/" done in 39.40 μs
[16:22:08] [REI-ReloadPlugins/TRACE] [REI] [REIPlugin START] Reloading Section: "reloadable-plugin/FluidSupportProviderImpl/DefaultPluginImpl of DefaultPluginImpl [roughlyenoughitems]/"
[16:22:08] [REI-ReloadPlugins/TRACE] [REI] [REIPlugin START] Reloading Section: "reloadable-plugin/FluidSupportProviderImpl/DefaultPluginImpl of DefaultPluginImpl [roughlyenoughitems]/" done in 3.233 ms
[16:22:08] [REI-ReloadPlugins/TRACE] [REI] [REIPlugin START] Reloading Section: "reloadable-plugin/FluidSupportProviderImpl/HideIngredientsFromTagsPlugin of HideIngredientsFromTagsPlugin [roughlyenoughitems]/"
[16:22:08] [REI-ReloadPlugins/TRACE] [REI] [REIPlugin START] Reloading Section: "reloadable-plugin/FluidSupportProviderImpl/HideIngredientsFromTagsPlugin of HideIngredientsFromTagsPlugin [roughlyenoughitems]/" done in 58.20 μs
[16:22:08] [REI-ReloadPlugins/TRACE] [REI] [REIPlugin START] Reloading Section: "reloadable-plugin/FluidSupportProviderImpl/DefaultClientRuntimePlugin of DefaultClientRuntimePlugin [roughlyenoughitems]/"
[16:22:08] [REI-ReloadPlugins/TRACE] [REI] [REIPlugin START] Reloading Section: "reloadable-plugin/FluidSupportProviderImpl/DefaultClientRuntimePlugin of DefaultClientRuntimePlugin [roughlyenoughitems]/" done in 48.50 μs
[16:22:08] [REI-ReloadPlugins/TRACE] [REI] [REIPlugin START] Reloading Section: "reloadable-plugin/FluidSupportProviderImpl/DefaultRuntimePlugin of DefaultRuntimePlugin [roughlyenoughitems]/"
[16:22:08] [REI-ReloadPlugins/TRACE] [REI] [REIPlugin START] Reloading Section: "reloadable-plugin/FluidSupportProviderImpl/DefaultRuntimePlugin of DefaultRuntimePlugin [roughlyenoughitems]/" done in 31.70 μs
[16:22:08] [REI-ReloadPlugins/TRACE] [REI] [REIPlugin START] Reloading Section: "reloadable-plugin/FluidSupportProviderImpl/" done in 4.079 ms
[16:22:08] [REI-ReloadPlugins/TRACE] [REI] [REIPlugin START] Reloading Section: "reloadable-plugin/me.shedaniel.rei.plugin.client.runtime.PluginStageExecutionWatcher$1/"
[16:22:08] [REI-ReloadPlugins/TRACE] [REI] [REIPlugin START] Reloading Section: "reloadable-plugin/me.shedaniel.rei.plugin.client.runtime.PluginStageExecutionWatcher$1/DefaultClientPluginImpl of DefaultClientPluginImpl [roughlyenoughitems]/"
[16:22:08] [REI-ReloadPlugins/TRACE] [REI] [REIPlugin START] Reloading Section: "reloadable-plugin/me.shedaniel.rei.plugin.client.runtime.PluginStageExecutionWatcher$1/DefaultClientPluginImpl of DefaultClientPluginImpl [roughlyenoughitems]/" done in 41.30 μs
[16:22:08] [REI-ReloadPlugins/TRACE] [REI] [REIPlugin START] Reloading Section: "reloadable-plugin/me.shedaniel.rei.plugin.client.runtime.PluginStageExecutionWatcher$1/DefaultPluginImpl of DefaultPluginImpl [roughlyenoughitems]/"
[16:22:08] [REI-ReloadPlugins/TRACE] [REI] [REIPlugin START] Reloading Section: "reloadable-plugin/me.shedaniel.rei.plugin.client.runtime.PluginStageExecutionWatcher$1/DefaultPluginImpl of DefaultPluginImpl [roughlyenoughitems]/" done in 53.40 μs
[16:22:08] [REI-ReloadPlugins/TRACE] [REI] [REIPlugin START] Reloading Section: "reloadable-plugin/me.shedaniel.rei.plugin.client.runtime.PluginStageExecutionWatcher$1/HideIngredientsFromTagsPlugin of HideIngredientsFromTagsPlugin [roughlyenoughitems]/"
[16:22:08] [REI-ReloadPlugins/TRACE] [REI] [REIPlugin START] Reloading Section: "reloadable-plugin/me.shedaniel.rei.plugin.client.runtime.PluginStageExecutionWatcher$1/HideIngredientsFromTagsPlugin of HideIngredientsFromTagsPlugin [roughlyenoughitems]/" done in 50.70 μs
[16:22:08] [REI-ReloadPlugins/TRACE] [REI] [REIPlugin START] Reloading Section: "reloadable-plugin/me.shedaniel.rei.plugin.client.runtime.PluginStageExecutionWatcher$1/DefaultClientRuntimePlugin of DefaultClientRuntimePlugin [roughlyenoughitems]/"
[16:22:08] [REI-ReloadPlugins/TRACE] [REI] [REIPlugin START] Reloading Section: "reloadable-plugin/me.shedaniel.rei.plugin.client.runtime.PluginStageExecutionWatcher$1/DefaultClientRuntimePlugin of DefaultClientRuntimePlugin [roughlyenoughitems]/" done in 44.10 μs
[16:22:08] [REI-ReloadPlugins/TRACE] [REI] [REIPlugin START] Reloading Section: "reloadable-plugin/me.shedaniel.rei.plugin.client.runtime.PluginStageExecutionWatcher$1/DefaultRuntimePlugin of DefaultRuntimePlugin [roughlyenoughitems]/"
[16:22:08] [REI-ReloadPlugins/TRACE] [REI] [REIPlugin START] Reloading Section: "reloadable-plugin/me.shedaniel.rei.plugin.client.runtime.PluginStageExecutionWatcher$1/DefaultRuntimePlugin of DefaultRuntimePlugin [roughlyenoughitems]/" done in 37.60 μs
[16:22:08] [REI-ReloadPlugins/TRACE] [REI] [REIPlugin START] Reloading Section: "reloadable-plugin/me.shedaniel.rei.plugin.client.runtime.PluginStageExecutionWatcher$1/" done in 730.1 μs
[16:22:08] [REI-ReloadPlugins/DEBUG] [REI] ========================================
[16:22:08] [REI-ReloadPlugins/DEBUG] [REI] REIPlugin ending main-reload for START.
[16:22:08] [REI-ReloadPlugins/DEBUG] [REI] ========================================
[16:22:08] [REI-ReloadPlugins/TRACE] [REI] [REIPlugin START] Reloading Section: "end-reload/"
[16:22:08] [REI-ReloadPlugins/TRACE] [REI] [REIPlugin START] Reloading Section: "end-reload/EntryTypeRegistryImpl/"
[16:22:08] [REI-ReloadPlugins/TRACE] [REI] [REIPlugin START] Reloading Section: "end-reload/EntryTypeRegistryImpl/" done in 45.90 μs
[16:22:08] [REI-ReloadPlugins/TRACE] [REI] [REIPlugin START] Reloading Section: "end-reload/EntrySettingsAdapterRegistryImpl/"
[16:22:08] [REI-ReloadPlugins/TRACE] [REI] [REIPlugin START] Reloading Section: "end-reload/EntrySettingsAdapterRegistryImpl/" done in 22.50 μs
[16:22:08] [REI-ReloadPlugins/TRACE] [REI] [REIPlugin START] Reloading Section: "end-reload/RecipeManagerContextImpl/"
[16:22:08] [REI-ReloadPlugins/TRACE] [REI] [REIPlugin START] Reloading Section: "end-reload/RecipeManagerContextImpl/" done in 20.90 μs
[16:22:08] [REI-ReloadPlugins/TRACE] [REI] [REIPlugin START] Reloading Section: "end-reload/ItemComparatorRegistryImpl/"
[16:22:08] [REI-ReloadPlugins/TRACE] [REI] [REIPlugin START] Reloading Section: "end-reload/ItemComparatorRegistryImpl/" done in 20.80 μs
[16:22:08] [REI-ReloadPlugins/TRACE] [REI] [REIPlugin START] Reloading Section: "end-reload/FluidComparatorRegistryImpl/"
[16:22:08] [REI-ReloadPlugins/TRACE] [REI] [REIPlugin START] Reloading Section: "end-reload/FluidComparatorRegistryImpl/" done in 21.80 μs
[16:22:08] [REI-ReloadPlugins/TRACE] [REI] [REIPlugin START] Reloading Section: "end-reload/DisplaySerializerRegistryImpl/"
[16:22:08] [REI-ReloadPlugins/TRACE] [REI] [REIPlugin START] Reloading Section: "end-reload/DisplaySerializerRegistryImpl/" done in 31.40 μs
[16:22:08] [REI-ReloadPlugins/TRACE] [REI] [REIPlugin START] Reloading Section: "end-reload/FluidSupportProviderImpl/"
[16:22:08] [REI-ReloadPlugins/TRACE] [REI] [REIPlugin START] Reloading Section: "end-reload/FluidSupportProviderImpl/" done in 22.20 μs
[16:22:08] [REI-ReloadPlugins/TRACE] [REI] [REIPlugin START] Reloading Section: "end-reload/me.shedaniel.rei.plugin.client.runtime.PluginStageExecutionWatcher$1/"
[16:22:08] [REI-ReloadPlugins/TRACE] [REI] [REIPlugin START] Reloading Section: "end-reload/me.shedaniel.rei.plugin.client.runtime.PluginStageExecutionWatcher$1/" done in 24.80 μs
[16:22:08] [REI-ReloadPlugins/TRACE] [REI] [REIPlugin START] Reloading Section: "end-reload/" done in 671.3 μs
[16:22:08] [REI-ReloadPlugins/DEBUG] [REI] ========================================
[16:22:08] [REI-ReloadPlugins/DEBUG] [REI] REIPlugin ended main-reload for START in 103.5 ms.
[16:22:08] [REI-ReloadPlugins/DEBUG] [REI] ========================================
[16:22:08] [REI-ReloadPlugins/INFO] [REI] ****************************************
[16:22:08] [REI-ReloadPlugins/INFO] [REI] REIClientPlugin starting main-reload for START.
[16:22:08] [REI-ReloadPlugins/DEBUG] [REI] Reloadables (18):
[16:22:08] [REI-ReloadPlugins/DEBUG] [REI]  - EntryRendererRegistryImpl
[16:22:08] [REI-ReloadPlugins/DEBUG] [REI]  - ViewsImpl
[16:22:08] [REI-ReloadPlugins/DEBUG] [REI]  - InputMethodRegistryImpl
[16:22:08] [REI-ReloadPlugins/DEBUG] [REI]  - SearchProviderImpl
[16:22:08] [REI-ReloadPlugins/DEBUG] [REI]  - ConfigManagerImpl
[16:22:08] [REI-ReloadPlugins/DEBUG] [REI]  - EntryRegistryImpl
[16:22:08] [REI-ReloadPlugins/DEBUG] [REI]  - CollapsibleEntryRegistryImpl
[16:22:08] [REI-ReloadPlugins/DEBUG] [REI]  - BasicFilteringRuleImpl
[16:22:08] [REI-ReloadPlugins/DEBUG] [REI]  - CategoryRegistryImpl
[16:22:08] [REI-ReloadPlugins/DEBUG] [REI]  - DisplayRegistryImpl
[16:22:08] [REI-ReloadPlugins/DEBUG] [REI]  - ScreenRegistryImpl
[16:22:08] [REI-ReloadPlugins/DEBUG] [REI]  - FavoriteEntryTypeRegistryImpl
[16:22:08] [REI-ReloadPlugins/DEBUG] [REI]  - SubsetsRegistryImpl
[16:22:08] [REI-ReloadPlugins/DEBUG] [REI]  - TransferHandlerRegistryImpl
[16:22:08] [REI-ReloadPlugins/DEBUG] [REI]  - SearchRuntime
[16:22:08] [REI-ReloadPlugins/DEBUG] [REI]  - REIRuntimeImpl
[16:22:08] [REI-ReloadPlugins/DEBUG] [REI]  - ConfigAddonRegistryImpl
[16:22:08] [REI-ReloadPlugins/DEBUG] [REI]  - me.shedaniel.rei.plugin.client.runtime.PluginStageExecutionWatcher$1
[16:22:08] [REI-ReloadPlugins/INFO] [REI] Plugins (3):
[16:22:08] [REI-ReloadPlugins/INFO] [REI]  - (-100,00) DefaultClientPluginImpl of DefaultClientPluginImpl [roughlyenoughitems]
[16:22:08] [REI-ReloadPlugins/INFO] [REI]  - (0,00) HideIngredientsFromTagsPlugin of HideIngredientsFromTagsPlugin [roughlyenoughitems]
[16:22:08] [REI-ReloadPlugins/INFO] [REI]  - (0,00) DefaultClientRuntimePlugin of DefaultClientRuntimePlugin [roughlyenoughitems]
[16:22:08] [REI-ReloadPlugins/INFO] [REI] ****************************************
[16:22:08] [REI-ReloadPlugins/TRACE] [REI] [REIClientPlugin START] Reloading Section: "start-reload/"
[16:22:08] [REI-ReloadPlugins/TRACE] [REI] [REIClientPlugin START] Reloading Section: "start-reload/EntryRendererRegistryImpl/"
[16:22:08] [REI-ReloadPlugins/TRACE] [REI] [REIClientPlugin START] Reloading Section: "start-reload/EntryRendererRegistryImpl/" done in 24.10 μs
[16:22:08] [REI-ReloadPlugins/TRACE] [REI] [REIClientPlugin START] Reloading Section: "start-reload/ViewsImpl/"
[16:22:08] [REI-ReloadPlugins/TRACE] [REI] [REIClientPlugin START] Reloading Section: "start-reload/ViewsImpl/" done in 23.50 μs
[16:22:08] [REI-ReloadPlugins/TRACE] [REI] [REIClientPlugin START] Reloading Section: "start-reload/InputMethodRegistryImpl/"
[16:22:08] [REI-ReloadPlugins/TRACE] [REI] [REIClientPlugin START] Reloading Section: "start-reload/InputMethodRegistryImpl/" done in 22.10 μs
[16:22:08] [REI-ReloadPlugins/TRACE] [REI] [REIClientPlugin START] Reloading Section: "start-reload/SearchProviderImpl/"
[16:22:08] [REI-ReloadPlugins/TRACE] [REI] [REIClientPlugin START] Reloading Section: "start-reload/SearchProviderImpl/" done in 22.80 μs
[16:22:08] [REI-ReloadPlugins/TRACE] [REI] [REIClientPlugin START] Reloading Section: "start-reload/ConfigManagerImpl/"
[16:22:08] [REI-ReloadPlugins/TRACE] [REI] [REIClientPlugin START] Reloading Section: "start-reload/ConfigManagerImpl/" done in 21.40 μs
[16:22:08] [REI-ReloadPlugins/TRACE] [REI] [REIClientPlugin START] Reloading Section: "start-reload/EntryRegistryImpl/"
[16:22:08] [REI-ReloadPlugins/TRACE] [REI] [REIClientPlugin START] Reloading Section: "start-reload/EntryRegistryImpl/" done in 58.30 μs
[16:22:08] [REI-ReloadPlugins/TRACE] [REI] [REIClientPlugin START] Reloading Section: "start-reload/CollapsibleEntryRegistryImpl/"
[16:22:08] [REI-ReloadPlugins/TRACE] [REI] [REIClientPlugin START] Reloading Section: "start-reload/CollapsibleEntryRegistryImpl/" done in 22.80 μs
[16:22:08] [REI-ReloadPlugins/TRACE] [REI] [REIClientPlugin START] Reloading Section: "start-reload/BasicFilteringRuleImpl/"
[16:22:08] [REI-ReloadPlugins/TRACE] [REI] [REIClientPlugin START] Reloading Section: "start-reload/BasicFilteringRuleImpl/" done in 31.60 μs
[16:22:08] [REI-ReloadPlugins/TRACE] [REI] [REIClientPlugin START] Reloading Section: "start-reload/CategoryRegistryImpl/"
[16:22:08] [REI-ReloadPlugins/TRACE] [REI] [REIClientPlugin START] Reloading Section: "start-reload/CategoryRegistryImpl/" done in 31.50 μs
[16:22:08] [REI-ReloadPlugins/TRACE] [REI] [REIClientPlugin START] Reloading Section: "start-reload/DisplayRegistryImpl/"
[16:22:08] [REI-ReloadPlugins/TRACE] [REI] [REIClientPlugin START] Reloading Section: "start-reload/DisplayRegistryImpl/" done in 23.90 μs
[16:22:08] [REI-ReloadPlugins/TRACE] [REI] [REIClientPlugin START] Reloading Section: "start-reload/ScreenRegistryImpl/"
[16:22:08] [REI-ReloadPlugins/DEBUG] [REI] Added overlay decider: me.shedaniel.rei.impl.client.registry.screen.ExclusionZonesImpl@5b5415c6 [-5,00 priority]
[16:22:08] [REI-ReloadPlugins/DEBUG] [REI] Added overlay decider: me.shedaniel.rei.impl.client.registry.screen.ScreenRegistryImpl$1@2c458c76 [-10,00 priority]
[16:22:08] [REI-ReloadPlugins/DEBUG] [REI] Added overlay decider: me.shedaniel.rei.impl.client.registry.screen.ScreenRegistryImpl$2@6f534d8c [-10,00 priority]
[16:22:08] [REI-ReloadPlugins/DEBUG] [REI] Added overlay decider: me.shedaniel.rei.impl.client.registry.screen.ScreenRegistryImpl$3@1008166d [-20,00 priority]
[16:22:08] [REI-ReloadPlugins/DEBUG] [REI] Added focused stack provider: me.shedaniel.rei.impl.client.registry.screen.ScreenRegistryImpl$4@3ced7e53 [-10,00 priority]
[16:22:08] [REI-ReloadPlugins/DEBUG] [REI] Added draggable component provider: me.shedaniel.rei.api.client.gui.drag.component.DraggableComponentProviderWidget$1@3d7f8fdd [0,00 priority]
[16:22:08] [REI-ReloadPlugins/DEBUG] [REI] Added draggable component visitor: me.shedaniel.rei.api.client.gui.drag.component.DraggableComponentVisitorWidget$2@5a5f0c77 [0,00 priority]
[16:22:08] [REI-ReloadPlugins/TRACE] [REI] [REIClientPlugin START] Reloading Section: "start-reload/ScreenRegistryImpl/" done in 31.25 ms
[16:22:08] [REI-ReloadPlugins/TRACE] [REI] [REIClientPlugin START] Reloading Section: "start-reload/FavoriteEntryTypeRegistryImpl/"
[16:22:08] [REI-ReloadPlugins/TRACE] [REI] [REIClientPlugin START] Reloading Section: "start-reload/FavoriteEntryTypeRegistryImpl/" done in 111.3 μs
[16:22:08] [REI-ReloadPlugins/TRACE] [REI] [REIClientPlugin START] Reloading Section: "start-reload/SubsetsRegistryImpl/"
[16:22:08] [REI-ReloadPlugins/TRACE] [REI] [REIClientPlugin START] Reloading Section: "start-reload/SubsetsRegistryImpl/" done in 68.70 μs
[16:22:08] [REI-ReloadPlugins/TRACE] [REI] [REIClientPlugin START] Reloading Section: "start-reload/TransferHandlerRegistryImpl/"
[16:22:08] [REI-ReloadPlugins/TRACE] [REI] [REIClientPlugin START] Reloading Section: "start-reload/TransferHandlerRegistryImpl/" done in 55.90 μs
[16:22:08] [REI-ReloadPlugins/TRACE] [REI] [REIClientPlugin START] Reloading Section: "start-reload/SearchRuntime/"
[16:22:08] [REI-ReloadPlugins/DEBUG] [REI] Preparing collapsed entry groups cache with 0 entries and 0 stacks
[16:22:08] [REI-ReloadPlugins/DEBUG] [REI] Prepared collapsed entry groups cache with 0 entries and 0 stacks
[16:22:08] [REI-ReloadPlugins/TRACE] [REI] [REIClientPlugin START] Reloading Section: "start-reload/SearchRuntime/" done in 12.80 ms
[16:22:08] [REI-ReloadPlugins/TRACE] [REI] [REIClientPlugin START] Reloading Section: "start-reload/REIRuntimeImpl/"
[16:22:08] [REI-ReloadPlugins/TRACE] [REI] [REIClientPlugin START] Reloading Section: "start-reload/REIRuntimeImpl/" done in 6.100 ms
[16:22:08] [REI-ReloadPlugins/TRACE] [REI] [REIClientPlugin START] Reloading Section: "start-reload/ConfigAddonRegistryImpl/"
[16:22:08] [REI-ReloadPlugins/TRACE] [REI] [REIClientPlugin START] Reloading Section: "start-reload/ConfigAddonRegistryImpl/" done in 114.7 μs
[16:22:08] [REI-ReloadPlugins/TRACE] [REI] [REIClientPlugin START] Reloading Section: "start-reload/me.shedaniel.rei.plugin.client.runtime.PluginStageExecutionWatcher$1/"
[16:22:08] [REI-ReloadPlugins/TRACE] [REI] [REIClientPlugin START] Reloading Section: "start-reload/me.shedaniel.rei.plugin.client.runtime.PluginStageExecutionWatcher$1/" done in 91.40 μs
[16:22:08] [REI-ReloadPlugins/TRACE] [REI] [REIClientPlugin START] Reloading Section: "start-reload/" done in 52.95 ms
[16:22:08] [REI-ReloadPlugins/DEBUG] [REI] ========================================
[16:22:08] [REI-ReloadPlugins/DEBUG] [REI] REIClientPlugin started main-reload for START.
[16:22:08] [REI-ReloadPlugins/DEBUG] [REI] ========================================
[16:22:08] [REI-ReloadPlugins/TRACE] [REI] [REIClientPlugin START] Reloading Section: "reloadable-plugin/EntryRendererRegistryImpl/"
[16:22:08] [REI-ReloadPlugins/TRACE] [REI] [REIClientPlugin START] Reloading Section: "reloadable-plugin/EntryRendererRegistryImpl/DefaultClientPluginImpl of DefaultClientPluginImpl [roughlyenoughitems]/"
[16:22:08] [REI-ReloadPlugins/TRACE] [REI] [REIClientPlugin START] Reloading Section: "reloadable-plugin/EntryRendererRegistryImpl/DefaultClientPluginImpl of DefaultClientPluginImpl [roughlyenoughitems]/" done in 107.0 μs
[16:22:08] [REI-ReloadPlugins/TRACE] [REI] [REIClientPlugin START] Reloading Section: "reloadable-plugin/EntryRendererRegistryImpl/HideIngredientsFromTagsPlugin of HideIngredientsFromTagsPlugin [roughlyenoughitems]/"
[16:22:08] [REI-ReloadPlugins/TRACE] [REI] [REIClientPlugin START] Reloading Section: "reloadable-plugin/EntryRendererRegistryImpl/HideIngredientsFromTagsPlugin of HideIngredientsFromTagsPlugin [roughlyenoughitems]/" done in 42.90 μs
[16:22:08] [REI-ReloadPlugins/TRACE] [REI] [REIClientPlugin START] Reloading Section: "reloadable-plugin/EntryRendererRegistryImpl/DefaultClientRuntimePlugin of DefaultClientRuntimePlugin [roughlyenoughitems]/"
[16:22:08] [REI-ReloadPlugins/TRACE] [REI] [REIClientPlugin START] Reloading Section: "reloadable-plugin/EntryRendererRegistryImpl/DefaultClientRuntimePlugin of DefaultClientRuntimePlugin [roughlyenoughitems]/" done in 28.50 μs
[16:22:08] [REI-ReloadPlugins/TRACE] [REI] [REIClientPlugin START] Reloading Section: "reloadable-plugin/EntryRendererRegistryImpl/" done in 953.3 μs
[16:22:08] [REI-ReloadPlugins/TRACE] [REI] [REIClientPlugin START] Reloading Section: "reloadable-plugin/ViewsImpl/"
[16:22:08] [REI-ReloadPlugins/TRACE] [REI] [REIClientPlugin START] Reloading Section: "reloadable-plugin/ViewsImpl/DefaultClientPluginImpl of DefaultClientPluginImpl [roughlyenoughitems]/"
[16:22:08] [REI-ReloadPlugins/TRACE] [REI] [REIClientPlugin START] Reloading Section: "reloadable-plugin/ViewsImpl/DefaultClientPluginImpl of DefaultClientPluginImpl [roughlyenoughitems]/" done in 36.80 μs
[16:22:08] [REI-ReloadPlugins/TRACE] [REI] [REIClientPlugin START] Reloading Section: "reloadable-plugin/ViewsImpl/HideIngredientsFromTagsPlugin of HideIngredientsFromTagsPlugin [roughlyenoughitems]/"
[16:22:08] [REI-ReloadPlugins/TRACE] [REI] [REIClientPlugin START] Reloading Section: "reloadable-plugin/ViewsImpl/HideIngredientsFromTagsPlugin of HideIngredientsFromTagsPlugin [roughlyenoughitems]/" done in 27.60 μs
[16:22:08] [REI-ReloadPlugins/TRACE] [REI] [REIClientPlugin START] Reloading Section: "reloadable-plugin/ViewsImpl/DefaultClientRuntimePlugin of DefaultClientRuntimePlugin [roughlyenoughitems]/"
[16:22:08] [REI-ReloadPlugins/TRACE] [REI] [REIClientPlugin START] Reloading Section: "reloadable-plugin/ViewsImpl/DefaultClientRuntimePlugin of DefaultClientRuntimePlugin [roughlyenoughitems]/" done in 26.30 μs
[16:22:08] [REI-ReloadPlugins/TRACE] [REI] [REIClientPlugin START] Reloading Section: "reloadable-plugin/ViewsImpl/" done in 330.8 μs
[16:22:08] [REI-ReloadPlugins/TRACE] [REI] [REIClientPlugin START] Reloading Section: "reloadable-plugin/InputMethodRegistryImpl/"
[16:22:08] [REI-ReloadPlugins/TRACE] [REI] [REIClientPlugin START] Reloading Section: "reloadable-plugin/InputMethodRegistryImpl/DefaultClientPluginImpl of DefaultClientPluginImpl [roughlyenoughitems]/"
[16:22:08] [REI-ReloadPlugins/TRACE] [REI] [REIClientPlugin START] Reloading Section: "reloadable-plugin/InputMethodRegistryImpl/DefaultClientPluginImpl of DefaultClientPluginImpl [roughlyenoughitems]/" done in 26.20 μs
[16:22:08] [REI-ReloadPlugins/TRACE] [REI] [REIClientPlugin START] Reloading Section: "reloadable-plugin/InputMethodRegistryImpl/HideIngredientsFromTagsPlugin of HideIngredientsFromTagsPlugin [roughlyenoughitems]/"
[16:22:08] [REI-ReloadPlugins/TRACE] [REI] [REIClientPlugin START] Reloading Section: "reloadable-plugin/InputMethodRegistryImpl/HideIngredientsFromTagsPlugin of HideIngredientsFromTagsPlugin [roughlyenoughitems]/" done in 26.70 μs
[16:22:08] [REI-ReloadPlugins/TRACE] [REI] [REIClientPlugin START] Reloading Section: "reloadable-plugin/InputMethodRegistryImpl/DefaultClientRuntimePlugin of DefaultClientRuntimePlugin [roughlyenoughitems]/"
[16:22:08] [REI-ReloadPlugins/TRACE] [REI] [REIClientPlugin START] Reloading Section: "reloadable-plugin/InputMethodRegistryImpl/DefaultClientRuntimePlugin of DefaultClientRuntimePlugin [roughlyenoughitems]/" done in 25.40 μs
[16:22:08] [REI-ReloadPlugins/TRACE] [REI] [REIClientPlugin START] Reloading Section: "reloadable-plugin/InputMethodRegistryImpl/" done in 273.9 μs
[16:22:08] [REI-ReloadPlugins/TRACE] [REI] [REIClientPlugin START] Reloading Section: "reloadable-plugin/SearchProviderImpl/"
[16:22:08] [REI-ReloadPlugins/TRACE] [REI] [REIClientPlugin START] Reloading Section: "reloadable-plugin/SearchProviderImpl/DefaultClientPluginImpl of DefaultClientPluginImpl [roughlyenoughitems]/"
[16:22:08] [REI-ReloadPlugins/TRACE] [REI] [REIClientPlugin START] Reloading Section: "reloadable-plugin/SearchProviderImpl/DefaultClientPluginImpl of DefaultClientPluginImpl [roughlyenoughitems]/" done in 26.40 μs
[16:22:08] [REI-ReloadPlugins/TRACE] [REI] [REIClientPlugin START] Reloading Section: "reloadable-plugin/SearchProviderImpl/HideIngredientsFromTagsPlugin of HideIngredientsFromTagsPlugin [roughlyenoughitems]/"
[16:22:08] [REI-ReloadPlugins/TRACE] [REI] [REIClientPlugin START] Reloading Section: "reloadable-plugin/SearchProviderImpl/HideIngredientsFromTagsPlugin of HideIngredientsFromTagsPlugin [roughlyenoughitems]/" done in 42.20 μs
[16:22:08] [REI-ReloadPlugins/TRACE] [REI] [REIClientPlugin START] Reloading Section: "reloadable-plugin/SearchProviderImpl/DefaultClientRuntimePlugin of DefaultClientRuntimePlugin [roughlyenoughitems]/"
[16:22:08] [REI-ReloadPlugins/TRACE] [REI] [REIClientPlugin START] Reloading Section: "reloadable-plugin/SearchProviderImpl/DefaultClientRuntimePlugin of DefaultClientRuntimePlugin [roughlyenoughitems]/" done in 28.60 μs
[16:22:08] [REI-ReloadPlugins/TRACE] [REI] [REIClientPlugin START] Reloading Section: "reloadable-plugin/SearchProviderImpl/" done in 294.5 μs
[16:22:08] [REI-ReloadPlugins/TRACE] [REI] [REIClientPlugin START] Reloading Section: "reloadable-plugin/ConfigManagerImpl/"
[16:22:08] [REI-ReloadPlugins/TRACE] [REI] [REIClientPlugin START] Reloading Section: "reloadable-plugin/ConfigManagerImpl/DefaultClientPluginImpl of DefaultClientPluginImpl [roughlyenoughitems]/"
[16:22:08] [REI-ReloadPlugins/TRACE] [REI] [REIClientPlugin START] Reloading Section: "reloadable-plugin/ConfigManagerImpl/DefaultClientPluginImpl of DefaultClientPluginImpl [roughlyenoughitems]/" done in 27.20 μs
[16:22:08] [REI-ReloadPlugins/TRACE] [REI] [REIClientPlugin START] Reloading Section: "reloadable-plugin/ConfigManagerImpl/HideIngredientsFromTagsPlugin of HideIngredientsFromTagsPlugin [roughlyenoughitems]/"
[16:22:08] [REI-ReloadPlugins/TRACE] [REI] [REIClientPlugin START] Reloading Section: "reloadable-plugin/ConfigManagerImpl/HideIngredientsFromTagsPlugin of HideIngredientsFromTagsPlugin [roughlyenoughitems]/" done in 32.40 μs
[16:22:08] [REI-ReloadPlugins/TRACE] [REI] [REIClientPlugin START] Reloading Section: "reloadable-plugin/ConfigManagerImpl/DefaultClientRuntimePlugin of DefaultClientRuntimePlugin [roughlyenoughitems]/"
[16:22:08] [REI-ReloadPlugins/TRACE] [REI] [REIClientPlugin START] Reloading Section: "reloadable-plugin/ConfigManagerImpl/DefaultClientRuntimePlugin of DefaultClientRuntimePlugin [roughlyenoughitems]/" done in 28.90 μs
[16:22:08] [REI-ReloadPlugins/TRACE] [REI] [REIClientPlugin START] Reloading Section: "reloadable-plugin/ConfigManagerImpl/" done in 282.7 μs
[16:22:08] [REI-ReloadPlugins/TRACE] [REI] [REIClientPlugin START] Reloading Section: "reloadable-plugin/EntryRegistryImpl/"
[16:22:08] [REI-ReloadPlugins/TRACE] [REI] [REIClientPlugin START] Reloading Section: "reloadable-plugin/EntryRegistryImpl/DefaultClientPluginImpl of DefaultClientPluginImpl [roughlyenoughitems]/"
[16:22:08] [REI-ReloadPlugins/TRACE] [REI] Registered 1787 entries from plugin DefaultClientPluginImpl
[16:22:08] [REI-ReloadPlugins/TRACE] [REI] [REIClientPlugin START] Reloading Section: "reloadable-plugin/EntryRegistryImpl/DefaultClientPluginImpl of DefaultClientPluginImpl [roughlyenoughitems]/" done in 157.6 ms
[16:22:08] [REI-ReloadPlugins/TRACE] [REI] [REIClientPlugin START] Reloading Section: "reloadable-plugin/EntryRegistryImpl/HideIngredientsFromTagsPlugin of HideIngredientsFromTagsPlugin [roughlyenoughitems]/"
[16:22:08] [REI-ReloadPlugins/TRACE] [REI] Registered 0 entries from plugin HideIngredientsFromTagsPlugin
[16:22:08] [REI-ReloadPlugins/TRACE] [REI] [REIClientPlugin START] Reloading Section: "reloadable-plugin/EntryRegistryImpl/HideIngredientsFromTagsPlugin of HideIngredientsFromTagsPlugin [roughlyenoughitems]/" done in 139.8 μs
[16:22:08] [REI-ReloadPlugins/TRACE] [REI] [REIClientPlugin START] Reloading Section: "reloadable-plugin/EntryRegistryImpl/DefaultClientRuntimePlugin of DefaultClientRuntimePlugin [roughlyenoughitems]/"
[16:22:08] [REI-ReloadPlugins/TRACE] [REI] Registered 0 entries from plugin DefaultClientRuntimePlugin
[16:22:08] [REI-ReloadPlugins/TRACE] [REI] [REIClientPlugin START] Reloading Section: "reloadable-plugin/EntryRegistryImpl/DefaultClientRuntimePlugin of DefaultClientRuntimePlugin [roughlyenoughitems]/" done in 5.676 ms
[16:22:08] [REI-ReloadPlugins/TRACE] [REI] [REIClientPlugin START] Reloading Section: "reloadable-plugin/EntryRegistryImpl/" done in 163.9 ms
[16:22:08] [REI-ReloadPlugins/TRACE] [REI] [REIClientPlugin START] Reloading Section: "reloadable-plugin/CollapsibleEntryRegistryImpl/"
[16:22:08] [REI-ReloadPlugins/TRACE] [REI] [REIClientPlugin START] Reloading Section: "reloadable-plugin/CollapsibleEntryRegistryImpl/DefaultClientPluginImpl of DefaultClientPluginImpl [roughlyenoughitems]/"
[16:22:08] [REI-ReloadPlugins/TRACE] [REI] [REIClientPlugin START] Reloading Section: "reloadable-plugin/CollapsibleEntryRegistryImpl/DefaultClientPluginImpl of DefaultClientPluginImpl [roughlyenoughitems]/" done in 37.70 μs
[16:22:08] [REI-ReloadPlugins/TRACE] [REI] [REIClientPlugin START] Reloading Section: "reloadable-plugin/CollapsibleEntryRegistryImpl/HideIngredientsFromTagsPlugin of HideIngredientsFromTagsPlugin [roughlyenoughitems]/"
[16:22:08] [REI-ReloadPlugins/TRACE] [REI] [REIClientPlugin START] Reloading Section: "reloadable-plugin/CollapsibleEntryRegistryImpl/HideIngredientsFromTagsPlugin of HideIngredientsFromTagsPlugin [roughlyenoughitems]/" done in 28.80 μs
[16:22:08] [REI-ReloadPlugins/TRACE] [REI] [REIClientPlugin START] Reloading Section: "reloadable-plugin/CollapsibleEntryRegistryImpl/DefaultClientRuntimePlugin of DefaultClientRuntimePlugin [roughlyenoughitems]/"
[16:22:08] [REI-ReloadPlugins/TRACE] [REI] [REIClientPlugin START] Reloading Section: "reloadable-plugin/CollapsibleEntryRegistryImpl/DefaultClientRuntimePlugin of DefaultClientRuntimePlugin [roughlyenoughitems]/" done in 36.10 μs
[16:22:08] [REI-ReloadPlugins/TRACE] [REI] [REIClientPlugin START] Reloading Section: "reloadable-plugin/CollapsibleEntryRegistryImpl/" done in 355.3 μs
[16:22:08] [REI-ReloadPlugins/TRACE] [REI] [REIClientPlugin START] Reloading Section: "reloadable-plugin/BasicFilteringRuleImpl/"
[16:22:08] [REI-ReloadPlugins/TRACE] [REI] [REIClientPlugin START] Reloading Section: "reloadable-plugin/BasicFilteringRuleImpl/DefaultClientPluginImpl of DefaultClientPluginImpl [roughlyenoughitems]/"
[16:22:08] [REI-ReloadPlugins/TRACE] [REI] [REIClientPlugin START] Reloading Section: "reloadable-plugin/BasicFilteringRuleImpl/DefaultClientPluginImpl of DefaultClientPluginImpl [roughlyenoughitems]/" done in 41.40 μs
[16:22:08] [REI-ReloadPlugins/TRACE] [REI] [REIClientPlugin START] Reloading Section: "reloadable-plugin/BasicFilteringRuleImpl/HideIngredientsFromTagsPlugin of HideIngredientsFromTagsPlugin [roughlyenoughitems]/"
[16:22:08] [REI-ReloadPlugins/TRACE] [REI] [REIClientPlugin START] Reloading Section: "reloadable-plugin/BasicFilteringRuleImpl/HideIngredientsFromTagsPlugin of HideIngredientsFromTagsPlugin [roughlyenoughitems]/" done in 33.50 μs
[16:22:08] [REI-ReloadPlugins/TRACE] [REI] [REIClientPlugin START] Reloading Section: "reloadable-plugin/BasicFilteringRuleImpl/DefaultClientRuntimePlugin of DefaultClientRuntimePlugin [roughlyenoughitems]/"
[16:22:08] [REI-ReloadPlugins/TRACE] [REI] [REIClientPlugin START] Reloading Section: "reloadable-plugin/BasicFilteringRuleImpl/DefaultClientRuntimePlugin of DefaultClientRuntimePlugin [roughlyenoughitems]/" done in 25.70 μs
[16:22:08] [REI-ReloadPlugins/TRACE] [REI] [REIClientPlugin START] Reloading Section: "reloadable-plugin/BasicFilteringRuleImpl/" done in 298.0 μs
[16:22:08] [REI-ReloadPlugins/TRACE] [REI] [REIClientPlugin START] Reloading Section: "reloadable-plugin/CategoryRegistryImpl/"
[16:22:08] [REI-ReloadPlugins/TRACE] [REI] [REIClientPlugin START] Reloading Section: "reloadable-plugin/CategoryRegistryImpl/DefaultClientPluginImpl of DefaultClientPluginImpl [roughlyenoughitems]/"
[16:22:08] [REI-ReloadPlugins/TRACE] [REI] [REIClientPlugin START] Reloading Section: "reloadable-plugin/CategoryRegistryImpl/DefaultClientPluginImpl of DefaultClientPluginImpl [roughlyenoughitems]/" done in 27.90 μs
[16:22:08] [REI-ReloadPlugins/TRACE] [REI] [REIClientPlugin START] Reloading Section: "reloadable-plugin/CategoryRegistryImpl/HideIngredientsFromTagsPlugin of HideIngredientsFromTagsPlugin [roughlyenoughitems]/"
[16:22:08] [REI-ReloadPlugins/TRACE] [REI] [REIClientPlugin START] Reloading Section: "reloadable-plugin/CategoryRegistryImpl/HideIngredientsFromTagsPlugin of HideIngredientsFromTagsPlugin [roughlyenoughitems]/" done in 40.70 μs
[16:22:08] [REI-ReloadPlugins/TRACE] [REI] [REIClientPlugin START] Reloading Section: "reloadable-plugin/CategoryRegistryImpl/DefaultClientRuntimePlugin of DefaultClientRuntimePlugin [roughlyenoughitems]/"
[16:22:08] [REI-ReloadPlugins/TRACE] [REI] [REIClientPlugin START] Reloading Section: "reloadable-plugin/CategoryRegistryImpl/DefaultClientRuntimePlugin of DefaultClientRuntimePlugin [roughlyenoughitems]/" done in 44.30 μs
[16:22:08] [REI-ReloadPlugins/TRACE] [REI] [REIClientPlugin START] Reloading Section: "reloadable-plugin/CategoryRegistryImpl/" done in 380.2 μs
[16:22:08] [REI-ReloadPlugins/TRACE] [REI] [REIClientPlugin START] Reloading Section: "reloadable-plugin/DisplayRegistryImpl/"
[16:22:08] [REI-ReloadPlugins/TRACE] [REI] [REIClientPlugin START] Reloading Section: "reloadable-plugin/DisplayRegistryImpl/DefaultClientPluginImpl of DefaultClientPluginImpl [roughlyenoughitems]/"
[16:22:08] [REI-ReloadPlugins/TRACE] [REI] [REIClientPlugin START] Reloading Section: "reloadable-plugin/DisplayRegistryImpl/DefaultClientPluginImpl of DefaultClientPluginImpl [roughlyenoughitems]/" done in 48.90 μs
[16:22:08] [REI-ReloadPlugins/TRACE] [REI] [REIClientPlugin START] Reloading Section: "reloadable-plugin/DisplayRegistryImpl/HideIngredientsFromTagsPlugin of HideIngredientsFromTagsPlugin [roughlyenoughitems]/"
[16:22:08] [REI-ReloadPlugins/TRACE] [REI] [REIClientPlugin START] Reloading Section: "reloadable-plugin/DisplayRegistryImpl/HideIngredientsFromTagsPlugin of HideIngredientsFromTagsPlugin [roughlyenoughitems]/" done in 49.10 μs
[16:22:08] [REI-ReloadPlugins/TRACE] [REI] [REIClientPlugin START] Reloading Section: "reloadable-plugin/DisplayRegistryImpl/DefaultClientRuntimePlugin of DefaultClientRuntimePlugin [roughlyenoughitems]/"
[16:22:08] [REI-ReloadPlugins/TRACE] [REI] [REIClientPlugin START] Reloading Section: "reloadable-plugin/DisplayRegistryImpl/DefaultClientRuntimePlugin of DefaultClientRuntimePlugin [roughlyenoughitems]/" done in 44.80 μs
[16:22:08] [REI-ReloadPlugins/TRACE] [REI] [REIClientPlugin START] Reloading Section: "reloadable-plugin/DisplayRegistryImpl/" done in 506.2 μs
[16:22:08] [REI-ReloadPlugins/TRACE] [REI] [REIClientPlugin START] Reloading Section: "reloadable-plugin/ScreenRegistryImpl/"
[16:22:08] [REI-ReloadPlugins/TRACE] [REI] [REIClientPlugin START] Reloading Section: "reloadable-plugin/ScreenRegistryImpl/DefaultClientPluginImpl of DefaultClientPluginImpl [roughlyenoughitems]/"
[16:22:08] [REI-ReloadPlugins/DEBUG] [REI] Added click area provider for net.minecraft.client.gui.screens.inventory.CraftingScreen: me.shedaniel.rei.api.client.registry.screen.SimpleClickArea$$Lambda/0x0000022f136dd470@222c3c2e
[16:22:08] [REI-ReloadPlugins/DEBUG] [REI] Added click area provider for net.minecraft.client.gui.screens.inventory.InventoryScreen: me.shedaniel.rei.api.client.registry.screen.SimpleClickArea$$Lambda/0x0000022f136dd470@66872af9
[16:22:08] [REI-ReloadPlugins/DEBUG] [REI] Added click area provider for net.minecraft.client.gui.screens.inventory.BrewingStandScreen: me.shedaniel.rei.api.client.registry.screen.SimpleClickArea$$Lambda/0x0000022f136dd470@3ad2323a
[16:22:08] [REI-ReloadPlugins/DEBUG] [REI] Added click area provider for net.minecraft.client.gui.screens.inventory.FurnaceScreen: me.shedaniel.rei.api.client.registry.screen.SimpleClickArea$$Lambda/0x0000022f136dd470@79dcb402
[16:22:08] [REI-ReloadPlugins/DEBUG] [REI] Added click area provider for net.minecraft.client.gui.screens.inventory.SmokerScreen: me.shedaniel.rei.api.client.registry.screen.SimpleClickArea$$Lambda/0x0000022f136dd470@3e8c47a
[16:22:08] [REI-ReloadPlugins/DEBUG] [REI] Added click area provider for net.minecraft.client.gui.screens.inventory.BlastFurnaceScreen: me.shedaniel.rei.api.client.registry.screen.SimpleClickArea$$Lambda/0x0000022f136dd470@5c67f61c
[16:22:08] [REI-ReloadPlugins/DEBUG] [REI] Added exclusion zones provider: me.shedaniel.rei.plugin.client.exclusionzones.DefaultPotionEffectExclusionZones@124a53fd for net.minecraft.client.gui.screens.inventory.EffectRenderingInventoryScreen
[16:22:08] [REI-ReloadPlugins/DEBUG] [REI] Added exclusion zones provider: me.shedaniel.rei.plugin.client.exclusionzones.DefaultRecipeBookExclusionZones@65c72957 for net.minecraft.client.gui.screens.recipebook.RecipeUpdateListener
[16:22:08] [REI-ReloadPlugins/TRACE] [REI] [REIClientPlugin START] Reloading Section: "reloadable-plugin/ScreenRegistryImpl/DefaultClientPluginImpl of DefaultClientPluginImpl [roughlyenoughitems]/" done in 17.81 ms
[16:22:08] [REI-ReloadPlugins/TRACE] [REI] [REIClientPlugin START] Reloading Section: "reloadable-plugin/ScreenRegistryImpl/HideIngredientsFromTagsPlugin of HideIngredientsFromTagsPlugin [roughlyenoughitems]/"
[16:22:08] [REI-ReloadPlugins/TRACE] [REI] [REIClientPlugin START] Reloading Section: "reloadable-plugin/ScreenRegistryImpl/HideIngredientsFromTagsPlugin of HideIngredientsFromTagsPlugin [roughlyenoughitems]/" done in 74.40 μs
[16:22:08] [REI-ReloadPlugins/TRACE] [REI] [REIClientPlugin START] Reloading Section: "reloadable-plugin/ScreenRegistryImpl/DefaultClientRuntimePlugin of DefaultClientRuntimePlugin [roughlyenoughitems]/"
[16:22:08] [REI-ReloadPlugins/DEBUG] [REI] Added exclusion zones provider: me.shedaniel.rei.plugin.client.runtime.DefaultClientRuntimePlugin$$Lambda/0x0000022f136de990@786adb3b for me.shedaniel.rei.impl.client.gui.screen.DefaultDisplayViewingScreen
[16:22:08] [REI-ReloadPlugins/DEBUG] [REI] Added exclusion zones provider: me.shedaniel.rei.plugin.client.runtime.DefaultClientRuntimePlugin$$Lambda/0x0000022f136deba0@683a8dd2 for net.minecraft.client.gui.screens.Screen
[16:22:08] [REI-ReloadPlugins/DEBUG] [REI] Added draggable component provider: me.shedaniel.rei.api.client.gui.drag.component.DraggableComponentProviderWidget$1@49635973 [0,00 priority]
[16:22:08] [REI-ReloadPlugins/DEBUG] [REI] Added draggable component visitor: me.shedaniel.rei.api.client.gui.drag.component.DraggableComponentVisitorWidget$2@621f95bd [0,00 priority]
[16:22:08] [REI-ReloadPlugins/TRACE] [REI] [REIClientPlugin START] Reloading Section: "reloadable-plugin/ScreenRegistryImpl/DefaultClientRuntimePlugin of DefaultClientRuntimePlugin [roughlyenoughitems]/" done in 4.996 ms
[16:22:08] [REI-ReloadPlugins/TRACE] [REI] [REIClientPlugin START] Reloading Section: "reloadable-plugin/ScreenRegistryImpl/" done in 23.46 ms
[16:22:08] [REI-ReloadPlugins/TRACE] [REI] [REIClientPlugin START] Reloading Section: "reloadable-plugin/FavoriteEntryTypeRegistryImpl/"
[16:22:08] [REI-ReloadPlugins/TRACE] [REI] [REIClientPlugin START] Reloading Section: "reloadable-plugin/FavoriteEntryTypeRegistryImpl/DefaultClientPluginImpl of DefaultClientPluginImpl [roughlyenoughitems]/"
[16:22:08] [REI-ReloadPlugins/DEBUG] [REI] Added favorite entry type [roughlyenoughitems:gamemode]: INSTANCE
[16:22:08] [REI-ReloadPlugins/DEBUG] [REI] Added favorite entry type [roughlyenoughitems:weather]: INSTANCE
[16:22:08] [REI-ReloadPlugins/DEBUG] [REI] Added favorite entry type [roughlyenoughitems:time]: INSTANCE
[16:22:08] [REI-ReloadPlugins/TRACE] [REI] [REIClientPlugin START] Reloading Section: "reloadable-plugin/FavoriteEntryTypeRegistryImpl/DefaultClientPluginImpl of DefaultClientPluginImpl [roughlyenoughitems]/" done in 46.82 ms
[16:22:08] [REI-ReloadPlugins/TRACE] [REI] [REIClientPlugin START] Reloading Section: "reloadable-plugin/FavoriteEntryTypeRegistryImpl/HideIngredientsFromTagsPlugin of HideIngredientsFromTagsPlugin [roughlyenoughitems]/"
[16:22:08] [REI-ReloadPlugins/TRACE] [REI] [REIClientPlugin START] Reloading Section: "reloadable-plugin/FavoriteEntryTypeRegistryImpl/HideIngredientsFromTagsPlugin of HideIngredientsFromTagsPlugin [roughlyenoughitems]/" done in 47.00 μs
[16:22:08] [REI-ReloadPlugins/TRACE] [REI] [REIClientPlugin START] Reloading Section: "reloadable-plugin/FavoriteEntryTypeRegistryImpl/DefaultClientRuntimePlugin of DefaultClientRuntimePlugin [roughlyenoughitems]/"
[16:22:08] [REI-ReloadPlugins/DEBUG] [REI] Added favorite entry type [roughlyenoughitems:entry_stack]: INSTANCE
[16:22:08] [REI-ReloadPlugins/DEBUG] [REI] Added favorite entry type [roughlyenoughitems:display]: INSTANCE
[16:22:08] [REI-ReloadPlugins/TRACE] [REI] [REIClientPlugin START] Reloading Section: "reloadable-plugin/FavoriteEntryTypeRegistryImpl/DefaultClientRuntimePlugin of DefaultClientRuntimePlugin [roughlyenoughitems]/" done in 6.641 ms
[16:22:08] [REI-ReloadPlugins/TRACE] [REI] [REIClientPlugin START] Reloading Section: "reloadable-plugin/FavoriteEntryTypeRegistryImpl/" done in 53.97 ms
[16:22:08] [REI-ReloadPlugins/TRACE] [REI] [REIClientPlugin START] Reloading Section: "reloadable-plugin/SubsetsRegistryImpl/"
[16:22:08] [REI-ReloadPlugins/TRACE] [REI] [REIClientPlugin START] Reloading Section: "reloadable-plugin/SubsetsRegistryImpl/DefaultClientPluginImpl of DefaultClientPluginImpl [roughlyenoughitems]/"
[16:22:08] [REI-ReloadPlugins/TRACE] [REI] [REIClientPlugin START] Reloading Section: "reloadable-plugin/SubsetsRegistryImpl/DefaultClientPluginImpl of DefaultClientPluginImpl [roughlyenoughitems]/" done in 29.40 μs
[16:22:08] [REI-ReloadPlugins/TRACE] [REI] [REIClientPlugin START] Reloading Section: "reloadable-plugin/SubsetsRegistryImpl/HideIngredientsFromTagsPlugin of HideIngredientsFromTagsPlugin [roughlyenoughitems]/"
[16:22:08] [REI-ReloadPlugins/TRACE] [REI] [REIClientPlugin START] Reloading Section: "reloadable-plugin/SubsetsRegistryImpl/HideIngredientsFromTagsPlugin of HideIngredientsFromTagsPlugin [roughlyenoughitems]/" done in 21.60 μs
[16:22:08] [REI-ReloadPlugins/TRACE] [REI] [REIClientPlugin START] Reloading Section: "reloadable-plugin/SubsetsRegistryImpl/DefaultClientRuntimePlugin of DefaultClientRuntimePlugin [roughlyenoughitems]/"
[16:22:08] [REI-ReloadPlugins/TRACE] [REI] [REIClientPlugin START] Reloading Section: "reloadable-plugin/SubsetsRegistryImpl/DefaultClientRuntimePlugin of DefaultClientRuntimePlugin [roughlyenoughitems]/" done in 24.80 μs
[16:22:08] [REI-ReloadPlugins/TRACE] [REI] [REIClientPlugin START] Reloading Section: "reloadable-plugin/SubsetsRegistryImpl/" done in 277.6 μs
[16:22:08] [REI-ReloadPlugins/TRACE] [REI] [REIClientPlugin START] Reloading Section: "reloadable-plugin/TransferHandlerRegistryImpl/"
[16:22:08] [REI-ReloadPlugins/TRACE] [REI] [REIClientPlugin START] Reloading Section: "reloadable-plugin/TransferHandlerRegistryImpl/DefaultClientPluginImpl of DefaultClientPluginImpl [roughlyenoughitems]/"
[16:22:08] [REI-ReloadPlugins/TRACE] [REI] [REIClientPlugin START] Reloading Section: "reloadable-plugin/TransferHandlerRegistryImpl/DefaultClientPluginImpl of DefaultClientPluginImpl [roughlyenoughitems]/" done in 21.30 μs
[16:22:08] [REI-ReloadPlugins/TRACE] [REI] [REIClientPlugin START] Reloading Section: "reloadable-plugin/TransferHandlerRegistryImpl/HideIngredientsFromTagsPlugin of HideIngredientsFromTagsPlugin [roughlyenoughitems]/"
[16:22:08] [REI-ReloadPlugins/TRACE] [REI] [REIClientPlugin START] Reloading Section: "reloadable-plugin/TransferHandlerRegistryImpl/HideIngredientsFromTagsPlugin of HideIngredientsFromTagsPlugin [roughlyenoughitems]/" done in 28.70 μs
[16:22:08] [REI-ReloadPlugins/TRACE] [REI] [REIClientPlugin START] Reloading Section: "reloadable-plugin/TransferHandlerRegistryImpl/DefaultClientRuntimePlugin of DefaultClientRuntimePlugin [roughlyenoughitems]/"
[16:22:08] [REI-ReloadPlugins/TRACE] [REI] [REIClientPlugin START] Reloading Section: "reloadable-plugin/TransferHandlerRegistryImpl/DefaultClientRuntimePlugin of DefaultClientRuntimePlugin [roughlyenoughitems]/" done in 31.40 μs
[16:22:08] [REI-ReloadPlugins/TRACE] [REI] [REIClientPlugin START] Reloading Section: "reloadable-plugin/TransferHandlerRegistryImpl/" done in 277.9 μs
[16:22:08] [REI-ReloadPlugins/TRACE] [REI] [REIClientPlugin START] Reloading Section: "reloadable-plugin/SearchRuntime/"
[16:22:08] [REI-ReloadPlugins/TRACE] [REI] [REIClientPlugin START] Reloading Section: "reloadable-plugin/SearchRuntime/DefaultClientPluginImpl of DefaultClientPluginImpl [roughlyenoughitems]/"
[16:22:08] [REI-ReloadPlugins/TRACE] [REI] [REIClientPlugin START] Reloading Section: "reloadable-plugin/SearchRuntime/DefaultClientPluginImpl of DefaultClientPluginImpl [roughlyenoughitems]/" done in 22.30 μs
[16:22:08] [REI-ReloadPlugins/TRACE] [REI] [REIClientPlugin START] Reloading Section: "reloadable-plugin/SearchRuntime/HideIngredientsFromTagsPlugin of HideIngredientsFromTagsPlugin [roughlyenoughitems]/"
[16:22:08] [REI-ReloadPlugins/TRACE] [REI] [REIClientPlugin START] Reloading Section: "reloadable-plugin/SearchRuntime/HideIngredientsFromTagsPlugin of HideIngredientsFromTagsPlugin [roughlyenoughitems]/" done in 20.60 μs
[16:22:08] [REI-ReloadPlugins/TRACE] [REI] [REIClientPlugin START] Reloading Section: "reloadable-plugin/SearchRuntime/DefaultClientRuntimePlugin of DefaultClientRuntimePlugin [roughlyenoughitems]/"
[16:22:08] [REI-ReloadPlugins/TRACE] [REI] [REIClientPlugin START] Reloading Section: "reloadable-plugin/SearchRuntime/DefaultClientRuntimePlugin of DefaultClientRuntimePlugin [roughlyenoughitems]/" done in 19.50 μs
[16:22:08] [REI-ReloadPlugins/TRACE] [REI] [REIClientPlugin START] Reloading Section: "reloadable-plugin/SearchRuntime/" done in 223.7 μs
[16:22:08] [REI-ReloadPlugins/TRACE] [REI] [REIClientPlugin START] Reloading Section: "reloadable-plugin/REIRuntimeImpl/"
[16:22:08] [REI-ReloadPlugins/TRACE] [REI] [REIClientPlugin START] Reloading Section: "reloadable-plugin/REIRuntimeImpl/DefaultClientPluginImpl of DefaultClientPluginImpl [roughlyenoughitems]/"
[16:22:08] [REI-ReloadPlugins/TRACE] [REI] [REIClientPlugin START] Reloading Section: "reloadable-plugin/REIRuntimeImpl/DefaultClientPluginImpl of DefaultClientPluginImpl [roughlyenoughitems]/" done in 30.90 μs
[16:22:08] [REI-ReloadPlugins/TRACE] [REI] [REIClientPlugin START] Reloading Section: "reloadable-plugin/REIRuntimeImpl/HideIngredientsFromTagsPlugin of HideIngredientsFromTagsPlugin [roughlyenoughitems]/"
[16:22:08] [REI-ReloadPlugins/TRACE] [REI] [REIClientPlugin START] Reloading Section: "reloadable-plugin/REIRuntimeImpl/HideIngredientsFromTagsPlugin of HideIngredientsFromTagsPlugin [roughlyenoughitems]/" done in 28.30 μs
[16:22:08] [REI-ReloadPlugins/TRACE] [REI] [REIClientPlugin START] Reloading Section: "reloadable-plugin/REIRuntimeImpl/DefaultClientRuntimePlugin of DefaultClientRuntimePlugin [roughlyenoughitems]/"
[16:22:08] [REI-ReloadPlugins/TRACE] [REI] [REIClientPlugin START] Reloading Section: "reloadable-plugin/REIRuntimeImpl/DefaultClientRuntimePlugin of DefaultClientRuntimePlugin [roughlyenoughitems]/" done in 20.70 μs
[16:22:08] [REI-ReloadPlugins/TRACE] [REI] [REIClientPlugin START] Reloading Section: "reloadable-plugin/REIRuntimeImpl/" done in 264.1 μs
[16:22:08] [REI-ReloadPlugins/TRACE] [REI] [REIClientPlugin START] Reloading Section: "reloadable-plugin/ConfigAddonRegistryImpl/"
[16:22:08] [REI-ReloadPlugins/TRACE] [REI] [REIClientPlugin START] Reloading Section: "reloadable-plugin/ConfigAddonRegistryImpl/DefaultClientPluginImpl of DefaultClientPluginImpl [roughlyenoughitems]/"
[16:22:08] [REI-ReloadPlugins/TRACE] [REI] [REIClientPlugin START] Reloading Section: "reloadable-plugin/ConfigAddonRegistryImpl/DefaultClientPluginImpl of DefaultClientPluginImpl [roughlyenoughitems]/" done in 35.40 μs
[16:22:08] [REI-ReloadPlugins/TRACE] [REI] [REIClientPlugin START] Reloading Section: "reloadable-plugin/ConfigAddonRegistryImpl/HideIngredientsFromTagsPlugin of HideIngredientsFromTagsPlugin [roughlyenoughitems]/"
[16:22:08] [REI-ReloadPlugins/TRACE] [REI] [REIClientPlugin START] Reloading Section: "reloadable-plugin/ConfigAddonRegistryImpl/HideIngredientsFromTagsPlugin of HideIngredientsFromTagsPlugin [roughlyenoughitems]/" done in 19.80 μs
[16:22:08] [REI-ReloadPlugins/TRACE] [REI] [REIClientPlugin START] Reloading Section: "reloadable-plugin/ConfigAddonRegistryImpl/DefaultClientRuntimePlugin of DefaultClientRuntimePlugin [roughlyenoughitems]/"
[16:22:08] [REI-ReloadPlugins/TRACE] [REI] [REIClientPlugin START] Reloading Section: "reloadable-plugin/ConfigAddonRegistryImpl/DefaultClientRuntimePlugin of DefaultClientRuntimePlugin [roughlyenoughitems]/" done in 20.50 μs
[16:22:08] [REI-ReloadPlugins/TRACE] [REI] [REIClientPlugin START] Reloading Section: "reloadable-plugin/ConfigAddonRegistryImpl/" done in 223.2 μs
[16:22:08] [REI-ReloadPlugins/TRACE] [REI] [REIClientPlugin START] Reloading Section: "reloadable-plugin/me.shedaniel.rei.plugin.client.runtime.PluginStageExecutionWatcher$1/"
[16:22:08] [REI-ReloadPlugins/TRACE] [REI] [REIClientPlugin START] Reloading Section: "reloadable-plugin/me.shedaniel.rei.plugin.client.runtime.PluginStageExecutionWatcher$1/DefaultClientPluginImpl of DefaultClientPluginImpl [roughlyenoughitems]/"
[16:22:08] [REI-ReloadPlugins/TRACE] [REI] [REIClientPlugin START] Reloading Section: "reloadable-plugin/me.shedaniel.rei.plugin.client.runtime.PluginStageExecutionWatcher$1/DefaultClientPluginImpl of DefaultClientPluginImpl [roughlyenoughitems]/" done in 20.00 μs
[16:22:08] [REI-ReloadPlugins/TRACE] [REI] [REIClientPlugin START] Reloading Section: "reloadable-plugin/me.shedaniel.rei.plugin.client.runtime.PluginStageExecutionWatcher$1/HideIngredientsFromTagsPlugin of HideIngredientsFromTagsPlugin [roughlyenoughitems]/"
[16:22:08] [REI-ReloadPlugins/TRACE] [REI] [REIClientPlugin START] Reloading Section: "reloadable-plugin/me.shedaniel.rei.plugin.client.runtime.PluginStageExecutionWatcher$1/HideIngredientsFromTagsPlugin of HideIngredientsFromTagsPlugin [roughlyenoughitems]/" done in 18.60 μs
[16:22:08] [REI-ReloadPlugins/TRACE] [REI] [REIClientPlugin START] Reloading Section: "reloadable-plugin/me.shedaniel.rei.plugin.client.runtime.PluginStageExecutionWatcher$1/DefaultClientRuntimePlugin of DefaultClientRuntimePlugin [roughlyenoughitems]/"
[16:22:08] [REI-ReloadPlugins/TRACE] [REI] [REIClientPlugin START] Reloading Section: "reloadable-plugin/me.shedaniel.rei.plugin.client.runtime.PluginStageExecutionWatcher$1/DefaultClientRuntimePlugin of DefaultClientRuntimePlugin [roughlyenoughitems]/" done in 22.90 μs
[16:22:08] [REI-ReloadPlugins/TRACE] [REI] [REIClientPlugin START] Reloading Section: "reloadable-plugin/me.shedaniel.rei.plugin.client.runtime.PluginStageExecutionWatcher$1/" done in 194.1 μs
[16:22:08] [REI-ReloadPlugins/DEBUG] [REI] ========================================
[16:22:08] [REI-ReloadPlugins/DEBUG] [REI] REIClientPlugin ending main-reload for START.
[16:22:08] [REI-ReloadPlugins/DEBUG] [REI] ========================================
[16:22:08] [REI-ReloadPlugins/TRACE] [REI] [REIClientPlugin START] Reloading Section: "end-reload/"
[16:22:08] [REI-ReloadPlugins/TRACE] [REI] [REIClientPlugin START] Reloading Section: "end-reload/EntryRendererRegistryImpl/"
[16:22:08] [REI-ReloadPlugins/TRACE] [REI] [REIClientPlugin START] Reloading Section: "end-reload/EntryRendererRegistryImpl/" done in 18.00 μs
[16:22:08] [REI-ReloadPlugins/TRACE] [REI] [REIClientPlugin START] Reloading Section: "end-reload/ViewsImpl/"
[16:22:08] [REI-ReloadPlugins/TRACE] [REI] [REIClientPlugin START] Reloading Section: "end-reload/ViewsImpl/" done in 13.30 μs
[16:22:08] [REI-ReloadPlugins/TRACE] [REI] [REIClientPlugin START] Reloading Section: "end-reload/InputMethodRegistryImpl/"
[16:22:08] [REI-ReloadPlugins/TRACE] [REI] [REIClientPlugin START] Reloading Section: "end-reload/InputMethodRegistryImpl/" done in 13.50 μs
[16:22:08] [REI-ReloadPlugins/TRACE] [REI] [REIClientPlugin START] Reloading Section: "end-reload/SearchProviderImpl/"
[16:22:08] [REI-ReloadPlugins/TRACE] [REI] [REIClientPlugin START] Reloading Section: "end-reload/SearchProviderImpl/" done in 13.40 μs
[16:22:08] [REI-ReloadPlugins/TRACE] [REI] [REIClientPlugin START] Reloading Section: "end-reload/ConfigManagerImpl/"
[16:22:08] [REI-ReloadPlugins/TRACE] [REI] [REIClientPlugin START] Reloading Section: "end-reload/ConfigManagerImpl/" done in 13.80 μs
[16:22:08] [REI-ReloadPlugins/TRACE] [REI] [REIClientPlugin START] Reloading Section: "end-reload/EntryRegistryImpl/"
[16:22:08] [REI-ReloadPlugins/DEBUG] [REI] Config saved
[16:22:08] [REI-ReloadPlugins/DEBUG] [REI] Refiltered rule [INSTANCE] in 68.30 ms.
[16:22:08] [REI-ReloadPlugins/DEBUG] [REI] Refiltered rule [INSTANCE] in 4.834 ms.
[16:22:08] [REI-ReloadPlugins/DEBUG] [REI] Refiltered rule [INSTANCE] in 2.512 ms.
[16:22:08] [REI-ReloadPlugins/DEBUG] [REI] Refiltered 1787 entries with 3 rules in 162.9 ms.
[16:22:08] [REI-ReloadPlugins/DEBUG] [REI] Computed existing filtered displays with 3 rules in 19.60 ms
[16:22:08] [REI-ReloadPlugins/DEBUG] [REI] Reloaded entry registry with 1787 entries and 1786 filtered entries
[16:22:08] [REI-ReloadPlugins/TRACE] [REI] [REIClientPlugin START] Reloading Section: "end-reload/EntryRegistryImpl/" done in 193.7 ms
[16:22:08] [REI-ReloadPlugins/TRACE] [REI] [REIClientPlugin START] Reloading Section: "end-reload/CollapsibleEntryRegistryImpl/"
[16:22:08] [REI-ReloadPlugins/TRACE] [REI] [REIClientPlugin START] Reloading Section: "end-reload/CollapsibleEntryRegistryImpl/" done in 20.20 μs
[16:22:08] [REI-ReloadPlugins/TRACE] [REI] [REIClientPlugin START] Reloading Section: "end-reload/BasicFilteringRuleImpl/"
[16:22:08] [REI-ReloadPlugins/TRACE] [REI] [REIClientPlugin START] Reloading Section: "end-reload/BasicFilteringRuleImpl/" done in 13.30 μs
[16:22:08] [REI-ReloadPlugins/TRACE] [REI] [REIClientPlugin START] Reloading Section: "end-reload/CategoryRegistryImpl/"
[16:22:08] [REI-ReloadPlugins/TRACE] [REI] [REIClientPlugin START] Reloading Section: "end-reload/CategoryRegistryImpl/" done in 11.00 μs
[16:22:08] [REI-ReloadPlugins/TRACE] [REI] [REIClientPlugin START] Reloading Section: "end-reload/DisplayRegistryImpl/"
[16:22:08] [REI-ReloadPlugins/TRACE] [REI] [REIClientPlugin START] Reloading Section: "end-reload/DisplayRegistryImpl/" done in 38.60 μs
[16:22:08] [REI-ReloadPlugins/TRACE] [REI] [REIClientPlugin START] Reloading Section: "end-reload/ScreenRegistryImpl/"
[16:22:08] [REI-ReloadPlugins/DEBUG] [REI] Registered 4 overlay deciders and 4 exclusion zones
[16:22:08] [REI-ReloadPlugins/TRACE] [REI] [REIClientPlugin START] Reloading Section: "end-reload/ScreenRegistryImpl/" done in 176.6 μs
[16:22:08] [REI-ReloadPlugins/TRACE] [REI] [REIClientPlugin START] Reloading Section: "end-reload/FavoriteEntryTypeRegistryImpl/"
[16:22:08] [REI-ReloadPlugins/DEBUG] [REI] Config saved
[16:22:08] [REI-ReloadPlugins/DEBUG] [REI] Registered 5 favorite entry types
[16:22:08] [REI-ReloadPlugins/TRACE] [REI] [REIClientPlugin START] Reloading Section: "end-reload/FavoriteEntryTypeRegistryImpl/" done in 3.699 ms
[16:22:08] [REI-ReloadPlugins/TRACE] [REI] [REIClientPlugin START] Reloading Section: "end-reload/SubsetsRegistryImpl/"
[16:22:08] [REI-ReloadPlugins/TRACE] [REI] [REIClientPlugin START] Reloading Section: "end-reload/SubsetsRegistryImpl/" done in 36.90 μs
[16:22:08] [REI-ReloadPlugins/TRACE] [REI] [REIClientPlugin START] Reloading Section: "end-reload/TransferHandlerRegistryImpl/"
[16:22:08] [REI-ReloadPlugins/TRACE] [REI] [REIClientPlugin START] Reloading Section: "end-reload/TransferHandlerRegistryImpl/" done in 20.80 μs
[16:22:08] [REI-ReloadPlugins/TRACE] [REI] [REIClientPlugin START] Reloading Section: "end-reload/SearchRuntime/"
[16:22:08] [REI-ReloadPlugins/TRACE] [REI] Preparing 12509 stacks for search arguments
[16:22:08] [REI-ReloadPlugins/TRACE] [REI] Prepared 12509 / 12509 stacks for search arguments in 184ms
[16:22:08] [REI-ReloadPlugins/DEBUG] [REI] Preparing collapsed entry groups cache with 0 entries and 1787 stacks
[16:22:08] [REI-ReloadPlugins/DEBUG] [REI] Prepared collapsed entry groups cache with 0 entries and 1787 stacks
[16:22:08] [REI-ReloadPlugins/TRACE] [REI] [REIClientPlugin START] Reloading Section: "end-reload/SearchRuntime/" done in 205.0 ms
[16:22:08] [REI-ReloadPlugins/TRACE] [REI] [REIClientPlugin START] Reloading Section: "end-reload/REIRuntimeImpl/"
[16:22:08] [REI-ReloadPlugins/TRACE] [REI] [REIClientPlugin START] Reloading Section: "end-reload/REIRuntimeImpl/" done in 935.9 μs
[16:22:08] [REI-ReloadPlugins/TRACE] [REI] [REIClientPlugin START] Reloading Section: "end-reload/ConfigAddonRegistryImpl/"
[16:22:08] [REI-ReloadPlugins/TRACE] [REI] [REIClientPlugin START] Reloading Section: "end-reload/ConfigAddonRegistryImpl/" done in 86.70 μs
[16:22:08] [REI-ReloadPlugins/TRACE] [REI] [REIClientPlugin START] Reloading Section: "end-reload/me.shedaniel.rei.plugin.client.runtime.PluginStageExecutionWatcher$1/"
[16:22:08] [REI-ReloadPlugins/TRACE] [REI] [REIClientPlugin START] Reloading Section: "end-reload/me.shedaniel.rei.plugin.client.runtime.PluginStageExecutionWatcher$1/" done in 39.70 μs
[16:22:08] [REI-ReloadPlugins/TRACE] [REI] [REIClientPlugin START] Reloading Section: "end-reload/" done in 405.6 ms
[16:22:08] [REI-ReloadPlugins/DEBUG] [REI] ========================================
[16:22:08] [REI-ReloadPlugins/DEBUG] [REI] REIClientPlugin ended main-reload for START in 708.1 ms.
[16:22:08] [REI-ReloadPlugins/DEBUG] [REI] ========================================
[16:22:08] [REI-ReloadPlugins/INFO] [REI] ########################################
[16:22:08] [REI-ReloadPlugins/INFO] [REI] REIServerPlugin starting main-reload for START.
[16:22:08] [REI-ReloadPlugins/DEBUG] [REI] Reloadables (3):
[16:22:08] [REI-ReloadPlugins/DEBUG] [REI]  - MenuInfoRegistryImpl
[16:22:08] [REI-ReloadPlugins/DEBUG] [REI]  - SlotAccessorRegistryImpl
[16:22:08] [REI-ReloadPlugins/DEBUG] [REI]  - me.shedaniel.rei.plugin.client.runtime.PluginStageExecutionWatcher$1
[16:22:08] [REI-ReloadPlugins/INFO] [REI] Plugins (2):
[16:22:08] [REI-ReloadPlugins/INFO] [REI]  - (-100,00) DefaultPluginImpl of DefaultPluginImpl [roughlyenoughitems]
[16:22:08] [REI-ReloadPlugins/INFO] [REI]  - (0,00) DefaultRuntimePlugin of DefaultRuntimePlugin [roughlyenoughitems]
[16:22:08] [REI-ReloadPlugins/INFO] [REI] ########################################
[16:22:08] [REI-ReloadPlugins/TRACE] [REI] [REIServerPlugin START] Reloading Section: "start-reload/"
[16:22:08] [REI-ReloadPlugins/TRACE] [REI] [REIServerPlugin START] Reloading Section: "start-reload/MenuInfoRegistryImpl/"
[16:22:08] [REI-ReloadPlugins/TRACE] [REI] [REIServerPlugin START] Reloading Section: "start-reload/MenuInfoRegistryImpl/" done in 36.40 μs
[16:22:08] [REI-ReloadPlugins/TRACE] [REI] [REIServerPlugin START] Reloading Section: "start-reload/SlotAccessorRegistryImpl/"
[16:22:08] [REI-ReloadPlugins/TRACE] [REI] [REIServerPlugin START] Reloading Section: "start-reload/SlotAccessorRegistryImpl/" done in 24.10 μs
[16:22:08] [REI-ReloadPlugins/TRACE] [REI] [REIServerPlugin START] Reloading Section: "start-reload/me.shedaniel.rei.plugin.client.runtime.PluginStageExecutionWatcher$1/"
[16:22:08] [REI-ReloadPlugins/TRACE] [REI] [REIServerPlugin START] Reloading Section: "start-reload/me.shedaniel.rei.plugin.client.runtime.PluginStageExecutionWatcher$1/" done in 35.40 μs
[16:22:08] [REI-ReloadPlugins/TRACE] [REI] [REIServerPlugin START] Reloading Section: "start-reload/" done in 301.2 μs
[16:22:08] [REI-ReloadPlugins/DEBUG] [REI] ========================================
[16:22:08] [REI-ReloadPlugins/DEBUG] [REI] REIServerPlugin started main-reload for START.
[16:22:08] [REI-ReloadPlugins/DEBUG] [REI] ========================================
[16:22:08] [REI-ReloadPlugins/TRACE] [REI] [REIServerPlugin START] Reloading Section: "reloadable-plugin/MenuInfoRegistryImpl/"
[16:22:08] [REI-ReloadPlugins/TRACE] [REI] [REIServerPlugin START] Reloading Section: "reloadable-plugin/MenuInfoRegistryImpl/DefaultPluginImpl of DefaultPluginImpl [roughlyenoughitems]/"
[16:22:08] [REI-ReloadPlugins/TRACE] [REI] [REIServerPlugin START] Reloading Section: "reloadable-plugin/MenuInfoRegistryImpl/DefaultPluginImpl of DefaultPluginImpl [roughlyenoughitems]/" done in 31.20 μs
[16:22:08] [REI-ReloadPlugins/TRACE] [REI] [REIServerPlugin START] Reloading Section: "reloadable-plugin/MenuInfoRegistryImpl/DefaultRuntimePlugin of DefaultRuntimePlugin [roughlyenoughitems]/"
[16:22:08] [REI-ReloadPlugins/TRACE] [REI] [REIServerPlugin START] Reloading Section: "reloadable-plugin/MenuInfoRegistryImpl/DefaultRuntimePlugin of DefaultRuntimePlugin [roughlyenoughitems]/" done in 31.00 μs
[16:22:08] [REI-ReloadPlugins/TRACE] [REI] [REIServerPlugin START] Reloading Section: "reloadable-plugin/MenuInfoRegistryImpl/" done in 198.4 μs
[16:22:08] [REI-ReloadPlugins/TRACE] [REI] [REIServerPlugin START] Reloading Section: "reloadable-plugin/SlotAccessorRegistryImpl/"
[16:22:08] [REI-ReloadPlugins/TRACE] [REI] [REIServerPlugin START] Reloading Section: "reloadable-plugin/SlotAccessorRegistryImpl/DefaultPluginImpl of DefaultPluginImpl [roughlyenoughitems]/"
[16:22:08] [REI-ReloadPlugins/TRACE] [REI] [REIServerPlugin START] Reloading Section: "reloadable-plugin/SlotAccessorRegistryImpl/DefaultPluginImpl of DefaultPluginImpl [roughlyenoughitems]/" done in 22.70 μs
[16:22:08] [REI-ReloadPlugins/TRACE] [REI] [REIServerPlugin START] Reloading Section: "reloadable-plugin/SlotAccessorRegistryImpl/DefaultRuntimePlugin of DefaultRuntimePlugin [roughlyenoughitems]/"
[16:22:08] [REI-ReloadPlugins/TRACE] [REI] [REIServerPlugin START] Reloading Section: "reloadable-plugin/SlotAccessorRegistryImpl/DefaultRuntimePlugin of DefaultRuntimePlugin [roughlyenoughitems]/" done in 15.20 μs
[16:22:08] [REI-ReloadPlugins/TRACE] [REI] [REIServerPlugin START] Reloading Section: "reloadable-plugin/SlotAccessorRegistryImpl/" done in 483.0 μs
[16:22:08] [REI-ReloadPlugins/TRACE] [REI] [REIServerPlugin START] Reloading Section: "reloadable-plugin/me.shedaniel.rei.plugin.client.runtime.PluginStageExecutionWatcher$1/"
[16:22:08] [REI-ReloadPlugins/TRACE] [REI] [REIServerPlugin START] Reloading Section: "reloadable-plugin/me.shedaniel.rei.plugin.client.runtime.PluginStageExecutionWatcher$1/DefaultPluginImpl of DefaultPluginImpl [roughlyenoughitems]/"
[16:22:08] [REI-ReloadPlugins/TRACE] [REI] [REIServerPlugin START] Reloading Section: "reloadable-plugin/me.shedaniel.rei.plugin.client.runtime.PluginStageExecutionWatcher$1/DefaultPluginImpl of DefaultPluginImpl [roughlyenoughitems]/" done in 27.10 μs
[16:22:08] [REI-ReloadPlugins/TRACE] [REI] [REIServerPlugin START] Reloading Section: "reloadable-plugin/me.shedaniel.rei.plugin.client.runtime.PluginStageExecutionWatcher$1/DefaultRuntimePlugin of DefaultRuntimePlugin [roughlyenoughitems]/"
[16:22:08] [REI-ReloadPlugins/TRACE] [REI] [REIServerPlugin START] Reloading Section: "reloadable-plugin/me.shedaniel.rei.plugin.client.runtime.PluginStageExecutionWatcher$1/DefaultRuntimePlugin of DefaultRuntimePlugin [roughlyenoughitems]/" done in 17.30 μs
[16:22:08] [REI-ReloadPlugins/TRACE] [REI] [REIServerPlugin START] Reloading Section: "reloadable-plugin/me.shedaniel.rei.plugin.client.runtime.PluginStageExecutionWatcher$1/" done in 150.3 μs
[16:22:08] [REI-ReloadPlugins/DEBUG] [REI] ========================================
[16:22:08] [REI-ReloadPlugins/DEBUG] [REI] REIServerPlugin ending main-reload for START.
[16:22:08] [REI-ReloadPlugins/DEBUG] [REI] ========================================
[16:22:08] [REI-ReloadPlugins/TRACE] [REI] [REIServerPlugin START] Reloading Section: "end-reload/"
[16:22:08] [REI-ReloadPlugins/TRACE] [REI] [REIServerPlugin START] Reloading Section: "end-reload/MenuInfoRegistryImpl/"
[16:22:08] [REI-ReloadPlugins/TRACE] [REI] [REIServerPlugin START] Reloading Section: "end-reload/MenuInfoRegistryImpl/" done in 17.60 μs
[16:22:08] [REI-ReloadPlugins/TRACE] [REI] [REIServerPlugin START] Reloading Section: "end-reload/SlotAccessorRegistryImpl/"
[16:22:08] [REI-ReloadPlugins/TRACE] [REI] [REIServerPlugin START] Reloading Section: "end-reload/SlotAccessorRegistryImpl/" done in 18.10 μs
[16:22:08] [REI-ReloadPlugins/TRACE] [REI] [REIServerPlugin START] Reloading Section: "end-reload/me.shedaniel.rei.plugin.client.runtime.PluginStageExecutionWatcher$1/"
[16:22:08] [REI-ReloadPlugins/TRACE] [REI] [REIServerPlugin START] Reloading Section: "end-reload/me.shedaniel.rei.plugin.client.runtime.PluginStageExecutionWatcher$1/" done in 16.70 μs
[16:22:08] [REI-ReloadPlugins/TRACE] [REI] [REIServerPlugin START] Reloading Section: "end-reload/" done in 168.3 μs
[16:22:08] [REI-ReloadPlugins/DEBUG] [REI] ========================================
[16:22:08] [REI-ReloadPlugins/DEBUG] [REI] REIServerPlugin ended main-reload for START in 2.948 ms.
[16:22:08] [REI-ReloadPlugins/DEBUG] [REI] ========================================
[16:22:08] [REI-ReloadPlugins/DEBUG] [REI] ========================================
[16:22:08] [REI-ReloadPlugins/DEBUG] [REI] REIPlugin starting post-reload for START.
[16:22:08] [REI-ReloadPlugins/DEBUG] [REI] Reloadables (8):
[16:22:08] [REI-ReloadPlugins/DEBUG] [REI]  - EntryTypeRegistryImpl
[16:22:08] [REI-ReloadPlugins/DEBUG] [REI]  - EntrySettingsAdapterRegistryImpl
[16:22:08] [REI-ReloadPlugins/DEBUG] [REI]  - RecipeManagerContextImpl
[16:22:08] [REI-ReloadPlugins/DEBUG] [REI]  - ItemComparatorRegistryImpl
[16:22:08] [REI-ReloadPlugins/DEBUG] [REI]  - FluidComparatorRegistryImpl
[16:22:08] [REI-ReloadPlugins/DEBUG] [REI]  - DisplaySerializerRegistryImpl
[16:22:08] [REI-ReloadPlugins/DEBUG] [REI]  - FluidSupportProviderImpl
[16:22:08] [REI-ReloadPlugins/DEBUG] [REI]  - me.shedaniel.rei.plugin.client.runtime.PluginStageExecutionWatcher$1
[16:22:08] [REI-ReloadPlugins/DEBUG] [REI] Plugins (5):
[16:22:08] [REI-ReloadPlugins/DEBUG] [REI]  - (-100,00) DefaultClientPluginImpl of DefaultClientPluginImpl [roughlyenoughitems]
[16:22:08] [REI-ReloadPlugins/DEBUG] [REI]  - (-100,00) DefaultPluginImpl of DefaultPluginImpl [roughlyenoughitems]
[16:22:08] [REI-ReloadPlugins/DEBUG] [REI]  - (0,00) HideIngredientsFromTagsPlugin of HideIngredientsFromTagsPlugin [roughlyenoughitems]
[16:22:08] [REI-ReloadPlugins/DEBUG] [REI]  - (0,00) DefaultClientRuntimePlugin of DefaultClientRuntimePlugin [roughlyenoughitems]
[16:22:08] [REI-ReloadPlugins/DEBUG] [REI]  - (0,00) DefaultRuntimePlugin of DefaultRuntimePlugin [roughlyenoughitems]
[16:22:08] [REI-ReloadPlugins/DEBUG] [REI] ========================================
[16:22:08] [REI-ReloadPlugins/TRACE] [REI] [REIPlugin START] Reloading Section: "post-register/"
[16:22:08] [REI-ReloadPlugins/TRACE] [REI] [REIPlugin START] Reloading Section: "post-register/DefaultClientPluginImpl of DefaultClientPluginImpl [roughlyenoughitems]/"
[16:22:08] [REI-ReloadPlugins/TRACE] [REI] [REIPlugin START] Reloading Section: "post-register/DefaultClientPluginImpl of DefaultClientPluginImpl [roughlyenoughitems]/" done in 1.745 ms
[16:22:08] [REI-ReloadPlugins/TRACE] [REI] [REIPlugin START] Reloading Section: "post-register/DefaultPluginImpl of DefaultPluginImpl [roughlyenoughitems]/"
[16:22:08] [REI-ReloadPlugins/TRACE] [REI] [REIPlugin START] Reloading Section: "post-register/DefaultPluginImpl of DefaultPluginImpl [roughlyenoughitems]/" done in 36.80 μs
[16:22:08] [REI-ReloadPlugins/TRACE] [REI] [REIPlugin START] Reloading Section: "post-register/HideIngredientsFromTagsPlugin of HideIngredientsFromTagsPlugin [roughlyenoughitems]/"
[16:22:08] [REI-ReloadPlugins/TRACE] [REI] [REIPlugin START] Reloading Section: "post-register/HideIngredientsFromTagsPlugin of HideIngredientsFromTagsPlugin [roughlyenoughitems]/" done in 26.80 μs
[16:22:08] [REI-ReloadPlugins/TRACE] [REI] [REIPlugin START] Reloading Section: "post-register/DefaultClientRuntimePlugin of DefaultClientRuntimePlugin [roughlyenoughitems]/"
[16:22:08] [REI-ReloadPlugins/TRACE] [REI] [REIPlugin START] Reloading Section: "post-register/DefaultClientRuntimePlugin of DefaultClientRuntimePlugin [roughlyenoughitems]/" done in 22.20 μs
[16:22:08] [REI-ReloadPlugins/TRACE] [REI] [REIPlugin START] Reloading Section: "post-register/DefaultRuntimePlugin of DefaultRuntimePlugin [roughlyenoughitems]/"
[16:22:08] [REI-ReloadPlugins/TRACE] [REI] [REIPlugin START] Reloading Section: "post-register/DefaultRuntimePlugin of DefaultRuntimePlugin [roughlyenoughitems]/" done in 19.40 μs
[16:22:08] [REI-ReloadPlugins/TRACE] [REI] [REIPlugin START] Reloading Section: "post-register/" done in 4.090 ms
[16:22:08] [REI-ReloadPlugins/TRACE] [REI] [REIPlugin START] Reloading Section: "post-stage/"
[16:22:08] [REI-ReloadPlugins/TRACE] [REI] [REIPlugin START] Reloading Section: "post-stage/EntryTypeRegistryImpl/"
[16:22:08] [REI-ReloadPlugins/TRACE] [REI] [REIPlugin START] Reloading Section: "post-stage/EntryTypeRegistryImpl/" done in 47.10 μs
[16:22:08] [REI-ReloadPlugins/TRACE] [REI] [REIPlugin START] Reloading Section: "post-stage/EntrySettingsAdapterRegistryImpl/"
[16:22:08] [REI-ReloadPlugins/TRACE] [REI] [REIPlugin START] Reloading Section: "post-stage/EntrySettingsAdapterRegistryImpl/" done in 34.70 μs
[16:22:08] [REI-ReloadPlugins/TRACE] [REI] [REIPlugin START] Reloading Section: "post-stage/RecipeManagerContextImpl/"
[16:22:08] [REI-ReloadPlugins/TRACE] [REI] [REIPlugin START] Reloading Section: "post-stage/RecipeManagerContextImpl/" done in 17.10 μs
[16:22:08] [REI-ReloadPlugins/TRACE] [REI] [REIPlugin START] Reloading Section: "post-stage/ItemComparatorRegistryImpl/"
[16:22:08] [REI-ReloadPlugins/TRACE] [REI] [REIPlugin START] Reloading Section: "post-stage/ItemComparatorRegistryImpl/" done in 15.30 μs
[16:22:08] [REI-ReloadPlugins/TRACE] [REI] [REIPlugin START] Reloading Section: "post-stage/FluidComparatorRegistryImpl/"
[16:22:08] [REI-ReloadPlugins/TRACE] [REI] [REIPlugin START] Reloading Section: "post-stage/FluidComparatorRegistryImpl/" done in 14.00 μs
[16:22:08] [REI-ReloadPlugins/TRACE] [REI] [REIPlugin START] Reloading Section: "post-stage/DisplaySerializerRegistryImpl/"
[16:22:08] [REI-ReloadPlugins/TRACE] [REI] [REIPlugin START] Reloading Section: "post-stage/DisplaySerializerRegistryImpl/" done in 80.70 μs
[16:22:08] [REI-ReloadPlugins/TRACE] [REI] [REIPlugin START] Reloading Section: "post-stage/FluidSupportProviderImpl/"
[16:22:08] [REI-ReloadPlugins/TRACE] [REI] [REIPlugin START] Reloading Section: "post-stage/FluidSupportProviderImpl/" done in 20.40 μs
[16:22:08] [REI-ReloadPlugins/TRACE] [REI] [REIPlugin START] Reloading Section: "post-stage/me.shedaniel.rei.plugin.client.runtime.PluginStageExecutionWatcher$1/"
[16:22:08] [REI-ReloadPlugins/TRACE] [REI] [REIPlugin START] Reloading Section: "post-stage/me.shedaniel.rei.plugin.client.runtime.PluginStageExecutionWatcher$1/" done in 44.10 μs
[16:22:08] [REI-ReloadPlugins/TRACE] [REI] [REIPlugin START] Reloading Section: "post-stage/" done in 860.4 μs
[16:22:08] [REI-ReloadPlugins/DEBUG] [REI] ========================================
[16:22:08] [REI-ReloadPlugins/INFO] [REI] REIPlugin finished post-reload for START in 5.026 ms, totaling 268.6 ms.
[16:22:08] [REI-ReloadPlugins/DEBUG] [REI] ========================================
[16:22:08] [REI-ReloadPlugins/DEBUG] [REI] ========================================
[16:22:08] [REI-ReloadPlugins/DEBUG] [REI] REIClientPlugin starting post-reload for START.
[16:22:08] [REI-ReloadPlugins/DEBUG] [REI] Reloadables (18):
[16:22:08] [REI-ReloadPlugins/DEBUG] [REI]  - EntryRendererRegistryImpl
[16:22:08] [REI-ReloadPlugins/DEBUG] [REI]  - ViewsImpl
[16:22:08] [REI-ReloadPlugins/DEBUG] [REI]  - InputMethodRegistryImpl
[16:22:08] [REI-ReloadPlugins/DEBUG] [REI]  - SearchProviderImpl
[16:22:08] [REI-ReloadPlugins/DEBUG] [REI]  - ConfigManagerImpl
[16:22:08] [REI-ReloadPlugins/DEBUG] [REI]  - EntryRegistryImpl
[16:22:08] [REI-ReloadPlugins/DEBUG] [REI]  - CollapsibleEntryRegistryImpl
[16:22:08] [REI-ReloadPlugins/DEBUG] [REI]  - BasicFilteringRuleImpl
[16:22:08] [REI-ReloadPlugins/DEBUG] [REI]  - CategoryRegistryImpl
[16:22:08] [REI-ReloadPlugins/DEBUG] [REI]  - DisplayRegistryImpl
[16:22:08] [REI-ReloadPlugins/DEBUG] [REI]  - ScreenRegistryImpl
[16:22:08] [REI-ReloadPlugins/DEBUG] [REI]  - FavoriteEntryTypeRegistryImpl
[16:22:08] [REI-ReloadPlugins/DEBUG] [REI]  - SubsetsRegistryImpl
[16:22:08] [REI-ReloadPlugins/DEBUG] [REI]  - TransferHandlerRegistryImpl
[16:22:08] [REI-ReloadPlugins/DEBUG] [REI]  - SearchRuntime
[16:22:08] [REI-ReloadPlugins/DEBUG] [REI]  - REIRuntimeImpl
[16:22:08] [REI-ReloadPlugins/DEBUG] [REI]  - ConfigAddonRegistryImpl
[16:22:08] [REI-ReloadPlugins/DEBUG] [REI]  - me.shedaniel.rei.plugin.client.runtime.PluginStageExecutionWatcher$1
[16:22:08] [REI-ReloadPlugins/DEBUG] [REI] Plugins (3):
[16:22:08] [REI-ReloadPlugins/DEBUG] [REI]  - (-100,00) DefaultClientPluginImpl of DefaultClientPluginImpl [roughlyenoughitems]
[16:22:08] [REI-ReloadPlugins/DEBUG] [REI]  - (0,00) HideIngredientsFromTagsPlugin of HideIngredientsFromTagsPlugin [roughlyenoughitems]
[16:22:08] [REI-ReloadPlugins/DEBUG] [REI]  - (0,00) DefaultClientRuntimePlugin of DefaultClientRuntimePlugin [roughlyenoughitems]
[16:22:08] [REI-ReloadPlugins/DEBUG] [REI] ========================================
[16:22:08] [REI-ReloadPlugins/TRACE] [REI] [REIClientPlugin START] Reloading Section: "post-register/"
[16:22:08] [REI-ReloadPlugins/TRACE] [REI] [REIClientPlugin START] Reloading Section: "post-register/DefaultClientPluginImpl of DefaultClientPluginImpl [roughlyenoughitems]/"
[16:22:08] [REI-ReloadPlugins/TRACE] [REI] [REIClientPlugin START] Reloading Section: "post-register/DefaultClientPluginImpl of DefaultClientPluginImpl [roughlyenoughitems]/" done in 35.20 μs
[16:22:08] [REI-ReloadPlugins/TRACE] [REI] [REIClientPlugin START] Reloading Section: "post-register/HideIngredientsFromTagsPlugin of HideIngredientsFromTagsPlugin [roughlyenoughitems]/"
[16:22:08] [REI-ReloadPlugins/TRACE] [REI] [REIClientPlugin START] Reloading Section: "post-register/HideIngredientsFromTagsPlugin of HideIngredientsFromTagsPlugin [roughlyenoughitems]/" done in 25.80 μs
[16:22:08] [REI-ReloadPlugins/TRACE] [REI] [REIClientPlugin START] Reloading Section: "post-register/DefaultClientRuntimePlugin of DefaultClientRuntimePlugin [roughlyenoughitems]/"
[16:22:08] [REI-ReloadPlugins/TRACE] [REI] [REIClientPlugin START] Reloading Section: "post-register/DefaultClientRuntimePlugin of DefaultClientRuntimePlugin [roughlyenoughitems]/" done in 20.80 μs
[16:22:08] [REI-ReloadPlugins/TRACE] [REI] [REIClientPlugin START] Reloading Section: "post-register/" done in 309.4 μs
[16:22:08] [REI-ReloadPlugins/TRACE] [REI] [REIClientPlugin START] Reloading Section: "post-stage/"
[16:22:08] [REI-ReloadPlugins/TRACE] [REI] [REIClientPlugin START] Reloading Section: "post-stage/EntryRendererRegistryImpl/"
[16:22:08] [REI-ReloadPlugins/TRACE] [REI] [REIClientPlugin START] Reloading Section: "post-stage/EntryRendererRegistryImpl/" done in 17.30 μs
[16:22:08] [REI-ReloadPlugins/TRACE] [REI] [REIClientPlugin START] Reloading Section: "post-stage/ViewsImpl/"
[16:22:08] [REI-ReloadPlugins/TRACE] [REI] [REIClientPlugin START] Reloading Section: "post-stage/ViewsImpl/" done in 36.30 μs
[16:22:08] [REI-ReloadPlugins/TRACE] [REI] [REIClientPlugin START] Reloading Section: "post-stage/InputMethodRegistryImpl/"
[16:22:08] [REI-ReloadPlugins/TRACE] [REI] [REIClientPlugin START] Reloading Section: "post-stage/InputMethodRegistryImpl/" done in 21.20 μs
[16:22:08] [REI-ReloadPlugins/TRACE] [REI] [REIClientPlugin START] Reloading Section: "post-stage/SearchProviderImpl/"
[16:22:08] [REI-ReloadPlugins/TRACE] [REI] [REIClientPlugin START] Reloading Section: "post-stage/SearchProviderImpl/" done in 23.90 μs
[16:22:08] [REI-ReloadPlugins/TRACE] [REI] [REIClientPlugin START] Reloading Section: "post-stage/ConfigManagerImpl/"
[16:22:08] [REI-ReloadPlugins/TRACE] [REI] [REIClientPlugin START] Reloading Section: "post-stage/ConfigManagerImpl/" done in 14.70 μs
[16:22:08] [REI-ReloadPlugins/TRACE] [REI] [REIClientPlugin START] Reloading Section: "post-stage/EntryRegistryImpl/"
[16:22:08] [REI-ReloadPlugins/TRACE] [REI] [REIClientPlugin START] Reloading Section: "post-stage/EntryRegistryImpl/" done in 15.30 μs
[16:22:08] [REI-ReloadPlugins/TRACE] [REI] [REIClientPlugin START] Reloading Section: "post-stage/CollapsibleEntryRegistryImpl/"
[16:22:08] [REI-ReloadPlugins/TRACE] [REI] [REIClientPlugin START] Reloading Section: "post-stage/CollapsibleEntryRegistryImpl/" done in 16.20 μs
[16:22:08] [REI-ReloadPlugins/TRACE] [REI] [REIClientPlugin START] Reloading Section: "post-stage/BasicFilteringRuleImpl/"
[16:22:08] [REI-ReloadPlugins/TRACE] [REI] [REIClientPlugin START] Reloading Section: "post-stage/BasicFilteringRuleImpl/" done in 14.10 μs
[16:22:08] [REI-ReloadPlugins/TRACE] [REI] [REIClientPlugin START] Reloading Section: "post-stage/CategoryRegistryImpl/"
[16:22:08] [REI-ReloadPlugins/TRACE] [REI] [REIClientPlugin START] Reloading Section: "post-stage/CategoryRegistryImpl/" done in 13.40 μs
[16:22:08] [REI-ReloadPlugins/TRACE] [REI] [REIClientPlugin START] Reloading Section: "post-stage/DisplayRegistryImpl/"
[16:22:08] [REI-ReloadPlugins/TRACE] [REI] [REIClientPlugin START] Reloading Section: "post-stage/DisplayRegistryImpl/" done in 25.40 μs
[16:22:08] [REI-ReloadPlugins/TRACE] [REI] [REIClientPlugin START] Reloading Section: "post-stage/ScreenRegistryImpl/"
[16:22:08] [REI-ReloadPlugins/TRACE] [REI] [REIClientPlugin START] Reloading Section: "post-stage/ScreenRegistryImpl/" done in 16.40 μs
[16:22:08] [REI-ReloadPlugins/TRACE] [REI] [REIClientPlugin START] Reloading Section: "post-stage/FavoriteEntryTypeRegistryImpl/"
[16:22:08] [REI-ReloadPlugins/TRACE] [REI] [REIClientPlugin START] Reloading Section: "post-stage/FavoriteEntryTypeRegistryImpl/" done in 21.40 μs
[16:22:08] [REI-ReloadPlugins/TRACE] [REI] [REIClientPlugin START] Reloading Section: "post-stage/SubsetsRegistryImpl/"
[16:22:08] [REI-ReloadPlugins/TRACE] [REI] [REIClientPlugin START] Reloading Section: "post-stage/SubsetsRegistryImpl/" done in 15.60 μs
[16:22:08] [REI-ReloadPlugins/TRACE] [REI] [REIClientPlugin START] Reloading Section: "post-stage/TransferHandlerRegistryImpl/"
[16:22:08] [REI-ReloadPlugins/TRACE] [REI] [REIClientPlugin START] Reloading Section: "post-stage/TransferHandlerRegistryImpl/" done in 9.800 μs
[16:22:08] [REI-ReloadPlugins/TRACE] [REI] [REIClientPlugin START] Reloading Section: "post-stage/SearchRuntime/"
[16:22:08] [REI-ReloadPlugins/TRACE] [REI] [REIClientPlugin START] Reloading Section: "post-stage/SearchRuntime/" done in 9.800 μs
[16:22:08] [REI-ReloadPlugins/TRACE] [REI] [REIClientPlugin START] Reloading Section: "post-stage/REIRuntimeImpl/"
[16:22:08] [REI-ReloadPlugins/TRACE] [REI] [REIClientPlugin START] Reloading Section: "post-stage/REIRuntimeImpl/" done in 9.700 μs
[16:22:08] [REI-ReloadPlugins/TRACE] [REI] [REIClientPlugin START] Reloading Section: "post-stage/ConfigAddonRegistryImpl/"
[16:22:08] [REI-ReloadPlugins/TRACE] [REI] [REIClientPlugin START] Reloading Section: "post-stage/ConfigAddonRegistryImpl/" done in 17.60 μs
[16:22:08] [REI-ReloadPlugins/TRACE] [REI] [REIClientPlugin START] Reloading Section: "post-stage/me.shedaniel.rei.plugin.client.runtime.PluginStageExecutionWatcher$1/"
[16:22:08] [REI-ReloadPlugins/TRACE] [REI] [REIClientPlugin START] Reloading Section: "post-stage/me.shedaniel.rei.plugin.client.runtime.PluginStageExecutionWatcher$1/" done in 21.50 μs
[16:22:08] [REI-ReloadPlugins/TRACE] [REI] [REIClientPlugin START] Reloading Section: "post-stage/" done in 1.273 ms
[16:22:08] [REI-ReloadPlugins/DEBUG] [REI] ========================================
[16:22:08] [REI-ReloadPlugins/INFO] [REI] REIClientPlugin finished post-reload for START in 1.628 ms, totaling 712.2 ms.
[16:22:08] [REI-ReloadPlugins/DEBUG] [REI] ========================================
[16:22:08] [REI-ReloadPlugins/DEBUG] [REI] ========================================
[16:22:08] [REI-ReloadPlugins/DEBUG] [REI] REIServerPlugin starting post-reload for START.
[16:22:08] [REI-ReloadPlugins/DEBUG] [REI] Reloadables (3):
[16:22:08] [REI-ReloadPlugins/DEBUG] [REI]  - MenuInfoRegistryImpl
[16:22:08] [REI-ReloadPlugins/DEBUG] [REI]  - SlotAccessorRegistryImpl
[16:22:08] [REI-ReloadPlugins/DEBUG] [REI]  - me.shedaniel.rei.plugin.client.runtime.PluginStageExecutionWatcher$1
[16:22:08] [REI-ReloadPlugins/DEBUG] [REI] Plugins (2):
[16:22:08] [REI-ReloadPlugins/DEBUG] [REI]  - (-100,00) DefaultPluginImpl of DefaultPluginImpl [roughlyenoughitems]
[16:22:08] [REI-ReloadPlugins/DEBUG] [REI]  - (0,00) DefaultRuntimePlugin of DefaultRuntimePlugin [roughlyenoughitems]
[16:22:08] [REI-ReloadPlugins/DEBUG] [REI] ========================================
[16:22:08] [REI-ReloadPlugins/TRACE] [REI] [REIServerPlugin START] Reloading Section: "post-register/"
[16:22:08] [REI-ReloadPlugins/TRACE] [REI] [REIServerPlugin START] Reloading Section: "post-register/DefaultPluginImpl of DefaultPluginImpl [roughlyenoughitems]/"
[16:22:08] [REI-ReloadPlugins/TRACE] [REI] [REIServerPlugin START] Reloading Section: "post-register/DefaultPluginImpl of DefaultPluginImpl [roughlyenoughitems]/" done in 33.80 μs
[16:22:08] [REI-ReloadPlugins/TRACE] [REI] [REIServerPlugin START] Reloading Section: "post-register/DefaultRuntimePlugin of DefaultRuntimePlugin [roughlyenoughitems]/"
[16:22:08] [REI-ReloadPlugins/TRACE] [REI] [REIServerPlugin START] Reloading Section: "post-register/DefaultRuntimePlugin of DefaultRuntimePlugin [roughlyenoughitems]/" done in 23.00 μs
[16:22:08] [REI-ReloadPlugins/TRACE] [REI] [REIServerPlugin START] Reloading Section: "post-register/" done in 234.8 μs
[16:22:08] [REI-ReloadPlugins/TRACE] [REI] [REIServerPlugin START] Reloading Section: "post-stage/"
[16:22:08] [REI-ReloadPlugins/TRACE] [REI] [REIServerPlugin START] Reloading Section: "post-stage/MenuInfoRegistryImpl/"
[16:22:08] [REI-ReloadPlugins/TRACE] [REI] [REIServerPlugin START] Reloading Section: "post-stage/MenuInfoRegistryImpl/" done in 18.30 μs
[16:22:08] [REI-ReloadPlugins/TRACE] [REI] [REIServerPlugin START] Reloading Section: "post-stage/SlotAccessorRegistryImpl/"
[16:22:08] [REI-ReloadPlugins/TRACE] [REI] [REIServerPlugin START] Reloading Section: "post-stage/SlotAccessorRegistryImpl/" done in 17.30 μs
[16:22:08] [REI-ReloadPlugins/TRACE] [REI] [REIServerPlugin START] Reloading Section: "post-stage/me.shedaniel.rei.plugin.client.runtime.PluginStageExecutionWatcher$1/"
[16:22:08] [REI-ReloadPlugins/TRACE] [REI] [REIServerPlugin START] Reloading Section: "post-stage/me.shedaniel.rei.plugin.client.runtime.PluginStageExecutionWatcher$1/" done in 20.00 μs
[16:22:08] [REI-ReloadPlugins/TRACE] [REI] [REIServerPlugin START] Reloading Section: "post-stage/" done in 175.9 μs
[16:22:08] [REI-ReloadPlugins/DEBUG] [REI] ========================================
[16:22:08] [REI-ReloadPlugins/INFO] [REI] REIServerPlugin finished post-reload for START in 473.3 μs, totaling 4.876 ms.
[16:22:08] [REI-ReloadPlugins/DEBUG] [REI] ========================================
[16:22:08] [REI-ReloadPlugins/DEBUG] [REI] ========================================
[16:22:08] [REI-ReloadPlugins/DEBUG] [REI] REIPlugin starting pre-reload for END.
[16:22:08] [REI-ReloadPlugins/DEBUG] [REI] Reloadables (8):
[16:22:08] [REI-ReloadPlugins/DEBUG] [REI]  - EntryTypeRegistryImpl
[16:22:08] [REI-ReloadPlugins/DEBUG] [REI]  - EntrySettingsAdapterRegistryImpl
[16:22:08] [REI-ReloadPlugins/DEBUG] [REI]  - RecipeManagerContextImpl
[16:22:08] [REI-ReloadPlugins/DEBUG] [REI]  - ItemComparatorRegistryImpl
[16:22:08] [REI-ReloadPlugins/DEBUG] [REI]  - FluidComparatorRegistryImpl
[16:22:08] [REI-ReloadPlugins/DEBUG] [REI]  - DisplaySerializerRegistryImpl
[16:22:08] [REI-ReloadPlugins/DEBUG] [REI]  - FluidSupportProviderImpl
[16:22:08] [REI-ReloadPlugins/DEBUG] [REI]  - me.shedaniel.rei.plugin.client.runtime.PluginStageExecutionWatcher$1
[16:22:08] [REI-ReloadPlugins/DEBUG] [REI] Plugins (5):
[16:22:08] [REI-ReloadPlugins/DEBUG] [REI]  - (-100,00) DefaultClientPluginImpl of DefaultClientPluginImpl [roughlyenoughitems]
[16:22:08] [REI-ReloadPlugins/DEBUG] [REI]  - (-100,00) DefaultPluginImpl of DefaultPluginImpl [roughlyenoughitems]
[16:22:08] [REI-ReloadPlugins/DEBUG] [REI]  - (0,00) HideIngredientsFromTagsPlugin of HideIngredientsFromTagsPlugin [roughlyenoughitems]
[16:22:08] [REI-ReloadPlugins/DEBUG] [REI]  - (0,00) DefaultClientRuntimePlugin of DefaultClientRuntimePlugin [roughlyenoughitems]
[16:22:08] [REI-ReloadPlugins/DEBUG] [REI]  - (0,00) DefaultRuntimePlugin of DefaultRuntimePlugin [roughlyenoughitems]
[16:22:08] [REI-ReloadPlugins/DEBUG] [REI] ========================================
[16:22:08] [REI-ReloadPlugins/TRACE] [REI] [REIPlugin END] Reloading Section: "pre-register/"
[16:22:08] [REI-ReloadPlugins/TRACE] [REI] [REIPlugin END] Reloading Section: "pre-register/DefaultClientPluginImpl of DefaultClientPluginImpl [roughlyenoughitems]/"
[16:22:08] [REI-ReloadPlugins/TRACE] [REI] [REIPlugin END] Reloading Section: "pre-register/DefaultClientPluginImpl of DefaultClientPluginImpl [roughlyenoughitems]/" done in 33.80 μs
[16:22:08] [REI-ReloadPlugins/TRACE] [REI] [REIPlugin END] Reloading Section: "pre-register/DefaultPluginImpl of DefaultPluginImpl [roughlyenoughitems]/"
[16:22:08] [REI-ReloadPlugins/TRACE] [REI] [REIPlugin END] Reloading Section: "pre-register/DefaultPluginImpl of DefaultPluginImpl [roughlyenoughitems]/" done in 26.90 μs
[16:22:08] [REI-ReloadPlugins/TRACE] [REI] [REIPlugin END] Reloading Section: "pre-register/HideIngredientsFromTagsPlugin of HideIngredientsFromTagsPlugin [roughlyenoughitems]/"
[16:22:08] [REI-ReloadPlugins/TRACE] [REI] [REIPlugin END] Reloading Section: "pre-register/HideIngredientsFromTagsPlugin of HideIngredientsFromTagsPlugin [roughlyenoughitems]/" done in 19.90 μs
[16:22:08] [REI-ReloadPlugins/TRACE] [REI] [REIPlugin END] Reloading Section: "pre-register/DefaultClientRuntimePlugin of DefaultClientRuntimePlugin [roughlyenoughitems]/"
[16:22:08] [REI-ReloadPlugins/TRACE] [REI] [REIPlugin END] Reloading Section: "pre-register/DefaultClientRuntimePlugin of DefaultClientRuntimePlugin [roughlyenoughitems]/" done in 21.40 μs
[16:22:08] [REI-ReloadPlugins/TRACE] [REI] [REIPlugin END] Reloading Section: "pre-register/DefaultRuntimePlugin of DefaultRuntimePlugin [roughlyenoughitems]/"
[16:22:08] [REI-ReloadPlugins/TRACE] [REI] [REIPlugin END] Reloading Section: "pre-register/DefaultRuntimePlugin of DefaultRuntimePlugin [roughlyenoughitems]/" done in 16.70 μs
[16:22:08] [REI-ReloadPlugins/TRACE] [REI] [REIPlugin END] Reloading Section: "pre-register/" done in 406.7 μs
[16:22:08] [REI-ReloadPlugins/TRACE] [REI] [REIPlugin END] Reloading Section: "pre-stage/"
[16:22:08] [REI-ReloadPlugins/TRACE] [REI] [REIPlugin END] Reloading Section: "pre-stage/EntryTypeRegistryImpl/"
[16:22:08] [REI-ReloadPlugins/TRACE] [REI] [REIPlugin END] Reloading Section: "pre-stage/EntryTypeRegistryImpl/" done in 19.70 μs
[16:22:08] [REI-ReloadPlugins/TRACE] [REI] [REIPlugin END] Reloading Section: "pre-stage/EntrySettingsAdapterRegistryImpl/"
[16:22:08] [REI-ReloadPlugins/TRACE] [REI] [REIPlugin END] Reloading Section: "pre-stage/EntrySettingsAdapterRegistryImpl/" done in 42.30 μs
[16:22:08] [REI-ReloadPlugins/TRACE] [REI] [REIPlugin END] Reloading Section: "pre-stage/RecipeManagerContextImpl/"
[16:22:08] [REI-ReloadPlugins/TRACE] [REI] [REIPlugin END] Reloading Section: "pre-stage/RecipeManagerContextImpl/" done in 31.10 μs
[16:22:08] [REI-ReloadPlugins/TRACE] [REI] [REIPlugin END] Reloading Section: "pre-stage/ItemComparatorRegistryImpl/"
[16:22:08] [REI-ReloadPlugins/TRACE] [REI] [REIPlugin END] Reloading Section: "pre-stage/ItemComparatorRegistryImpl/" done in 15.90 μs
[16:22:08] [REI-ReloadPlugins/TRACE] [REI] [REIPlugin END] Reloading Section: "pre-stage/FluidComparatorRegistryImpl/"
[16:22:08] [REI-ReloadPlugins/TRACE] [REI] [REIPlugin END] Reloading Section: "pre-stage/FluidComparatorRegistryImpl/" done in 16.30 μs
[16:22:08] [REI-ReloadPlugins/TRACE] [REI] [REIPlugin END] Reloading Section: "pre-stage/DisplaySerializerRegistryImpl/"
[16:22:08] [REI-ReloadPlugins/TRACE] [REI] [REIPlugin END] Reloading Section: "pre-stage/DisplaySerializerRegistryImpl/" done in 18.80 μs
[16:22:08] [REI-ReloadPlugins/TRACE] [REI] [REIPlugin END] Reloading Section: "pre-stage/FluidSupportProviderImpl/"
[16:22:08] [REI-ReloadPlugins/TRACE] [REI] [REIPlugin END] Reloading Section: "pre-stage/FluidSupportProviderImpl/" done in 17.20 μs
[16:22:08] [REI-ReloadPlugins/TRACE] [REI] [REIPlugin END] Reloading Section: "pre-stage/me.shedaniel.rei.plugin.client.runtime.PluginStageExecutionWatcher$1/"
[16:22:08] [REI-ReloadPlugins/TRACE] [REI] [REIPlugin END] Reloading Section: "pre-stage/me.shedaniel.rei.plugin.client.runtime.PluginStageExecutionWatcher$1/" done in 28.00 μs
[16:22:08] [REI-ReloadPlugins/TRACE] [REI] [REIPlugin END] Reloading Section: "pre-stage/" done in 507.1 μs
[16:22:08] [REI-ReloadPlugins/DEBUG] [REI] ========================================
[16:22:08] [REI-ReloadPlugins/DEBUG] [REI] REIPlugin finished pre-reload for END in 969.2 μs.
[16:22:08] [REI-ReloadPlugins/DEBUG] [REI] ========================================
[16:22:08] [REI-ReloadPlugins/DEBUG] [REI] ========================================
[16:22:08] [REI-ReloadPlugins/DEBUG] [REI] REIClientPlugin starting pre-reload for END.
[16:22:08] [REI-ReloadPlugins/DEBUG] [REI] Reloadables (18):
[16:22:08] [REI-ReloadPlugins/DEBUG] [REI]  - EntryRendererRegistryImpl
[16:22:08] [REI-ReloadPlugins/DEBUG] [REI]  - ViewsImpl
[16:22:08] [REI-ReloadPlugins/DEBUG] [REI]  - InputMethodRegistryImpl
[16:22:08] [REI-ReloadPlugins/DEBUG] [REI]  - SearchProviderImpl
[16:22:08] [REI-ReloadPlugins/DEBUG] [REI]  - ConfigManagerImpl
[16:22:08] [REI-ReloadPlugins/DEBUG] [REI]  - EntryRegistryImpl
[16:22:08] [REI-ReloadPlugins/DEBUG] [REI]  - CollapsibleEntryRegistryImpl
[16:22:08] [REI-ReloadPlugins/DEBUG] [REI]  - BasicFilteringRuleImpl
[16:22:08] [REI-ReloadPlugins/DEBUG] [REI]  - CategoryRegistryImpl
[16:22:08] [REI-ReloadPlugins/DEBUG] [REI]  - DisplayRegistryImpl
[16:22:08] [REI-ReloadPlugins/DEBUG] [REI]  - ScreenRegistryImpl
[16:22:08] [REI-ReloadPlugins/DEBUG] [REI]  - FavoriteEntryTypeRegistryImpl
[16:22:08] [REI-ReloadPlugins/DEBUG] [REI]  - SubsetsRegistryImpl
[16:22:08] [REI-ReloadPlugins/DEBUG] [REI]  - TransferHandlerRegistryImpl
[16:22:08] [REI-ReloadPlugins/DEBUG] [REI]  - SearchRuntime
[16:22:08] [REI-ReloadPlugins/DEBUG] [REI]  - REIRuntimeImpl
[16:22:08] [REI-ReloadPlugins/DEBUG] [REI]  - ConfigAddonRegistryImpl
[16:22:08] [REI-ReloadPlugins/DEBUG] [REI]  - me.shedaniel.rei.plugin.client.runtime.PluginStageExecutionWatcher$1
[16:22:08] [REI-ReloadPlugins/DEBUG] [REI] Plugins (3):
[16:22:08] [REI-ReloadPlugins/DEBUG] [REI]  - (-100,00) DefaultClientPluginImpl of DefaultClientPluginImpl [roughlyenoughitems]
[16:22:08] [REI-ReloadPlugins/DEBUG] [REI]  - (0,00) HideIngredientsFromTagsPlugin of HideIngredientsFromTagsPlugin [roughlyenoughitems]
[16:22:08] [REI-ReloadPlugins/DEBUG] [REI]  - (0,00) DefaultClientRuntimePlugin of DefaultClientRuntimePlugin [roughlyenoughitems]
[16:22:08] [REI-ReloadPlugins/DEBUG] [REI] ========================================
[16:22:08] [REI-ReloadPlugins/TRACE] [REI] [REIClientPlugin END] Reloading Section: "pre-register/"
[16:22:08] [REI-ReloadPlugins/TRACE] [REI] [REIClientPlugin END] Reloading Section: "pre-register/DefaultClientPluginImpl of DefaultClientPluginImpl [roughlyenoughitems]/"
[16:22:08] [REI-ReloadPlugins/TRACE] [REI] [REIClientPlugin END] Reloading Section: "pre-register/DefaultClientPluginImpl of DefaultClientPluginImpl [roughlyenoughitems]/" done in 40.60 μs
[16:22:08] [REI-ReloadPlugins/TRACE] [REI] [REIClientPlugin END] Reloading Section: "pre-register/HideIngredientsFromTagsPlugin of HideIngredientsFromTagsPlugin [roughlyenoughitems]/"
[16:22:08] [REI-ReloadPlugins/TRACE] [REI] [REIClientPlugin END] Reloading Section: "pre-register/HideIngredientsFromTagsPlugin of HideIngredientsFromTagsPlugin [roughlyenoughitems]/" done in 29.70 μs
[16:22:08] [REI-ReloadPlugins/TRACE] [REI] [REIClientPlugin END] Reloading Section: "pre-register/DefaultClientRuntimePlugin of DefaultClientRuntimePlugin [roughlyenoughitems]/"
[16:22:08] [REI-ReloadPlugins/TRACE] [REI] [REIClientPlugin END] Reloading Section: "pre-register/DefaultClientRuntimePlugin of DefaultClientRuntimePlugin [roughlyenoughitems]/" done in 29.70 μs
[16:22:08] [REI-ReloadPlugins/TRACE] [REI] [REIClientPlugin END] Reloading Section: "pre-register/" done in 374.5 μs
[16:22:08] [REI-ReloadPlugins/TRACE] [REI] [REIClientPlugin END] Reloading Section: "pre-stage/"
[16:22:08] [REI-ReloadPlugins/TRACE] [REI] [REIClientPlugin END] Reloading Section: "pre-stage/EntryRendererRegistryImpl/"
[16:22:08] [REI-ReloadPlugins/TRACE] [REI] [REIClientPlugin END] Reloading Section: "pre-stage/EntryRendererRegistryImpl/" done in 14.70 μs
[16:22:08] [REI-ReloadPlugins/TRACE] [REI] [REIClientPlugin END] Reloading Section: "pre-stage/ViewsImpl/"
[16:22:08] [REI-ReloadPlugins/TRACE] [REI] [REIClientPlugin END] Reloading Section: "pre-stage/ViewsImpl/" done in 11.70 μs
[16:22:08] [REI-ReloadPlugins/TRACE] [REI] [REIClientPlugin END] Reloading Section: "pre-stage/InputMethodRegistryImpl/"
[16:22:08] [REI-ReloadPlugins/TRACE] [REI] [REIClientPlugin END] Reloading Section: "pre-stage/InputMethodRegistryImpl/" done in 11.60 μs
[16:22:08] [REI-ReloadPlugins/TRACE] [REI] [REIClientPlugin END] Reloading Section: "pre-stage/SearchProviderImpl/"
[16:22:08] [REI-ReloadPlugins/TRACE] [REI] [REIClientPlugin END] Reloading Section: "pre-stage/SearchProviderImpl/" done in 20.60 μs
[16:22:08] [REI-ReloadPlugins/TRACE] [REI] [REIClientPlugin END] Reloading Section: "pre-stage/ConfigManagerImpl/"
[16:22:08] [REI-ReloadPlugins/TRACE] [REI] [REIClientPlugin END] Reloading Section: "pre-stage/ConfigManagerImpl/" done in 17.00 μs
[16:22:08] [REI-ReloadPlugins/TRACE] [REI] [REIClientPlugin END] Reloading Section: "pre-stage/EntryRegistryImpl/"
[16:22:08] [REI-ReloadPlugins/TRACE] [REI] [REIClientPlugin END] Reloading Section: "pre-stage/EntryRegistryImpl/" done in 17.00 μs
[16:22:08] [REI-ReloadPlugins/TRACE] [REI] [REIClientPlugin END] Reloading Section: "pre-stage/CollapsibleEntryRegistryImpl/"
[16:22:08] [REI-ReloadPlugins/TRACE] [REI] [REIClientPlugin END] Reloading Section: "pre-stage/CollapsibleEntryRegistryImpl/" done in 17.00 μs
[16:22:08] [REI-ReloadPlugins/TRACE] [REI] [REIClientPlugin END] Reloading Section: "pre-stage/BasicFilteringRuleImpl/"
[16:22:08] [REI-ReloadPlugins/TRACE] [REI] [REIClientPlugin END] Reloading Section: "pre-stage/BasicFilteringRuleImpl/" done in 15.70 μs
[16:22:08] [REI-ReloadPlugins/TRACE] [REI] [REIClientPlugin END] Reloading Section: "pre-stage/CategoryRegistryImpl/"
[16:22:08] [REI-ReloadPlugins/TRACE] [REI] [REIClientPlugin END] Reloading Section: "pre-stage/CategoryRegistryImpl/" done in 11.10 μs
[16:22:08] [REI-ReloadPlugins/TRACE] [REI] [REIClientPlugin END] Reloading Section: "pre-stage/DisplayRegistryImpl/"
[16:22:08] [REI-ReloadPlugins/TRACE] [REI] [REIClientPlugin END] Reloading Section: "pre-stage/DisplayRegistryImpl/" done in 10.90 μs
[16:22:08] [REI-ReloadPlugins/TRACE] [REI] [REIClientPlugin END] Reloading Section: "pre-stage/ScreenRegistryImpl/"
[16:22:08] [REI-ReloadPlugins/TRACE] [REI] [REIClientPlugin END] Reloading Section: "pre-stage/ScreenRegistryImpl/" done in 13.60 μs
[16:22:08] [REI-ReloadPlugins/TRACE] [REI] [REIClientPlugin END] Reloading Section: "pre-stage/FavoriteEntryTypeRegistryImpl/"
[16:22:08] [REI-ReloadPlugins/TRACE] [REI] [REIClientPlugin END] Reloading Section: "pre-stage/FavoriteEntryTypeRegistryImpl/" done in 10.10 μs
[16:22:08] [REI-ReloadPlugins/TRACE] [REI] [REIClientPlugin END] Reloading Section: "pre-stage/SubsetsRegistryImpl/"
[16:22:08] [REI-ReloadPlugins/TRACE] [REI] [REIClientPlugin END] Reloading Section: "pre-stage/SubsetsRegistryImpl/" done in 10.00 μs
[16:22:08] [REI-ReloadPlugins/TRACE] [REI] [REIClientPlugin END] Reloading Section: "pre-stage/TransferHandlerRegistryImpl/"
[16:22:08] [REI-ReloadPlugins/TRACE] [REI] [REIClientPlugin END] Reloading Section: "pre-stage/TransferHandlerRegistryImpl/" done in 15.50 μs
[16:22:08] [REI-ReloadPlugins/TRACE] [REI] [REIClientPlugin END] Reloading Section: "pre-stage/SearchRuntime/"
[16:22:08] [REI-ReloadPlugins/TRACE] [REI] [REIClientPlugin END] Reloading Section: "pre-stage/SearchRuntime/" done in 14.60 μs
[16:22:08] [REI-ReloadPlugins/TRACE] [REI] [REIClientPlugin END] Reloading Section: "pre-stage/REIRuntimeImpl/"
[16:22:08] [REI-ReloadPlugins/TRACE] [REI] [REIClientPlugin END] Reloading Section: "pre-stage/REIRuntimeImpl/" done in 10.60 μs
[16:22:08] [REI-ReloadPlugins/TRACE] [REI] [REIClientPlugin END] Reloading Section: "pre-stage/ConfigAddonRegistryImpl/"
[16:22:08] [REI-ReloadPlugins/TRACE] [REI] [REIClientPlugin END] Reloading Section: "pre-stage/ConfigAddonRegistryImpl/" done in 21.00 μs
[16:22:08] [REI-ReloadPlugins/TRACE] [REI] [REIClientPlugin END] Reloading Section: "pre-stage/me.shedaniel.rei.plugin.client.runtime.PluginStageExecutionWatcher$1/"
[16:22:08] [REI-ReloadPlugins/TRACE] [REI] [REIClientPlugin END] Reloading Section: "pre-stage/me.shedaniel.rei.plugin.client.runtime.PluginStageExecutionWatcher$1/" done in 22.90 μs
[16:22:08] [REI-ReloadPlugins/TRACE] [REI] [REIClientPlugin END] Reloading Section: "pre-stage/" done in 753.0 μs
[16:22:08] [REI-ReloadPlugins/DEBUG] [REI] ========================================
[16:22:08] [REI-ReloadPlugins/DEBUG] [REI] REIClientPlugin finished pre-reload for END in 1.179 ms.
[16:22:08] [REI-ReloadPlugins/DEBUG] [REI] ========================================
[16:22:08] [REI-ReloadPlugins/DEBUG] [REI] ========================================
[16:22:08] [REI-ReloadPlugins/DEBUG] [REI] REIServerPlugin starting pre-reload for END.
[16:22:08] [REI-ReloadPlugins/DEBUG] [REI] Reloadables (3):
[16:22:08] [REI-ReloadPlugins/DEBUG] [REI]  - MenuInfoRegistryImpl
[16:22:08] [REI-ReloadPlugins/DEBUG] [REI]  - SlotAccessorRegistryImpl
[16:22:08] [REI-ReloadPlugins/DEBUG] [REI]  - me.shedaniel.rei.plugin.client.runtime.PluginStageExecutionWatcher$1
[16:22:08] [REI-ReloadPlugins/DEBUG] [REI] Plugins (2):
[16:22:08] [REI-ReloadPlugins/DEBUG] [REI]  - (-100,00) DefaultPluginImpl of DefaultPluginImpl [roughlyenoughitems]
[16:22:08] [REI-ReloadPlugins/DEBUG] [REI]  - (0,00) DefaultRuntimePlugin of DefaultRuntimePlugin [roughlyenoughitems]
[16:22:08] [REI-ReloadPlugins/DEBUG] [REI] ========================================
[16:22:08] [REI-ReloadPlugins/TRACE] [REI] [REIServerPlugin END] Reloading Section: "pre-register/"
[16:22:08] [REI-ReloadPlugins/TRACE] [REI] [REIServerPlugin END] Reloading Section: "pre-register/DefaultPluginImpl of DefaultPluginImpl [roughlyenoughitems]/"
[16:22:08] [REI-ReloadPlugins/TRACE] [REI] [REIServerPlugin END] Reloading Section: "pre-register/DefaultPluginImpl of DefaultPluginImpl [roughlyenoughitems]/" done in 21.00 μs
[16:22:08] [REI-ReloadPlugins/TRACE] [REI] [REIServerPlugin END] Reloading Section: "pre-register/DefaultRuntimePlugin of DefaultRuntimePlugin [roughlyenoughitems]/"
[16:22:08] [REI-ReloadPlugins/TRACE] [REI] [REIServerPlugin END] Reloading Section: "pre-register/DefaultRuntimePlugin of DefaultRuntimePlugin [roughlyenoughitems]/" done in 14.60 μs
[16:22:08] [REI-ReloadPlugins/TRACE] [REI] [REIServerPlugin END] Reloading Section: "pre-register/" done in 137.4 μs
[16:22:08] [REI-ReloadPlugins/TRACE] [REI] [REIServerPlugin END] Reloading Section: "pre-stage/"
[16:22:08] [REI-ReloadPlugins/TRACE] [REI] [REIServerPlugin END] Reloading Section: "pre-stage/MenuInfoRegistryImpl/"
[16:22:08] [REI-ReloadPlugins/TRACE] [REI] [REIServerPlugin END] Reloading Section: "pre-stage/MenuInfoRegistryImpl/" done in 14.50 μs
[16:22:08] [REI-ReloadPlugins/TRACE] [REI] [REIServerPlugin END] Reloading Section: "pre-stage/SlotAccessorRegistryImpl/"
[16:22:08] [REI-ReloadPlugins/TRACE] [REI] [REIServerPlugin END] Reloading Section: "pre-stage/SlotAccessorRegistryImpl/" done in 19.20 μs
[16:22:08] [REI-ReloadPlugins/TRACE] [REI] [REIServerPlugin END] Reloading Section: "pre-stage/me.shedaniel.rei.plugin.client.runtime.PluginStageExecutionWatcher$1/"
[16:22:08] [REI-ReloadPlugins/TRACE] [REI] [REIServerPlugin END] Reloading Section: "pre-stage/me.shedaniel.rei.plugin.client.runtime.PluginStageExecutionWatcher$1/" done in 13.60 μs
[16:22:08] [REI-ReloadPlugins/TRACE] [REI] [REIServerPlugin END] Reloading Section: "pre-stage/" done in 133.1 μs
[16:22:08] [REI-ReloadPlugins/DEBUG] [REI] ========================================
[16:22:08] [REI-ReloadPlugins/DEBUG] [REI] REIServerPlugin finished pre-reload for END in 313.2 μs.
[16:22:08] [REI-ReloadPlugins/DEBUG] [REI] ========================================
[16:22:08] [REI-ReloadPlugins/INFO] [REI] ~~~~~~~~~~~~~~~~~~~~~~~~~~~~~~~~~~~~~~~~
[16:22:08] [REI-ReloadPlugins/INFO] [REI] REIPlugin starting main-reload for END.
[16:22:08] [REI-ReloadPlugins/DEBUG] [REI] Reloadables (8):
[16:22:08] [REI-ReloadPlugins/DEBUG] [REI]  - EntryTypeRegistryImpl
[16:22:08] [REI-ReloadPlugins/DEBUG] [REI]  - EntrySettingsAdapterRegistryImpl
[16:22:08] [REI-ReloadPlugins/DEBUG] [REI]  - RecipeManagerContextImpl
[16:22:08] [REI-ReloadPlugins/DEBUG] [REI]  - ItemComparatorRegistryImpl
[16:22:08] [REI-ReloadPlugins/DEBUG] [REI]  - FluidComparatorRegistryImpl
[16:22:08] [REI-ReloadPlugins/DEBUG] [REI]  - DisplaySerializerRegistryImpl
[16:22:08] [REI-ReloadPlugins/DEBUG] [REI]  - FluidSupportProviderImpl
[16:22:08] [REI-ReloadPlugins/DEBUG] [REI]  - me.shedaniel.rei.plugin.client.runtime.PluginStageExecutionWatcher$1
[16:22:08] [REI-ReloadPlugins/INFO] [REI] Plugins (5):
[16:22:08] [REI-ReloadPlugins/INFO] [REI]  - (-100,00) DefaultClientPluginImpl of DefaultClientPluginImpl [roughlyenoughitems]
[16:22:08] [REI-ReloadPlugins/INFO] [REI]  - (-100,00) DefaultPluginImpl of DefaultPluginImpl [roughlyenoughitems]
[16:22:08] [REI-ReloadPlugins/INFO] [REI]  - (0,00) HideIngredientsFromTagsPlugin of HideIngredientsFromTagsPlugin [roughlyenoughitems]
[16:22:08] [REI-ReloadPlugins/INFO] [REI]  - (0,00) DefaultClientRuntimePlugin of DefaultClientRuntimePlugin [roughlyenoughitems]
[16:22:08] [REI-ReloadPlugins/INFO] [REI]  - (0,00) DefaultRuntimePlugin of DefaultRuntimePlugin [roughlyenoughitems]
[16:22:08] [REI-ReloadPlugins/INFO] [REI] ~~~~~~~~~~~~~~~~~~~~~~~~~~~~~~~~~~~~~~~~
[16:22:08] [REI-ReloadPlugins/TRACE] [REI] [REIPlugin END] Reloading Section: "start-reload/"
[16:22:08] [REI-ReloadPlugins/TRACE] [REI] [REIPlugin END] Reloading Section: "start-reload/EntryTypeRegistryImpl/"
[16:22:08] [REI-ReloadPlugins/TRACE] [REI] [REIPlugin END] Reloading Section: "start-reload/EntryTypeRegistryImpl/" done in 16.00 μs
[16:22:08] [REI-ReloadPlugins/TRACE] [REI] [REIPlugin END] Reloading Section: "start-reload/EntrySettingsAdapterRegistryImpl/"
[16:22:08] [REI-ReloadPlugins/TRACE] [REI] [REIPlugin END] Reloading Section: "start-reload/EntrySettingsAdapterRegistryImpl/" done in 17.80 μs
[16:22:08] [REI-ReloadPlugins/TRACE] [REI] [REIPlugin END] Reloading Section: "start-reload/RecipeManagerContextImpl/"
[16:22:08] [REI-ReloadPlugins/TRACE] [REI] [REIPlugin END] Reloading Section: "start-reload/RecipeManagerContextImpl/" done in 12.20 μs
[16:22:08] [REI-ReloadPlugins/TRACE] [REI] [REIPlugin END] Reloading Section: "start-reload/ItemComparatorRegistryImpl/"
[16:22:08] [REI-ReloadPlugins/TRACE] [REI] [REIPlugin END] Reloading Section: "start-reload/ItemComparatorRegistryImpl/" done in 14.00 μs
[16:22:08] [REI-ReloadPlugins/TRACE] [REI] [REIPlugin END] Reloading Section: "start-reload/FluidComparatorRegistryImpl/"
[16:22:08] [REI-ReloadPlugins/TRACE] [REI] [REIPlugin END] Reloading Section: "start-reload/FluidComparatorRegistryImpl/" done in 9.900 μs
[16:22:08] [REI-ReloadPlugins/TRACE] [REI] [REIPlugin END] Reloading Section: "start-reload/DisplaySerializerRegistryImpl/"
[16:22:08] [REI-ReloadPlugins/TRACE] [REI] [REIPlugin END] Reloading Section: "start-reload/DisplaySerializerRegistryImpl/" done in 14.90 μs
[16:22:08] [REI-ReloadPlugins/TRACE] [REI] [REIPlugin END] Reloading Section: "start-reload/FluidSupportProviderImpl/"
[16:22:08] [REI-ReloadPlugins/TRACE] [REI] [REIPlugin END] Reloading Section: "start-reload/FluidSupportProviderImpl/" done in 10.20 μs
[16:22:08] [REI-ReloadPlugins/TRACE] [REI] [REIPlugin END] Reloading Section: "start-reload/me.shedaniel.rei.plugin.client.runtime.PluginStageExecutionWatcher$1/"
[16:22:08] [REI-ReloadPlugins/TRACE] [REI] [REIPlugin END] Reloading Section: "start-reload/me.shedaniel.rei.plugin.client.runtime.PluginStageExecutionWatcher$1/" done in 12.60 μs
[16:22:08] [REI-ReloadPlugins/TRACE] [REI] [REIPlugin END] Reloading Section: "start-reload/" done in 324.4 μs
[16:22:08] [REI-ReloadPlugins/DEBUG] [REI] ========================================
[16:22:08] [REI-ReloadPlugins/DEBUG] [REI] REIPlugin started main-reload for END.
[16:22:08] [REI-ReloadPlugins/DEBUG] [REI] ========================================
[16:22:08] [REI-ReloadPlugins/TRACE] [REI] [REIPlugin END] Reloading Section: "reloadable-plugin/EntryTypeRegistryImpl/"
[16:22:08] [REI-ReloadPlugins/TRACE] [REI] [REIPlugin END] Reloading Section: "reloadable-plugin/EntryTypeRegistryImpl/DefaultClientPluginImpl of DefaultClientPluginImpl [roughlyenoughitems]/"
[16:22:08] [REI-ReloadPlugins/TRACE] [REI] [REIPlugin END] Reloading Section: "reloadable-plugin/EntryTypeRegistryImpl/DefaultClientPluginImpl of DefaultClientPluginImpl [roughlyenoughitems]/" done in 41.00 μs
[16:22:08] [REI-ReloadPlugins/TRACE] [REI] [REIPlugin END] Reloading Section: "reloadable-plugin/EntryTypeRegistryImpl/DefaultPluginImpl of DefaultPluginImpl [roughlyenoughitems]/"
[16:22:08] [REI-ReloadPlugins/TRACE] [REI] [REIPlugin END] Reloading Section: "reloadable-plugin/EntryTypeRegistryImpl/DefaultPluginImpl of DefaultPluginImpl [roughlyenoughitems]/" done in 32.50 μs
[16:22:08] [REI-ReloadPlugins/TRACE] [REI] [REIPlugin END] Reloading Section: "reloadable-plugin/EntryTypeRegistryImpl/HideIngredientsFromTagsPlugin of HideIngredientsFromTagsPlugin [roughlyenoughitems]/"
[16:22:08] [REI-ReloadPlugins/TRACE] [REI] [REIPlugin END] Reloading Section: "reloadable-plugin/EntryTypeRegistryImpl/HideIngredientsFromTagsPlugin of HideIngredientsFromTagsPlugin [roughlyenoughitems]/" done in 30.40 μs
[16:22:08] [REI-ReloadPlugins/TRACE] [REI] [REIPlugin END] Reloading Section: "reloadable-plugin/EntryTypeRegistryImpl/DefaultClientRuntimePlugin of DefaultClientRuntimePlugin [roughlyenoughitems]/"
[16:22:08] [REI-ReloadPlugins/TRACE] [REI] [REIPlugin END] Reloading Section: "reloadable-plugin/EntryTypeRegistryImpl/DefaultClientRuntimePlugin of DefaultClientRuntimePlugin [roughlyenoughitems]/" done in 15.50 μs
[16:22:08] [REI-ReloadPlugins/TRACE] [REI] [REIPlugin END] Reloading Section: "reloadable-plugin/EntryTypeRegistryImpl/DefaultRuntimePlugin of DefaultRuntimePlugin [roughlyenoughitems]/"
[16:22:08] [REI-ReloadPlugins/TRACE] [REI] [REIPlugin END] Reloading Section: "reloadable-plugin/EntryTypeRegistryImpl/DefaultRuntimePlugin of DefaultRuntimePlugin [roughlyenoughitems]/" done in 13.80 μs
[16:22:08] [REI-ReloadPlugins/TRACE] [REI] [REIPlugin END] Reloading Section: "reloadable-plugin/EntryTypeRegistryImpl/" done in 400.6 μs
[16:22:08] [REI-ReloadPlugins/TRACE] [REI] [REIPlugin END] Reloading Section: "reloadable-plugin/EntrySettingsAdapterRegistryImpl/"
[16:22:08] [REI-ReloadPlugins/TRACE] [REI] [REIPlugin END] Reloading Section: "reloadable-plugin/EntrySettingsAdapterRegistryImpl/DefaultClientPluginImpl of DefaultClientPluginImpl [roughlyenoughitems]/"
[16:22:08] [REI-ReloadPlugins/TRACE] [REI] [REIPlugin END] Reloading Section: "reloadable-plugin/EntrySettingsAdapterRegistryImpl/DefaultClientPluginImpl of DefaultClientPluginImpl [roughlyenoughitems]/" done in 25.80 μs
[16:22:08] [REI-ReloadPlugins/TRACE] [REI] [REIPlugin END] Reloading Section: "reloadable-plugin/EntrySettingsAdapterRegistryImpl/DefaultPluginImpl of DefaultPluginImpl [roughlyenoughitems]/"
[16:22:08] [REI-ReloadPlugins/TRACE] [REI] [REIPlugin END] Reloading Section: "reloadable-plugin/EntrySettingsAdapterRegistryImpl/DefaultPluginImpl of DefaultPluginImpl [roughlyenoughitems]/" done in 13.60 μs
[16:22:08] [REI-ReloadPlugins/TRACE] [REI] [REIPlugin END] Reloading Section: "reloadable-plugin/EntrySettingsAdapterRegistryImpl/HideIngredientsFromTagsPlugin of HideIngredientsFromTagsPlugin [roughlyenoughitems]/"
[16:22:08] [REI-ReloadPlugins/TRACE] [REI] [REIPlugin END] Reloading Section: "reloadable-plugin/EntrySettingsAdapterRegistryImpl/HideIngredientsFromTagsPlugin of HideIngredientsFromTagsPlugin [roughlyenoughitems]/" done in 13.60 μs
[16:22:08] [REI-ReloadPlugins/TRACE] [REI] [REIPlugin END] Reloading Section: "reloadable-plugin/EntrySettingsAdapterRegistryImpl/DefaultClientRuntimePlugin of DefaultClientRuntimePlugin [roughlyenoughitems]/"
[16:22:08] [REI-ReloadPlugins/TRACE] [REI] [REIPlugin END] Reloading Section: "reloadable-plugin/EntrySettingsAdapterRegistryImpl/DefaultClientRuntimePlugin of DefaultClientRuntimePlugin [roughlyenoughitems]/" done in 13.30 μs
[16:22:08] [REI-ReloadPlugins/TRACE] [REI] [REIPlugin END] Reloading Section: "reloadable-plugin/EntrySettingsAdapterRegistryImpl/DefaultRuntimePlugin of DefaultRuntimePlugin [roughlyenoughitems]/"
[16:22:08] [REI-ReloadPlugins/TRACE] [REI] [REIPlugin END] Reloading Section: "reloadable-plugin/EntrySettingsAdapterRegistryImpl/DefaultRuntimePlugin of DefaultRuntimePlugin [roughlyenoughitems]/" done in 16.70 μs
[16:22:08] [REI-ReloadPlugins/TRACE] [REI] [REIPlugin END] Reloading Section: "reloadable-plugin/EntrySettingsAdapterRegistryImpl/" done in 234.1 μs
[16:22:08] [REI-ReloadPlugins/TRACE] [REI] [REIPlugin END] Reloading Section: "reloadable-plugin/RecipeManagerContextImpl/"
[16:22:08] [REI-ReloadPlugins/TRACE] [REI] [REIPlugin END] Reloading Section: "reloadable-plugin/RecipeManagerContextImpl/DefaultClientPluginImpl of DefaultClientPluginImpl [roughlyenoughitems]/"
[16:22:08] [REI-ReloadPlugins/TRACE] [REI] [REIPlugin END] Reloading Section: "reloadable-plugin/RecipeManagerContextImpl/DefaultClientPluginImpl of DefaultClientPluginImpl [roughlyenoughitems]/" done in 23.10 μs
[16:22:08] [REI-ReloadPlugins/TRACE] [REI] [REIPlugin END] Reloading Section: "reloadable-plugin/RecipeManagerContextImpl/DefaultPluginImpl of DefaultPluginImpl [roughlyenoughitems]/"
[16:22:08] [REI-ReloadPlugins/TRACE] [REI] [REIPlugin END] Reloading Section: "reloadable-plugin/RecipeManagerContextImpl/DefaultPluginImpl of DefaultPluginImpl [roughlyenoughitems]/" done in 23.60 μs
[16:22:08] [REI-ReloadPlugins/TRACE] [REI] [REIPlugin END] Reloading Section: "reloadable-plugin/RecipeManagerContextImpl/HideIngredientsFromTagsPlugin of HideIngredientsFromTagsPlugin [roughlyenoughitems]/"
[16:22:08] [REI-ReloadPlugins/TRACE] [REI] [REIPlugin END] Reloading Section: "reloadable-plugin/RecipeManagerContextImpl/HideIngredientsFromTagsPlugin of HideIngredientsFromTagsPlugin [roughlyenoughitems]/" done in 21.20 μs
[16:22:08] [REI-ReloadPlugins/TRACE] [REI] [REIPlugin END] Reloading Section: "reloadable-plugin/RecipeManagerContextImpl/DefaultClientRuntimePlugin of DefaultClientRuntimePlugin [roughlyenoughitems]/"
[16:22:08] [REI-ReloadPlugins/TRACE] [REI] [REIPlugin END] Reloading Section: "reloadable-plugin/RecipeManagerContextImpl/DefaultClientRuntimePlugin of DefaultClientRuntimePlugin [roughlyenoughitems]/" done in 21.50 μs
[16:22:08] [REI-ReloadPlugins/TRACE] [REI] [REIPlugin END] Reloading Section: "reloadable-plugin/RecipeManagerContextImpl/DefaultRuntimePlugin of DefaultRuntimePlugin [roughlyenoughitems]/"
[16:22:08] [REI-ReloadPlugins/TRACE] [REI] [REIPlugin END] Reloading Section: "reloadable-plugin/RecipeManagerContextImpl/DefaultRuntimePlugin of DefaultRuntimePlugin [roughlyenoughitems]/" done in 27.80 μs
[16:22:08] [REI-ReloadPlugins/TRACE] [REI] [REIPlugin END] Reloading Section: "reloadable-plugin/RecipeManagerContextImpl/" done in 416.5 μs
[16:22:08] [REI-ReloadPlugins/TRACE] [REI] [REIPlugin END] Reloading Section: "reloadable-plugin/ItemComparatorRegistryImpl/"
[16:22:08] [REI-ReloadPlugins/TRACE] [REI] [REIPlugin END] Reloading Section: "reloadable-plugin/ItemComparatorRegistryImpl/DefaultClientPluginImpl of DefaultClientPluginImpl [roughlyenoughitems]/"
[16:22:08] [REI-ReloadPlugins/TRACE] [REI] [REIPlugin END] Reloading Section: "reloadable-plugin/ItemComparatorRegistryImpl/DefaultClientPluginImpl of DefaultClientPluginImpl [roughlyenoughitems]/" done in 25.70 μs
[16:22:08] [REI-ReloadPlugins/TRACE] [REI] [REIPlugin END] Reloading Section: "reloadable-plugin/ItemComparatorRegistryImpl/DefaultPluginImpl of DefaultPluginImpl [roughlyenoughitems]/"
[16:22:08] [REI-ReloadPlugins/TRACE] [REI] [REIPlugin END] Reloading Section: "reloadable-plugin/ItemComparatorRegistryImpl/DefaultPluginImpl of DefaultPluginImpl [roughlyenoughitems]/" done in 23.20 μs
[16:22:08] [REI-ReloadPlugins/TRACE] [REI] [REIPlugin END] Reloading Section: "reloadable-plugin/ItemComparatorRegistryImpl/HideIngredientsFromTagsPlugin of HideIngredientsFromTagsPlugin [roughlyenoughitems]/"
[16:22:08] [REI-ReloadPlugins/TRACE] [REI] [REIPlugin END] Reloading Section: "reloadable-plugin/ItemComparatorRegistryImpl/HideIngredientsFromTagsPlugin of HideIngredientsFromTagsPlugin [roughlyenoughitems]/" done in 22.40 μs
[16:22:08] [REI-ReloadPlugins/TRACE] [REI] [REIPlugin END] Reloading Section: "reloadable-plugin/ItemComparatorRegistryImpl/DefaultClientRuntimePlugin of DefaultClientRuntimePlugin [roughlyenoughitems]/"
[16:22:08] [REI-ReloadPlugins/TRACE] [REI] [REIPlugin END] Reloading Section: "reloadable-plugin/ItemComparatorRegistryImpl/DefaultClientRuntimePlugin of DefaultClientRuntimePlugin [roughlyenoughitems]/" done in 23.20 μs
[16:22:08] [REI-ReloadPlugins/TRACE] [REI] [REIPlugin END] Reloading Section: "reloadable-plugin/ItemComparatorRegistryImpl/DefaultRuntimePlugin of DefaultRuntimePlugin [roughlyenoughitems]/"
[16:22:08] [REI-ReloadPlugins/TRACE] [REI] [REIPlugin END] Reloading Section: "reloadable-plugin/ItemComparatorRegistryImpl/DefaultRuntimePlugin of DefaultRuntimePlugin [roughlyenoughitems]/" done in 21.60 μs
[16:22:08] [REI-ReloadPlugins/TRACE] [REI] [REIPlugin END] Reloading Section: "reloadable-plugin/ItemComparatorRegistryImpl/" done in 353.8 μs
[16:22:08] [REI-ReloadPlugins/TRACE] [REI] [REIPlugin END] Reloading Section: "reloadable-plugin/FluidComparatorRegistryImpl/"
[16:22:08] [REI-ReloadPlugins/TRACE] [REI] [REIPlugin END] Reloading Section: "reloadable-plugin/FluidComparatorRegistryImpl/DefaultClientPluginImpl of DefaultClientPluginImpl [roughlyenoughitems]/"
[16:22:08] [REI-ReloadPlugins/TRACE] [REI] [REIPlugin END] Reloading Section: "reloadable-plugin/FluidComparatorRegistryImpl/DefaultClientPluginImpl of DefaultClientPluginImpl [roughlyenoughitems]/" done in 24.40 μs
[16:22:08] [REI-ReloadPlugins/TRACE] [REI] [REIPlugin END] Reloading Section: "reloadable-plugin/FluidComparatorRegistryImpl/DefaultPluginImpl of DefaultPluginImpl [roughlyenoughitems]/"
[16:22:08] [REI-ReloadPlugins/TRACE] [REI] [REIPlugin END] Reloading Section: "reloadable-plugin/FluidComparatorRegistryImpl/DefaultPluginImpl of DefaultPluginImpl [roughlyenoughitems]/" done in 21.80 μs
[16:22:08] [REI-ReloadPlugins/TRACE] [REI] [REIPlugin END] Reloading Section: "reloadable-plugin/FluidComparatorRegistryImpl/HideIngredientsFromTagsPlugin of HideIngredientsFromTagsPlugin [roughlyenoughitems]/"
[16:22:08] [REI-ReloadPlugins/TRACE] [REI] [REIPlugin END] Reloading Section: "reloadable-plugin/FluidComparatorRegistryImpl/HideIngredientsFromTagsPlugin of HideIngredientsFromTagsPlugin [roughlyenoughitems]/" done in 22.90 μs
[16:22:08] [REI-ReloadPlugins/TRACE] [REI] [REIPlugin END] Reloading Section: "reloadable-plugin/FluidComparatorRegistryImpl/DefaultClientRuntimePlugin of DefaultClientRuntimePlugin [roughlyenoughitems]/"
[16:22:08] [REI-ReloadPlugins/TRACE] [REI] [REIPlugin END] Reloading Section: "reloadable-plugin/FluidComparatorRegistryImpl/DefaultClientRuntimePlugin of DefaultClientRuntimePlugin [roughlyenoughitems]/" done in 20.80 μs
[16:22:08] [REI-ReloadPlugins/TRACE] [REI] [REIPlugin END] Reloading Section: "reloadable-plugin/FluidComparatorRegistryImpl/DefaultRuntimePlugin of DefaultRuntimePlugin [roughlyenoughitems]/"
[16:22:08] [REI-ReloadPlugins/TRACE] [REI] [REIPlugin END] Reloading Section: "reloadable-plugin/FluidComparatorRegistryImpl/DefaultRuntimePlugin of DefaultRuntimePlugin [roughlyenoughitems]/" done in 14.00 μs
[16:22:08] [REI-ReloadPlugins/TRACE] [REI] [REIPlugin END] Reloading Section: "reloadable-plugin/FluidComparatorRegistryImpl/" done in 350.9 μs
[16:22:08] [REI-ReloadPlugins/TRACE] [REI] [REIPlugin END] Reloading Section: "reloadable-plugin/DisplaySerializerRegistryImpl/"
[16:22:08] [REI-ReloadPlugins/TRACE] [REI] [REIPlugin END] Reloading Section: "reloadable-plugin/DisplaySerializerRegistryImpl/DefaultClientPluginImpl of DefaultClientPluginImpl [roughlyenoughitems]/"
[16:22:08] [REI-ReloadPlugins/TRACE] [REI] [REIPlugin END] Reloading Section: "reloadable-plugin/DisplaySerializerRegistryImpl/DefaultClientPluginImpl of DefaultClientPluginImpl [roughlyenoughitems]/" done in 24.70 μs
[16:22:08] [REI-ReloadPlugins/TRACE] [REI] [REIPlugin END] Reloading Section: "reloadable-plugin/DisplaySerializerRegistryImpl/DefaultPluginImpl of DefaultPluginImpl [roughlyenoughitems]/"
[16:22:08] [REI-ReloadPlugins/TRACE] [REI] [REIPlugin END] Reloading Section: "reloadable-plugin/DisplaySerializerRegistryImpl/DefaultPluginImpl of DefaultPluginImpl [roughlyenoughitems]/" done in 150.6 ms
[16:22:08] [REI-ReloadPlugins/TRACE] [REI] [REIPlugin END] Reloading Section: "reloadable-plugin/DisplaySerializerRegistryImpl/HideIngredientsFromTagsPlugin of HideIngredientsFromTagsPlugin [roughlyenoughitems]/"
[16:22:08] [REI-ReloadPlugins/TRACE] [REI] [REIPlugin END] Reloading Section: "reloadable-plugin/DisplaySerializerRegistryImpl/HideIngredientsFromTagsPlugin of HideIngredientsFromTagsPlugin [roughlyenoughitems]/" done in 134.6 μs
[16:22:08] [REI-ReloadPlugins/TRACE] [REI] [REIPlugin END] Reloading Section: "reloadable-plugin/DisplaySerializerRegistryImpl/DefaultClientRuntimePlugin of DefaultClientRuntimePlugin [roughlyenoughitems]/"
[16:22:08] [REI-ReloadPlugins/TRACE] [REI] [REIPlugin END] Reloading Section: "reloadable-plugin/DisplaySerializerRegistryImpl/DefaultClientRuntimePlugin of DefaultClientRuntimePlugin [roughlyenoughitems]/" done in 59.80 μs
[16:22:08] [REI-ReloadPlugins/TRACE] [REI] [REIPlugin END] Reloading Section: "reloadable-plugin/DisplaySerializerRegistryImpl/DefaultRuntimePlugin of DefaultRuntimePlugin [roughlyenoughitems]/"
[16:22:08] [REI-ReloadPlugins/TRACE] [REI] [REIPlugin END] Reloading Section: "reloadable-plugin/DisplaySerializerRegistryImpl/DefaultRuntimePlugin of DefaultRuntimePlugin [roughlyenoughitems]/" done in 55.20 μs
[16:22:08] [REI-ReloadPlugins/TRACE] [REI] [REIPlugin END] Reloading Section: "reloadable-plugin/DisplaySerializerRegistryImpl/" done in 151.7 ms
[16:22:08] [REI-ReloadPlugins/TRACE] [REI] [REIPlugin END] Reloading Section: "reloadable-plugin/FluidSupportProviderImpl/"
[16:22:08] [REI-ReloadPlugins/TRACE] [REI] [REIPlugin END] Reloading Section: "reloadable-plugin/FluidSupportProviderImpl/DefaultClientPluginImpl of DefaultClientPluginImpl [roughlyenoughitems]/"
[16:22:08] [REI-ReloadPlugins/TRACE] [REI] [REIPlugin END] Reloading Section: "reloadable-plugin/FluidSupportProviderImpl/DefaultClientPluginImpl of DefaultClientPluginImpl [roughlyenoughitems]/" done in 50.90 μs
[16:22:08] [REI-ReloadPlugins/TRACE] [REI] [REIPlugin END] Reloading Section: "reloadable-plugin/FluidSupportProviderImpl/DefaultPluginImpl of DefaultPluginImpl [roughlyenoughitems]/"
[16:22:08] [REI-ReloadPlugins/TRACE] [REI] [REIPlugin END] Reloading Section: "reloadable-plugin/FluidSupportProviderImpl/DefaultPluginImpl of DefaultPluginImpl [roughlyenoughitems]/" done in 57.30 μs
[16:22:08] [REI-ReloadPlugins/TRACE] [REI] [REIPlugin END] Reloading Section: "reloadable-plugin/FluidSupportProviderImpl/HideIngredientsFromTagsPlugin of HideIngredientsFromTagsPlugin [roughlyenoughitems]/"
[16:22:08] [REI-ReloadPlugins/TRACE] [REI] [REIPlugin END] Reloading Section: "reloadable-plugin/FluidSupportProviderImpl/HideIngredientsFromTagsPlugin of HideIngredientsFromTagsPlugin [roughlyenoughitems]/" done in 48.70 μs
[16:22:08] [REI-ReloadPlugins/TRACE] [REI] [REIPlugin END] Reloading Section: "reloadable-plugin/FluidSupportProviderImpl/DefaultClientRuntimePlugin of DefaultClientRuntimePlugin [roughlyenoughitems]/"
[16:22:08] [REI-ReloadPlugins/TRACE] [REI] [REIPlugin END] Reloading Section: "reloadable-plugin/FluidSupportProviderImpl/DefaultClientRuntimePlugin of DefaultClientRuntimePlugin [roughlyenoughitems]/" done in 43.50 μs
[16:22:08] [REI-ReloadPlugins/TRACE] [REI] [REIPlugin END] Reloading Section: "reloadable-plugin/FluidSupportProviderImpl/DefaultRuntimePlugin of DefaultRuntimePlugin [roughlyenoughitems]/"
[16:22:08] [REI-ReloadPlugins/TRACE] [REI] [REIPlugin END] Reloading Section: "reloadable-plugin/FluidSupportProviderImpl/DefaultRuntimePlugin of DefaultRuntimePlugin [roughlyenoughitems]/" done in 42.20 μs
[16:22:08] [REI-ReloadPlugins/TRACE] [REI] [REIPlugin END] Reloading Section: "reloadable-plugin/FluidSupportProviderImpl/" done in 780.4 μs
[16:22:08] [REI-ReloadPlugins/TRACE] [REI] [REIPlugin END] Reloading Section: "reloadable-plugin/me.shedaniel.rei.plugin.client.runtime.PluginStageExecutionWatcher$1/"
[16:22:08] [REI-ReloadPlugins/TRACE] [REI] [REIPlugin END] Reloading Section: "reloadable-plugin/me.shedaniel.rei.plugin.client.runtime.PluginStageExecutionWatcher$1/DefaultClientPluginImpl of DefaultClientPluginImpl [roughlyenoughitems]/"
[16:22:08] [REI-ReloadPlugins/TRACE] [REI] [REIPlugin END] Reloading Section: "reloadable-plugin/me.shedaniel.rei.plugin.client.runtime.PluginStageExecutionWatcher$1/DefaultClientPluginImpl of DefaultClientPluginImpl [roughlyenoughitems]/" done in 46.20 μs
[16:22:08] [REI-ReloadPlugins/TRACE] [REI] [REIPlugin END] Reloading Section: "reloadable-plugin/me.shedaniel.rei.plugin.client.runtime.PluginStageExecutionWatcher$1/DefaultPluginImpl of DefaultPluginImpl [roughlyenoughitems]/"
[16:22:08] [REI-ReloadPlugins/TRACE] [REI] [REIPlugin END] Reloading Section: "reloadable-plugin/me.shedaniel.rei.plugin.client.runtime.PluginStageExecutionWatcher$1/DefaultPluginImpl of DefaultPluginImpl [roughlyenoughitems]/" done in 41.50 μs
[16:22:08] [REI-ReloadPlugins/TRACE] [REI] [REIPlugin END] Reloading Section: "reloadable-plugin/me.shedaniel.rei.plugin.client.runtime.PluginStageExecutionWatcher$1/HideIngredientsFromTagsPlugin of HideIngredientsFromTagsPlugin [roughlyenoughitems]/"
[16:22:08] [REI-ReloadPlugins/TRACE] [REI] [REIPlugin END] Reloading Section: "reloadable-plugin/me.shedaniel.rei.plugin.client.runtime.PluginStageExecutionWatcher$1/HideIngredientsFromTagsPlugin of HideIngredientsFromTagsPlugin [roughlyenoughitems]/" done in 42.90 μs
[16:22:08] [REI-ReloadPlugins/TRACE] [REI] [REIPlugin END] Reloading Section: "reloadable-plugin/me.shedaniel.rei.plugin.client.runtime.PluginStageExecutionWatcher$1/DefaultClientRuntimePlugin of DefaultClientRuntimePlugin [roughlyenoughitems]/"
[16:22:08] [REI-ReloadPlugins/TRACE] [REI] [REIPlugin END] Reloading Section: "reloadable-plugin/me.shedaniel.rei.plugin.client.runtime.PluginStageExecutionWatcher$1/DefaultClientRuntimePlugin of DefaultClientRuntimePlugin [roughlyenoughitems]/" done in 42.50 μs
[16:22:08] [REI-ReloadPlugins/TRACE] [REI] [REIPlugin END] Reloading Section: "reloadable-plugin/me.shedaniel.rei.plugin.client.runtime.PluginStageExecutionWatcher$1/DefaultRuntimePlugin of DefaultRuntimePlugin [roughlyenoughitems]/"
[16:22:08] [REI-ReloadPlugins/TRACE] [REI] [REIPlugin END] Reloading Section: "reloadable-plugin/me.shedaniel.rei.plugin.client.runtime.PluginStageExecutionWatcher$1/DefaultRuntimePlugin of DefaultRuntimePlugin [roughlyenoughitems]/" done in 163.9 μs
[16:22:08] [REI-ReloadPlugins/TRACE] [REI] [REIPlugin END] Reloading Section: "reloadable-plugin/me.shedaniel.rei.plugin.client.runtime.PluginStageExecutionWatcher$1/" done in 970.4 μs
[16:22:08] [REI-ReloadPlugins/DEBUG] [REI] ========================================
[16:22:08] [REI-ReloadPlugins/DEBUG] [REI] REIPlugin ending main-reload for END.
[16:22:08] [REI-ReloadPlugins/DEBUG] [REI] ========================================
[16:22:08] [REI-ReloadPlugins/TRACE] [REI] [REIPlugin END] Reloading Section: "end-reload/"
[16:22:08] [REI-ReloadPlugins/TRACE] [REI] [REIPlugin END] Reloading Section: "end-reload/EntryTypeRegistryImpl/"
[16:22:08] [REI-ReloadPlugins/TRACE] [REI] [REIPlugin END] Reloading Section: "end-reload/EntryTypeRegistryImpl/" done in 22.00 μs
[16:22:08] [REI-ReloadPlugins/TRACE] [REI] [REIPlugin END] Reloading Section: "end-reload/EntrySettingsAdapterRegistryImpl/"
[16:22:08] [REI-ReloadPlugins/TRACE] [REI] [REIPlugin END] Reloading Section: "end-reload/EntrySettingsAdapterRegistryImpl/" done in 18.60 μs
[16:22:08] [REI-ReloadPlugins/TRACE] [REI] [REIPlugin END] Reloading Section: "end-reload/RecipeManagerContextImpl/"
[16:22:08] [REI-ReloadPlugins/TRACE] [REI] [REIPlugin END] Reloading Section: "end-reload/RecipeManagerContextImpl/" done in 15.10 μs
[16:22:08] [REI-ReloadPlugins/TRACE] [REI] [REIPlugin END] Reloading Section: "end-reload/ItemComparatorRegistryImpl/"
[16:22:08] [REI-ReloadPlugins/TRACE] [REI] [REIPlugin END] Reloading Section: "end-reload/ItemComparatorRegistryImpl/" done in 14.00 μs
[16:22:08] [REI-ReloadPlugins/TRACE] [REI] [REIPlugin END] Reloading Section: "end-reload/FluidComparatorRegistryImpl/"
[16:22:08] [REI-ReloadPlugins/TRACE] [REI] [REIPlugin END] Reloading Section: "end-reload/FluidComparatorRegistryImpl/" done in 14.10 μs
[16:22:08] [REI-ReloadPlugins/TRACE] [REI] [REIPlugin END] Reloading Section: "end-reload/DisplaySerializerRegistryImpl/"
[16:22:08] [REI-ReloadPlugins/TRACE] [REI] [REIPlugin END] Reloading Section: "end-reload/DisplaySerializerRegistryImpl/" done in 17.50 μs
[16:22:08] [REI-ReloadPlugins/TRACE] [REI] [REIPlugin END] Reloading Section: "end-reload/FluidSupportProviderImpl/"
[16:22:08] [REI-ReloadPlugins/TRACE] [REI] [REIPlugin END] Reloading Section: "end-reload/FluidSupportProviderImpl/" done in 13.20 μs
[16:22:08] [REI-ReloadPlugins/TRACE] [REI] [REIPlugin END] Reloading Section: "end-reload/me.shedaniel.rei.plugin.client.runtime.PluginStageExecutionWatcher$1/"
[16:22:08] [REI-ReloadPlugins/TRACE] [REI] [REIPlugin END] Reloading Section: "end-reload/me.shedaniel.rei.plugin.client.runtime.PluginStageExecutionWatcher$1/" done in 14.70 μs
[16:22:08] [REI-ReloadPlugins/TRACE] [REI] [REIPlugin END] Reloading Section: "end-reload/" done in 457.7 μs
[16:22:08] [REI-ReloadPlugins/DEBUG] [REI] ========================================
[16:22:08] [REI-ReloadPlugins/DEBUG] [REI] REIPlugin ended main-reload for END in 157.7 ms.
[16:22:08] [REI-ReloadPlugins/DEBUG] [REI] ========================================
[16:22:08] [REI-ReloadPlugins/INFO] [REI] ~~~~~~~~~~~~~~~~~~~~~~~~~~~~~~~~~~~~~~~~
[16:22:08] [REI-ReloadPlugins/INFO] [REI] REIClientPlugin starting main-reload for END.
[16:22:08] [REI-ReloadPlugins/DEBUG] [REI] Reloadables (18):
[16:22:08] [REI-ReloadPlugins/DEBUG] [REI]  - EntryRendererRegistryImpl
[16:22:08] [REI-ReloadPlugins/DEBUG] [REI]  - ViewsImpl
[16:22:08] [REI-ReloadPlugins/DEBUG] [REI]  - InputMethodRegistryImpl
[16:22:08] [REI-ReloadPlugins/DEBUG] [REI]  - SearchProviderImpl
[16:22:08] [REI-ReloadPlugins/DEBUG] [REI]  - ConfigManagerImpl
[16:22:08] [REI-ReloadPlugins/DEBUG] [REI]  - EntryRegistryImpl
[16:22:08] [REI-ReloadPlugins/DEBUG] [REI]  - CollapsibleEntryRegistryImpl
[16:22:08] [REI-ReloadPlugins/DEBUG] [REI]  - BasicFilteringRuleImpl
[16:22:08] [REI-ReloadPlugins/DEBUG] [REI]  - CategoryRegistryImpl
[16:22:08] [REI-ReloadPlugins/DEBUG] [REI]  - DisplayRegistryImpl
[16:22:08] [REI-ReloadPlugins/DEBUG] [REI]  - ScreenRegistryImpl
[16:22:08] [REI-ReloadPlugins/DEBUG] [REI]  - FavoriteEntryTypeRegistryImpl
[16:22:08] [REI-ReloadPlugins/DEBUG] [REI]  - SubsetsRegistryImpl
[16:22:08] [REI-ReloadPlugins/DEBUG] [REI]  - TransferHandlerRegistryImpl
[16:22:08] [REI-ReloadPlugins/DEBUG] [REI]  - SearchRuntime
[16:22:08] [REI-ReloadPlugins/DEBUG] [REI]  - REIRuntimeImpl
[16:22:08] [REI-ReloadPlugins/DEBUG] [REI]  - ConfigAddonRegistryImpl
[16:22:08] [REI-ReloadPlugins/DEBUG] [REI]  - me.shedaniel.rei.plugin.client.runtime.PluginStageExecutionWatcher$1
[16:22:08] [REI-ReloadPlugins/INFO] [REI] Plugins (3):
[16:22:08] [REI-ReloadPlugins/INFO] [REI]  - (-100,00) DefaultClientPluginImpl of DefaultClientPluginImpl [roughlyenoughitems]
[16:22:08] [REI-ReloadPlugins/INFO] [REI]  - (0,00) HideIngredientsFromTagsPlugin of HideIngredientsFromTagsPlugin [roughlyenoughitems]
[16:22:08] [REI-ReloadPlugins/INFO] [REI]  - (0,00) DefaultClientRuntimePlugin of DefaultClientRuntimePlugin [roughlyenoughitems]
[16:22:08] [REI-ReloadPlugins/INFO] [REI] ~~~~~~~~~~~~~~~~~~~~~~~~~~~~~~~~~~~~~~~~
[16:22:08] [REI-ReloadPlugins/TRACE] [REI] [REIClientPlugin END] Reloading Section: "start-reload/"
[16:22:08] [REI-ReloadPlugins/TRACE] [REI] [REIClientPlugin END] Reloading Section: "start-reload/EntryRendererRegistryImpl/"
[16:22:08] [REI-ReloadPlugins/TRACE] [REI] [REIClientPlugin END] Reloading Section: "start-reload/EntryRendererRegistryImpl/" done in 8.056 ms
[16:22:08] [REI-ReloadPlugins/TRACE] [REI] [REIClientPlugin END] Reloading Section: "start-reload/ViewsImpl/"
[16:22:08] [REI-ReloadPlugins/TRACE] [REI] [REIClientPlugin END] Reloading Section: "start-reload/ViewsImpl/" done in 70.70 μs
[16:22:08] [REI-ReloadPlugins/TRACE] [REI] [REIClientPlugin END] Reloading Section: "start-reload/InputMethodRegistryImpl/"
[16:22:08] [REI-ReloadPlugins/TRACE] [REI] [REIClientPlugin END] Reloading Section: "start-reload/InputMethodRegistryImpl/" done in 55.10 μs
[16:22:08] [REI-ReloadPlugins/TRACE] [REI] [REIClientPlugin END] Reloading Section: "start-reload/SearchProviderImpl/"
[16:22:08] [REI-ReloadPlugins/TRACE] [REI] [REIClientPlugin END] Reloading Section: "start-reload/SearchProviderImpl/" done in 59.00 μs
[16:22:08] [REI-ReloadPlugins/TRACE] [REI] [REIClientPlugin END] Reloading Section: "start-reload/ConfigManagerImpl/"
[16:22:08] [REI-ReloadPlugins/TRACE] [REI] [REIClientPlugin END] Reloading Section: "start-reload/ConfigManagerImpl/" done in 32.70 μs
[16:22:08] [REI-ReloadPlugins/TRACE] [REI] [REIClientPlugin END] Reloading Section: "start-reload/EntryRegistryImpl/"
[16:22:08] [REI-ReloadPlugins/TRACE] [REI] [REIClientPlugin END] Reloading Section: "start-reload/EntryRegistryImpl/" done in 29.50 μs
[16:22:08] [REI-ReloadPlugins/TRACE] [REI] [REIClientPlugin END] Reloading Section: "start-reload/CollapsibleEntryRegistryImpl/"
[16:22:08] [REI-ReloadPlugins/TRACE] [REI] [REIClientPlugin END] Reloading Section: "start-reload/CollapsibleEntryRegistryImpl/" done in 38.20 μs
[16:22:08] [REI-ReloadPlugins/TRACE] [REI] [REIClientPlugin END] Reloading Section: "start-reload/BasicFilteringRuleImpl/"
[16:22:08] [REI-ReloadPlugins/TRACE] [REI] [REIClientPlugin END] Reloading Section: "start-reload/BasicFilteringRuleImpl/" done in 30.20 μs
[16:22:08] [REI-ReloadPlugins/TRACE] [REI] [REIClientPlugin END] Reloading Section: "start-reload/CategoryRegistryImpl/"
[16:22:08] [REI-ReloadPlugins/DEBUG] [REI] Added category visibility predicate: me.shedaniel.rei.impl.client.registry.category.CategoryRegistryImpl$$Lambda/0x0000022f1372aee0@61bad8e2 [0,00 priority]
[16:22:08] [REI-ReloadPlugins/TRACE] [REI] [REIClientPlugin END] Reloading Section: "start-reload/CategoryRegistryImpl/" done in 7.833 ms
[16:22:08] [REI-ReloadPlugins/TRACE] [REI] [REIClientPlugin END] Reloading Section: "start-reload/DisplayRegistryImpl/"
[16:22:08] [REI-ReloadPlugins/TRACE] [REI] [REIClientPlugin END] Reloading Section: "start-reload/DisplayRegistryImpl/" done in 335.9 μs
[16:22:08] [REI-ReloadPlugins/TRACE] [REI] [REIClientPlugin END] Reloading Section: "start-reload/ScreenRegistryImpl/"
[16:22:08] [REI-ReloadPlugins/TRACE] [REI] [REIClientPlugin END] Reloading Section: "start-reload/ScreenRegistryImpl/" done in 40.80 μs
[16:22:08] [REI-ReloadPlugins/TRACE] [REI] [REIClientPlugin END] Reloading Section: "start-reload/FavoriteEntryTypeRegistryImpl/"
[16:22:08] [REI-ReloadPlugins/TRACE] [REI] [REIClientPlugin END] Reloading Section: "start-reload/FavoriteEntryTypeRegistryImpl/" done in 29.40 μs
[16:22:08] [REI-ReloadPlugins/TRACE] [REI] [REIClientPlugin END] Reloading Section: "start-reload/SubsetsRegistryImpl/"
[16:22:08] [REI-ReloadPlugins/TRACE] [REI] [REIClientPlugin END] Reloading Section: "start-reload/SubsetsRegistryImpl/" done in 26.20 μs
[16:22:08] [REI-ReloadPlugins/TRACE] [REI] [REIClientPlugin END] Reloading Section: "start-reload/TransferHandlerRegistryImpl/"
[16:22:08] [REI-ReloadPlugins/TRACE] [REI] [REIClientPlugin END] Reloading Section: "start-reload/TransferHandlerRegistryImpl/" done in 48.10 μs
[16:22:08] [REI-ReloadPlugins/TRACE] [REI] [REIClientPlugin END] Reloading Section: "start-reload/SearchRuntime/"
[16:22:08] [REI-ReloadPlugins/DEBUG] [REI] Preparing collapsed entry groups cache with 0 entries and 1787 stacks
[16:22:08] [REI-ReloadPlugins/DEBUG] [REI] Prepared collapsed entry groups cache with 0 entries and 1787 stacks
[16:22:08] [REI-ReloadPlugins/TRACE] [REI] [REIClientPlugin END] Reloading Section: "start-reload/SearchRuntime/" done in 539.3 μs
[16:22:08] [REI-ReloadPlugins/TRACE] [REI] [REIClientPlugin END] Reloading Section: "start-reload/REIRuntimeImpl/"
[16:22:08] [REI-ReloadPlugins/TRACE] [REI] [REIClientPlugin END] Reloading Section: "start-reload/REIRuntimeImpl/" done in 37.70 μs
[16:22:08] [REI-ReloadPlugins/TRACE] [REI] [REIClientPlugin END] Reloading Section: "start-reload/ConfigAddonRegistryImpl/"
[16:22:08] [REI-ReloadPlugins/TRACE] [REI] [REIClientPlugin END] Reloading Section: "start-reload/ConfigAddonRegistryImpl/" done in 26.20 μs
[16:22:08] [REI-ReloadPlugins/TRACE] [REI] [REIClientPlugin END] Reloading Section: "start-reload/me.shedaniel.rei.plugin.client.runtime.PluginStageExecutionWatcher$1/"
[16:22:08] [REI-ReloadPlugins/TRACE] [REI] [REIClientPlugin END] Reloading Section: "start-reload/me.shedaniel.rei.plugin.client.runtime.PluginStageExecutionWatcher$1/" done in 14.40 μs
[16:22:08] [REI-ReloadPlugins/TRACE] [REI] [REIClientPlugin END] Reloading Section: "start-reload/" done in 19.45 ms
[16:22:08] [REI-ReloadPlugins/DEBUG] [REI] ========================================
[16:22:08] [REI-ReloadPlugins/DEBUG] [REI] REIClientPlugin started main-reload for END.
[16:22:08] [REI-ReloadPlugins/DEBUG] [REI] ========================================
[16:22:08] [REI-ReloadPlugins/TRACE] [REI] [REIClientPlugin END] Reloading Section: "reloadable-plugin/EntryRendererRegistryImpl/"
[16:22:08] [REI-ReloadPlugins/TRACE] [REI] [REIClientPlugin END] Reloading Section: "reloadable-plugin/EntryRendererRegistryImpl/DefaultClientPluginImpl of DefaultClientPluginImpl [roughlyenoughitems]/"
[16:22:08] [REI-ReloadPlugins/TRACE] [REI] [REIClientPlugin END] Reloading Section: "reloadable-plugin/EntryRendererRegistryImpl/DefaultClientPluginImpl of DefaultClientPluginImpl [roughlyenoughitems]/" done in 137.6 μs
[16:22:08] [REI-ReloadPlugins/TRACE] [REI] [REIClientPlugin END] Reloading Section: "reloadable-plugin/EntryRendererRegistryImpl/HideIngredientsFromTagsPlugin of HideIngredientsFromTagsPlugin [roughlyenoughitems]/"
[16:22:08] [REI-ReloadPlugins/TRACE] [REI] [REIClientPlugin END] Reloading Section: "reloadable-plugin/EntryRendererRegistryImpl/HideIngredientsFromTagsPlugin of HideIngredientsFromTagsPlugin [roughlyenoughitems]/" done in 32.70 μs
[16:22:08] [REI-ReloadPlugins/TRACE] [REI] [REIClientPlugin END] Reloading Section: "reloadable-plugin/EntryRendererRegistryImpl/DefaultClientRuntimePlugin of DefaultClientRuntimePlugin [roughlyenoughitems]/"
[16:22:08] [REI-ReloadPlugins/TRACE] [REI] [REIClientPlugin END] Reloading Section: "reloadable-plugin/EntryRendererRegistryImpl/DefaultClientRuntimePlugin of DefaultClientRuntimePlugin [roughlyenoughitems]/" done in 20.70 μs
[16:22:08] [REI-ReloadPlugins/TRACE] [REI] [REIClientPlugin END] Reloading Section: "reloadable-plugin/EntryRendererRegistryImpl/" done in 452.7 μs
[16:22:08] [REI-ReloadPlugins/TRACE] [REI] [REIClientPlugin END] Reloading Section: "reloadable-plugin/ViewsImpl/"
[16:22:08] [REI-ReloadPlugins/TRACE] [REI] [REIClientPlugin END] Reloading Section: "reloadable-plugin/ViewsImpl/DefaultClientPluginImpl of DefaultClientPluginImpl [roughlyenoughitems]/"
[16:22:08] [REI-ReloadPlugins/TRACE] [REI] [REIClientPlugin END] Reloading Section: "reloadable-plugin/ViewsImpl/DefaultClientPluginImpl of DefaultClientPluginImpl [roughlyenoughitems]/" done in 62.70 μs
[16:22:08] [REI-ReloadPlugins/TRACE] [REI] [REIClientPlugin END] Reloading Section: "reloadable-plugin/ViewsImpl/HideIngredientsFromTagsPlugin of HideIngredientsFromTagsPlugin [roughlyenoughitems]/"
[16:22:08] [REI-ReloadPlugins/TRACE] [REI] [REIClientPlugin END] Reloading Section: "reloadable-plugin/ViewsImpl/HideIngredientsFromTagsPlugin of HideIngredientsFromTagsPlugin [roughlyenoughitems]/" done in 20.60 μs
[16:22:08] [REI-ReloadPlugins/TRACE] [REI] [REIClientPlugin END] Reloading Section: "reloadable-plugin/ViewsImpl/DefaultClientRuntimePlugin of DefaultClientRuntimePlugin [roughlyenoughitems]/"
[16:22:08] [REI-ReloadPlugins/TRACE] [REI] [REIClientPlugin END] Reloading Section: "reloadable-plugin/ViewsImpl/DefaultClientRuntimePlugin of DefaultClientRuntimePlugin [roughlyenoughitems]/" done in 24.20 μs
[16:22:08] [REI-ReloadPlugins/TRACE] [REI] [REIClientPlugin END] Reloading Section: "reloadable-plugin/ViewsImpl/" done in 305.0 μs
[16:22:08] [REI-ReloadPlugins/TRACE] [REI] [REIClientPlugin END] Reloading Section: "reloadable-plugin/InputMethodRegistryImpl/"
[16:22:08] [REI-ReloadPlugins/TRACE] [REI] [REIClientPlugin END] Reloading Section: "reloadable-plugin/InputMethodRegistryImpl/DefaultClientPluginImpl of DefaultClientPluginImpl [roughlyenoughitems]/"
[16:22:08] [REI-ReloadPlugins/TRACE] [REI] [REIClientPlugin END] Reloading Section: "reloadable-plugin/InputMethodRegistryImpl/DefaultClientPluginImpl of DefaultClientPluginImpl [roughlyenoughitems]/" done in 32.00 μs
[16:22:08] [REI-ReloadPlugins/TRACE] [REI] [REIClientPlugin END] Reloading Section: "reloadable-plugin/InputMethodRegistryImpl/HideIngredientsFromTagsPlugin of HideIngredientsFromTagsPlugin [roughlyenoughitems]/"
[16:22:08] [REI-ReloadPlugins/TRACE] [REI] [REIClientPlugin END] Reloading Section: "reloadable-plugin/InputMethodRegistryImpl/HideIngredientsFromTagsPlugin of HideIngredientsFromTagsPlugin [roughlyenoughitems]/" done in 21.90 μs
[16:22:08] [REI-ReloadPlugins/TRACE] [REI] [REIClientPlugin END] Reloading Section: "reloadable-plugin/InputMethodRegistryImpl/DefaultClientRuntimePlugin of DefaultClientRuntimePlugin [roughlyenoughitems]/"
[16:22:08] [REI-ReloadPlugins/DEBUG] [REI] Added input method [rei:default]: Default
[16:22:09] [REI-ReloadPlugins/DEBUG] [REI] Added input method [rei:pinyin]: Pinyin (Mandarin)
[16:22:09] [REI-ReloadPlugins/DEBUG] [REI] Added input method [rei:jyutping]: Jyutping (Cantonese)
[16:22:09] [REI-ReloadPlugins/DEBUG] [REI] Added input method [rei:bomopofo]: Bopomofo (Mandarin)
[16:22:09] [REI-ReloadPlugins/DEBUG] [REI] Added input method [rei:double_pinyin]: Double Pinyin (Mandarin)
[16:22:09] [REI-ReloadPlugins/TRACE] [REI] [REIClientPlugin END] Reloading Section: "reloadable-plugin/InputMethodRegistryImpl/DefaultClientRuntimePlugin of DefaultClientRuntimePlugin [roughlyenoughitems]/" done in 126.7 ms
[16:22:09] [REI-ReloadPlugins/TRACE] [REI] [REIClientPlugin END] Reloading Section: "reloadable-plugin/InputMethodRegistryImpl/" done in 127.1 ms
[16:22:09] [REI-ReloadPlugins/TRACE] [REI] [REIClientPlugin END] Reloading Section: "reloadable-plugin/SearchProviderImpl/"
[16:22:09] [REI-ReloadPlugins/TRACE] [REI] [REIClientPlugin END] Reloading Section: "reloadable-plugin/SearchProviderImpl/DefaultClientPluginImpl of DefaultClientPluginImpl [roughlyenoughitems]/"
[16:22:09] [REI-ReloadPlugins/TRACE] [REI] [REIClientPlugin END] Reloading Section: "reloadable-plugin/SearchProviderImpl/DefaultClientPluginImpl of DefaultClientPluginImpl [roughlyenoughitems]/" done in 43.90 μs
[16:22:09] [REI-ReloadPlugins/TRACE] [REI] [REIClientPlugin END] Reloading Section: "reloadable-plugin/SearchProviderImpl/HideIngredientsFromTagsPlugin of HideIngredientsFromTagsPlugin [roughlyenoughitems]/"
[16:22:09] [REI-ReloadPlugins/TRACE] [REI] [REIClientPlugin END] Reloading Section: "reloadable-plugin/SearchProviderImpl/HideIngredientsFromTagsPlugin of HideIngredientsFromTagsPlugin [roughlyenoughitems]/" done in 26.90 μs
[16:22:09] [REI-ReloadPlugins/TRACE] [REI] [REIClientPlugin END] Reloading Section: "reloadable-plugin/SearchProviderImpl/DefaultClientRuntimePlugin of DefaultClientRuntimePlugin [roughlyenoughitems]/"
[16:22:09] [REI-ReloadPlugins/TRACE] [REI] [REIClientPlugin END] Reloading Section: "reloadable-plugin/SearchProviderImpl/DefaultClientRuntimePlugin of DefaultClientRuntimePlugin [roughlyenoughitems]/" done in 23.10 μs
[16:22:09] [REI-ReloadPlugins/TRACE] [REI] [REIClientPlugin END] Reloading Section: "reloadable-plugin/SearchProviderImpl/" done in 316.8 μs
[16:22:09] [REI-ReloadPlugins/TRACE] [REI] [REIClientPlugin END] Reloading Section: "reloadable-plugin/ConfigManagerImpl/"
[16:22:09] [REI-ReloadPlugins/TRACE] [REI] [REIClientPlugin END] Reloading Section: "reloadable-plugin/ConfigManagerImpl/DefaultClientPluginImpl of DefaultClientPluginImpl [roughlyenoughitems]/"
[16:22:09] [REI-ReloadPlugins/TRACE] [REI] [REIClientPlugin END] Reloading Section: "reloadable-plugin/ConfigManagerImpl/DefaultClientPluginImpl of DefaultClientPluginImpl [roughlyenoughitems]/" done in 23.30 μs
[16:22:09] [REI-ReloadPlugins/TRACE] [REI] [REIClientPlugin END] Reloading Section: "reloadable-plugin/ConfigManagerImpl/HideIngredientsFromTagsPlugin of HideIngredientsFromTagsPlugin [roughlyenoughitems]/"
[16:22:09] [REI-ReloadPlugins/TRACE] [REI] [REIClientPlugin END] Reloading Section: "reloadable-plugin/ConfigManagerImpl/HideIngredientsFromTagsPlugin of HideIngredientsFromTagsPlugin [roughlyenoughitems]/" done in 17.90 μs
[16:22:09] [REI-ReloadPlugins/TRACE] [REI] [REIClientPlugin END] Reloading Section: "reloadable-plugin/ConfigManagerImpl/DefaultClientRuntimePlugin of DefaultClientRuntimePlugin [roughlyenoughitems]/"
[16:22:09] [REI-ReloadPlugins/TRACE] [REI] [REIClientPlugin END] Reloading Section: "reloadable-plugin/ConfigManagerImpl/DefaultClientRuntimePlugin of DefaultClientRuntimePlugin [roughlyenoughitems]/" done in 16.20 μs
[16:22:09] [REI-ReloadPlugins/TRACE] [REI] [REIClientPlugin END] Reloading Section: "reloadable-plugin/ConfigManagerImpl/" done in 233.7 μs
[16:22:09] [REI-ReloadPlugins/TRACE] [REI] [REIClientPlugin END] Reloading Section: "reloadable-plugin/EntryRegistryImpl/"
[16:22:09] [REI-ReloadPlugins/TRACE] [REI] [REIClientPlugin END] Reloading Section: "reloadable-plugin/EntryRegistryImpl/DefaultClientPluginImpl of DefaultClientPluginImpl [roughlyenoughitems]/"
[16:22:09] [REI-ReloadPlugins/TRACE] [REI] [REIClientPlugin END] Reloading Section: "reloadable-plugin/EntryRegistryImpl/DefaultClientPluginImpl of DefaultClientPluginImpl [roughlyenoughitems]/" done in 17.30 μs
[16:22:09] [REI-ReloadPlugins/TRACE] [REI] [REIClientPlugin END] Reloading Section: "reloadable-plugin/EntryRegistryImpl/HideIngredientsFromTagsPlugin of HideIngredientsFromTagsPlugin [roughlyenoughitems]/"
[16:22:09] [REI-ReloadPlugins/TRACE] [REI] [REIClientPlugin END] Reloading Section: "reloadable-plugin/EntryRegistryImpl/HideIngredientsFromTagsPlugin of HideIngredientsFromTagsPlugin [roughlyenoughitems]/" done in 14.60 μs
[16:22:09] [REI-ReloadPlugins/TRACE] [REI] [REIClientPlugin END] Reloading Section: "reloadable-plugin/EntryRegistryImpl/DefaultClientRuntimePlugin of DefaultClientRuntimePlugin [roughlyenoughitems]/"
[16:22:09] [REI-ReloadPlugins/TRACE] [REI] [REIClientPlugin END] Reloading Section: "reloadable-plugin/EntryRegistryImpl/DefaultClientRuntimePlugin of DefaultClientRuntimePlugin [roughlyenoughitems]/" done in 15.80 μs
[16:22:09] [REI-ReloadPlugins/TRACE] [REI] [REIClientPlugin END] Reloading Section: "reloadable-plugin/EntryRegistryImpl/" done in 178.3 μs
[16:22:09] [REI-ReloadPlugins/TRACE] [REI] [REIClientPlugin END] Reloading Section: "reloadable-plugin/CollapsibleEntryRegistryImpl/"
[16:22:09] [REI-ReloadPlugins/TRACE] [REI] [REIClientPlugin END] Reloading Section: "reloadable-plugin/CollapsibleEntryRegistryImpl/DefaultClientPluginImpl of DefaultClientPluginImpl [roughlyenoughitems]/"
[16:22:09] [REI-ReloadPlugins/DEBUG] [REI] Added collapsible entry group [roughlyenoughitems:enchanted_book] Enchanted Book with dynamic predicate
[16:22:09] [REI-ReloadPlugins/DEBUG] [REI] Added collapsible entry group [roughlyenoughitems:potion] Potion with dynamic predicate
[16:22:09] [REI-ReloadPlugins/DEBUG] [REI] Added collapsible entry group [roughlyenoughitems:splash_potion] Splash Potion with dynamic predicate
[16:22:09] [REI-ReloadPlugins/DEBUG] [REI] Added collapsible entry group [roughlyenoughitems:lingering_potion] Lingering Potion with dynamic predicate
[16:22:09] [REI-ReloadPlugins/DEBUG] [REI] Added collapsible entry group [roughlyenoughitems:spawn_egg] Spawn Egg with dynamic predicate
[16:22:09] [REI-ReloadPlugins/DEBUG] [REI] Added collapsible entry group [roughlyenoughitems:tipped_arrow] Tipped Arrow with dynamic predicate
[16:22:09] [REI-ReloadPlugins/DEBUG] [REI] Added collapsible entry group [roughlyenoughitems:music_disc] Music Disc with dynamic predicate
[16:22:09] [REI-ReloadPlugins/TRACE] [REI] [REIClientPlugin END] Reloading Section: "reloadable-plugin/CollapsibleEntryRegistryImpl/DefaultClientPluginImpl of DefaultClientPluginImpl [roughlyenoughitems]/" done in 13.34 ms
[16:22:09] [REI-ReloadPlugins/TRACE] [REI] [REIClientPlugin END] Reloading Section: "reloadable-plugin/CollapsibleEntryRegistryImpl/HideIngredientsFromTagsPlugin of HideIngredientsFromTagsPlugin [roughlyenoughitems]/"
[16:22:09] [REI-ReloadPlugins/TRACE] [REI] [REIClientPlugin END] Reloading Section: "reloadable-plugin/CollapsibleEntryRegistryImpl/HideIngredientsFromTagsPlugin of HideIngredientsFromTagsPlugin [roughlyenoughitems]/" done in 70.10 μs
[16:22:09] [REI-ReloadPlugins/TRACE] [REI] [REIClientPlugin END] Reloading Section: "reloadable-plugin/CollapsibleEntryRegistryImpl/DefaultClientRuntimePlugin of DefaultClientRuntimePlugin [roughlyenoughitems]/"
[16:22:09] [REI-ReloadPlugins/TRACE] [REI] [REIClientPlugin END] Reloading Section: "reloadable-plugin/CollapsibleEntryRegistryImpl/DefaultClientRuntimePlugin of DefaultClientRuntimePlugin [roughlyenoughitems]/" done in 48.50 μs
[16:22:09] [REI-ReloadPlugins/TRACE] [REI] [REIClientPlugin END] Reloading Section: "reloadable-plugin/CollapsibleEntryRegistryImpl/" done in 13.92 ms
[16:22:09] [REI-ReloadPlugins/TRACE] [REI] [REIClientPlugin END] Reloading Section: "reloadable-plugin/BasicFilteringRuleImpl/"
[16:22:09] [REI-ReloadPlugins/TRACE] [REI] [REIClientPlugin END] Reloading Section: "reloadable-plugin/BasicFilteringRuleImpl/DefaultClientPluginImpl of DefaultClientPluginImpl [roughlyenoughitems]/"
[16:22:09] [REI-ReloadPlugins/TRACE] [REI] [REIClientPlugin END] Reloading Section: "reloadable-plugin/BasicFilteringRuleImpl/DefaultClientPluginImpl of DefaultClientPluginImpl [roughlyenoughitems]/" done in 53.20 μs
[16:22:09] [REI-ReloadPlugins/TRACE] [REI] [REIClientPlugin END] Reloading Section: "reloadable-plugin/BasicFilteringRuleImpl/HideIngredientsFromTagsPlugin of HideIngredientsFromTagsPlugin [roughlyenoughitems]/"
[16:22:09] [REI-ReloadPlugins/TRACE] [REI] [REIClientPlugin END] Reloading Section: "reloadable-plugin/BasicFilteringRuleImpl/HideIngredientsFromTagsPlugin of HideIngredientsFromTagsPlugin [roughlyenoughitems]/" done in 41.20 μs
[16:22:09] [REI-ReloadPlugins/TRACE] [REI] [REIClientPlugin END] Reloading Section: "reloadable-plugin/BasicFilteringRuleImpl/DefaultClientRuntimePlugin of DefaultClientRuntimePlugin [roughlyenoughitems]/"
[16:22:09] [REI-ReloadPlugins/TRACE] [REI] [REIClientPlugin END] Reloading Section: "reloadable-plugin/BasicFilteringRuleImpl/DefaultClientRuntimePlugin of DefaultClientRuntimePlugin [roughlyenoughitems]/" done in 35.60 μs
[16:22:09] [REI-ReloadPlugins/TRACE] [REI] [REIClientPlugin END] Reloading Section: "reloadable-plugin/BasicFilteringRuleImpl/" done in 658.8 μs
[16:22:09] [REI-ReloadPlugins/TRACE] [REI] [REIClientPlugin END] Reloading Section: "reloadable-plugin/CategoryRegistryImpl/"
[16:22:09] [REI-ReloadPlugins/TRACE] [REI] [REIClientPlugin END] Reloading Section: "reloadable-plugin/CategoryRegistryImpl/DefaultClientPluginImpl of DefaultClientPluginImpl [roughlyenoughitems]/"
[16:22:09] [REI-ReloadPlugins/DEBUG] [REI] Added category [minecraft:plugins/crafting]: Crafting
[16:22:09] [REI-ReloadPlugins/DEBUG] [REI] Added category [minecraft:plugins/smelting]: Smelting
[16:22:09] [REI-ReloadPlugins/DEBUG] [REI] Added category [minecraft:plugins/smoking]: Smoking
[16:22:09] [REI-ReloadPlugins/DEBUG] [REI] Added category [minecraft:plugins/blasting]: Blasting
[16:22:09] [REI-ReloadPlugins/DEBUG] [REI] Added category [minecraft:plugins/campfire]: Campfire
[16:22:09] [REI-ReloadPlugins/DEBUG] [REI] Added category [minecraft:plugins/stone_cutting]: Stone Cutting
[16:22:09] [REI-ReloadPlugins/DEBUG] [REI] Added category [minecraft:plugins/fuel]: Fuel
[16:22:09] [REI-ReloadPlugins/DEBUG] [REI] Added category [minecraft:plugins/brewing]: Brewing
[16:22:09] [REI-ReloadPlugins/DEBUG] [REI] Added category [minecraft:plugins/composting]: Composting
[16:22:09] [REI-ReloadPlugins/DEBUG] [REI] Added category [minecraft:plugins/stripping]: Stripping
[16:22:09] [REI-ReloadPlugins/DEBUG] [REI] Added category [minecraft:plugins/smithing]: Smithing
[16:22:09] [REI-ReloadPlugins/DEBUG] [REI] Added category [minecraft:plugins/anvil]: Anvil
[16:22:09] [REI-ReloadPlugins/DEBUG] [REI] Added category [minecraft:plugins/beacon_base]: Beacon Base
[16:22:09] [REI-ReloadPlugins/DEBUG] [REI] Added category [minecraft:plugins/beacon_payment]: Beacon Payment
[16:22:09] [REI-ReloadPlugins/DEBUG] [REI] Added category [minecraft:plugins/tilling]: Tilling
[16:22:09] [REI-ReloadPlugins/DEBUG] [REI] Added category [minecraft:plugins/pathing]: Pathing
[16:22:09] [REI-ReloadPlugins/DEBUG] [REI] Added category [minecraft:plugins/waxing]: Waxing
[16:22:09] [REI-ReloadPlugins/DEBUG] [REI] Added category [minecraft:plugins/wax_scraping]: Wax Scraping
[16:22:09] [REI-ReloadPlugins/DEBUG] [REI] Added category [minecraft:plugins/oxidizing]: Oxidizing
[16:22:09] [REI-ReloadPlugins/DEBUG] [REI] Added category [minecraft:plugins/oxidation_scraping]: Oxidation Scraping
[16:22:09] [REI-ReloadPlugins/DEBUG] [REI] Added category visibility predicate: me.shedaniel.rei.plugin.client.DefaultClientPlugin$$Lambda/0x0000022f13739d38@5a294336 [0,00 priority]
[16:22:09] [REI-ReloadPlugins/TRACE] [REI] [REIClientPlugin END] Reloading Section: "reloadable-plugin/CategoryRegistryImpl/DefaultClientPluginImpl of DefaultClientPluginImpl [roughlyenoughitems]/" done in 94.06 ms
[16:22:09] [REI-ReloadPlugins/TRACE] [REI] [REIClientPlugin END] Reloading Section: "reloadable-plugin/CategoryRegistryImpl/HideIngredientsFromTagsPlugin of HideIngredientsFromTagsPlugin [roughlyenoughitems]/"
[16:22:09] [REI-ReloadPlugins/TRACE] [REI] [REIClientPlugin END] Reloading Section: "reloadable-plugin/CategoryRegistryImpl/HideIngredientsFromTagsPlugin of HideIngredientsFromTagsPlugin [roughlyenoughitems]/" done in 52.80 μs
[16:22:09] [REI-ReloadPlugins/TRACE] [REI] [REIClientPlugin END] Reloading Section: "reloadable-plugin/CategoryRegistryImpl/DefaultClientRuntimePlugin of DefaultClientRuntimePlugin [roughlyenoughitems]/"
[16:22:09] [REI-ReloadPlugins/TRACE] [REI] [REIClientPlugin END] Reloading Section: "reloadable-plugin/CategoryRegistryImpl/DefaultClientRuntimePlugin of DefaultClientRuntimePlugin [roughlyenoughitems]/" done in 26.40 μs
[16:22:09] [REI-ReloadPlugins/TRACE] [REI] [REIClientPlugin END] Reloading Section: "reloadable-plugin/CategoryRegistryImpl/" done in 94.52 ms
[16:22:09] [REI-ReloadPlugins/TRACE] [REI] [REIClientPlugin END] Reloading Section: "reloadable-plugin/DisplayRegistryImpl/"
[16:22:09] [REI-ReloadPlugins/TRACE] [REI] [REIClientPlugin END] Reloading Section: "reloadable-plugin/DisplayRegistryImpl/DefaultClientPluginImpl of DefaultClientPluginImpl [roughlyenoughitems]/"
[16:22:09] [REI-ReloadPlugins/DEBUG] [REI] Added category [roughlyenoughitems:plugins/information]: Information
[16:22:09] [REI-ReloadPlugins/DEBUG] [REI] Added category [minecraft:plugins/tag]: Tag
[16:22:09] [REI-ReloadPlugins/DEBUG] [REI] Added display filter: me.shedaniel.rei.impl.client.registry.display.DisplayRegistryImpl$$Lambda/0x0000022f1373d110@1d7f632c
[16:22:09] [REI-ReloadPlugins/DEBUG] [REI] Added display filter: me.shedaniel.rei.impl.client.registry.display.DisplayRegistryImpl$$Lambda/0x0000022f1373d110@467f7c3a
[16:22:09] [REI-ReloadPlugins/DEBUG] [REI] Added display filter: me.shedaniel.rei.impl.client.registry.display.DisplayRegistryImpl$$Lambda/0x0000022f1373d110@3fc9f5b8
[16:22:09] [REI-ReloadPlugins/DEBUG] [REI] Added display filter: me.shedaniel.rei.impl.client.registry.display.DisplayRegistryImpl$$Lambda/0x0000022f1373d110@63c8ceb7
[16:22:09] [REI-ReloadPlugins/DEBUG] [REI] Added display filter: me.shedaniel.rei.impl.client.registry.display.DisplayRegistryImpl$$Lambda/0x0000022f1373d110@6dd62df
[16:22:09] [REI-ReloadPlugins/DEBUG] [REI] Added display filter: me.shedaniel.rei.impl.client.registry.display.DisplayRegistryImpl$$Lambda/0x0000022f1373d110@2290eadf
[16:22:09] [REI-ReloadPlugins/DEBUG] [REI] Added display filter: me.shedaniel.rei.impl.client.registry.display.DisplayRegistryImpl$$Lambda/0x0000022f1373d110@702c7c87
[16:22:09] [REI-ReloadPlugins/DEBUG] [REI] Added display filter: me.shedaniel.rei.impl.client.registry.display.DisplayRegistryImpl$$Lambda/0x0000022f13745368@710904ca
[16:22:09] [REI-ReloadPlugins/DEBUG] [REI] Added display filter: me.shedaniel.rei.impl.client.registry.display.DisplayRegistryImpl$$Lambda/0x0000022f1373d110@37354126
[16:22:09] [REI-ReloadPlugins/DEBUG] [REI] Added display filter: me.shedaniel.rei.impl.client.registry.display.DisplayRegistryImpl$$Lambda/0x0000022f1373d110@1cc8c22a
[16:22:09] [REI-ReloadPlugins/DEBUG] [REI] Added display filter: me.shedaniel.rei.impl.client.registry.display.DisplayRegistryImpl$$Lambda/0x0000022f1373d110@5131c93
[16:22:09] [REI-ReloadPlugins/DEBUG] [REI] Added display filter: me.shedaniel.rei.impl.client.registry.display.DisplayRegistryImpl$$Lambda/0x0000022f13745368@37b60fb7
[16:22:09] [REI-ReloadPlugins/DEBUG] [REI] Added display filter: me.shedaniel.rei.impl.client.registry.display.DisplayRegistryImpl$$Lambda/0x0000022f13745368@43c22255
[16:22:09] [REI-ReloadPlugins/DEBUG] [REI] Added display filter: me.shedaniel.rei.impl.client.registry.display.DisplayRegistryImpl$$Lambda/0x0000022f13745368@27be6eea
[16:22:09] [REI-ReloadPlugins/DEBUG] [REI] Added display filter: me.shedaniel.rei.impl.client.registry.display.DisplayRegistryImpl$$Lambda/0x0000022f13745368@30147085
[16:22:09] [REI-ReloadPlugins/DEBUG] [REI] Added display filter: me.shedaniel.rei.impl.client.registry.display.DisplayRegistryImpl$$Lambda/0x0000022f13745368@37d80a87
[16:22:09] [REI-ReloadPlugins/DEBUG] [REI] Added display filter: me.shedaniel.rei.impl.client.registry.display.DisplayRegistryImpl$$Lambda/0x0000022f13745368@655a56a3
[16:22:09] [REI-ReloadPlugins/DEBUG] [REI] Added display filter: me.shedaniel.rei.impl.client.registry.display.DisplayRegistryImpl$$Lambda/0x0000022f13745368@3147addc
[16:22:09] [REI-ReloadPlugins/DEBUG] [REI] Added display filter: me.shedaniel.rei.impl.client.registry.display.DisplayRegistryImpl$$Lambda/0x0000022f13745368@22447329
[16:22:09] [REI-ReloadPlugins/DEBUG] [REI] Added display filter: me.shedaniel.rei.impl.client.registry.display.DisplayRegistryImpl$$Lambda/0x0000022f13745368@553fc9d4
[16:22:09] [REI-ReloadPlugins/DEBUG] [REI] Added display filter: me.shedaniel.rei.impl.client.registry.display.DisplayRegistryImpl$$Lambda/0x0000022f13745368@6267729e
[16:22:09] [REI-ReloadPlugins/TRACE] [REI] [REIClientPlugin END] Reloading Section: "reloadable-plugin/DisplayRegistryImpl/DefaultClientPluginImpl of DefaultClientPluginImpl [roughlyenoughitems]/" done in 569.9 ms
[16:22:09] [REI-ReloadPlugins/TRACE] [REI] [REIClientPlugin END] Reloading Section: "reloadable-plugin/DisplayRegistryImpl/HideIngredientsFromTagsPlugin of HideIngredientsFromTagsPlugin [roughlyenoughitems]/"
[16:22:09] [REI-ReloadPlugins/TRACE] [REI] [REIClientPlugin END] Reloading Section: "reloadable-plugin/DisplayRegistryImpl/HideIngredientsFromTagsPlugin of HideIngredientsFromTagsPlugin [roughlyenoughitems]/" done in 28.20 μs
[16:22:09] [REI-ReloadPlugins/TRACE] [REI] [REIClientPlugin END] Reloading Section: "reloadable-plugin/DisplayRegistryImpl/DefaultClientRuntimePlugin of DefaultClientRuntimePlugin [roughlyenoughitems]/"
[16:22:09] [REI-ReloadPlugins/DEBUG] [REI] Computed existing filtered displays with 3 rules in 157.0 ms
[16:22:09] [REI-ReloadPlugins/DEBUG] [REI] Added display visibility predicate: me.shedaniel.rei.plugin.client.runtime.FilteredStacksVisibilityHandler@194d2800 [0,00 priority]
[16:22:09] [REI-ReloadPlugins/TRACE] [REI] [REIClientPlugin END] Reloading Section: "reloadable-plugin/DisplayRegistryImpl/DefaultClientRuntimePlugin of DefaultClientRuntimePlugin [roughlyenoughitems]/" done in 157.4 ms
[16:22:09] [REI-ReloadPlugins/TRACE] [REI] [REIClientPlugin END] Reloading Section: "reloadable-plugin/DisplayRegistryImpl/" done in 727.6 ms
[16:22:09] [REI-ReloadPlugins/TRACE] [REI] [REIClientPlugin END] Reloading Section: "reloadable-plugin/ScreenRegistryImpl/"
[16:22:09] [REI-ReloadPlugins/TRACE] [REI] [REIClientPlugin END] Reloading Section: "reloadable-plugin/ScreenRegistryImpl/DefaultClientPluginImpl of DefaultClientPluginImpl [roughlyenoughitems]/"
[16:22:09] [REI-ReloadPlugins/TRACE] [REI] [REIClientPlugin END] Reloading Section: "reloadable-plugin/ScreenRegistryImpl/DefaultClientPluginImpl of DefaultClientPluginImpl [roughlyenoughitems]/" done in 47.00 μs
[16:22:09] [REI-ReloadPlugins/TRACE] [REI] [REIClientPlugin END] Reloading Section: "reloadable-plugin/ScreenRegistryImpl/HideIngredientsFromTagsPlugin of HideIngredientsFromTagsPlugin [roughlyenoughitems]/"
[16:22:09] [REI-ReloadPlugins/TRACE] [REI] [REIClientPlugin END] Reloading Section: "reloadable-plugin/ScreenRegistryImpl/HideIngredientsFromTagsPlugin of HideIngredientsFromTagsPlugin [roughlyenoughitems]/" done in 14.90 μs
[16:22:09] [REI-ReloadPlugins/TRACE] [REI] [REIClientPlugin END] Reloading Section: "reloadable-plugin/ScreenRegistryImpl/DefaultClientRuntimePlugin of DefaultClientRuntimePlugin [roughlyenoughitems]/"
[16:22:09] [REI-ReloadPlugins/TRACE] [REI] [REIClientPlugin END] Reloading Section: "reloadable-plugin/ScreenRegistryImpl/DefaultClientRuntimePlugin of DefaultClientRuntimePlugin [roughlyenoughitems]/" done in 8.200 μs
[16:22:09] [REI-ReloadPlugins/TRACE] [REI] [REIClientPlugin END] Reloading Section: "reloadable-plugin/ScreenRegistryImpl/" done in 203.5 μs
[16:22:09] [REI-ReloadPlugins/TRACE] [REI] [REIClientPlugin END] Reloading Section: "reloadable-plugin/FavoriteEntryTypeRegistryImpl/"
[16:22:09] [REI-ReloadPlugins/TRACE] [REI] [REIClientPlugin END] Reloading Section: "reloadable-plugin/FavoriteEntryTypeRegistryImpl/DefaultClientPluginImpl of DefaultClientPluginImpl [roughlyenoughitems]/"
[16:22:09] [REI-ReloadPlugins/TRACE] [REI] [REIClientPlugin END] Reloading Section: "reloadable-plugin/FavoriteEntryTypeRegistryImpl/DefaultClientPluginImpl of DefaultClientPluginImpl [roughlyenoughitems]/" done in 11.10 μs
[16:22:09] [REI-ReloadPlugins/TRACE] [REI] [REIClientPlugin END] Reloading Section: "reloadable-plugin/FavoriteEntryTypeRegistryImpl/HideIngredientsFromTagsPlugin of HideIngredientsFromTagsPlugin [roughlyenoughitems]/"
[16:22:09] [REI-ReloadPlugins/TRACE] [REI] [REIClientPlugin END] Reloading Section: "reloadable-plugin/FavoriteEntryTypeRegistryImpl/HideIngredientsFromTagsPlugin of HideIngredientsFromTagsPlugin [roughlyenoughitems]/" done in 7.500 μs
[16:22:09] [REI-ReloadPlugins/TRACE] [REI] [REIClientPlugin END] Reloading Section: "reloadable-plugin/FavoriteEntryTypeRegistryImpl/DefaultClientRuntimePlugin of DefaultClientRuntimePlugin [roughlyenoughitems]/"
[16:22:09] [REI-ReloadPlugins/TRACE] [REI] [REIClientPlugin END] Reloading Section: "reloadable-plugin/FavoriteEntryTypeRegistryImpl/DefaultClientRuntimePlugin of DefaultClientRuntimePlugin [roughlyenoughitems]/" done in 9.000 μs
[16:22:09] [REI-ReloadPlugins/TRACE] [REI] [REIClientPlugin END] Reloading Section: "reloadable-plugin/FavoriteEntryTypeRegistryImpl/" done in 103.7 μs
[16:22:09] [REI-ReloadPlugins/TRACE] [REI] [REIClientPlugin END] Reloading Section: "reloadable-plugin/SubsetsRegistryImpl/"
[16:22:09] [REI-ReloadPlugins/TRACE] [REI] [REIClientPlugin END] Reloading Section: "reloadable-plugin/SubsetsRegistryImpl/DefaultClientPluginImpl of DefaultClientPluginImpl [roughlyenoughitems]/"
[16:22:09] [REI-ReloadPlugins/TRACE] [REI] [REIClientPlugin END] Reloading Section: "reloadable-plugin/SubsetsRegistryImpl/DefaultClientPluginImpl of DefaultClientPluginImpl [roughlyenoughitems]/" done in 12.70 μs
[16:22:09] [REI-ReloadPlugins/TRACE] [REI] [REIClientPlugin END] Reloading Section: "reloadable-plugin/SubsetsRegistryImpl/HideIngredientsFromTagsPlugin of HideIngredientsFromTagsPlugin [roughlyenoughitems]/"
[16:22:09] [REI-ReloadPlugins/TRACE] [REI] [REIClientPlugin END] Reloading Section: "reloadable-plugin/SubsetsRegistryImpl/HideIngredientsFromTagsPlugin of HideIngredientsFromTagsPlugin [roughlyenoughitems]/" done in 29.30 μs
[16:22:09] [REI-ReloadPlugins/TRACE] [REI] [REIClientPlugin END] Reloading Section: "reloadable-plugin/SubsetsRegistryImpl/DefaultClientRuntimePlugin of DefaultClientRuntimePlugin [roughlyenoughitems]/"
[16:22:09] [REI-ReloadPlugins/TRACE] [REI] [REIClientPlugin END] Reloading Section: "reloadable-plugin/SubsetsRegistryImpl/DefaultClientRuntimePlugin of DefaultClientRuntimePlugin [roughlyenoughitems]/" done in 12.10 μs
[16:22:09] [REI-ReloadPlugins/TRACE] [REI] [REIClientPlugin END] Reloading Section: "reloadable-plugin/SubsetsRegistryImpl/" done in 138.6 μs
[16:22:09] [REI-ReloadPlugins/TRACE] [REI] [REIClientPlugin END] Reloading Section: "reloadable-plugin/TransferHandlerRegistryImpl/"
[16:22:09] [REI-ReloadPlugins/TRACE] [REI] [REIClientPlugin END] Reloading Section: "reloadable-plugin/TransferHandlerRegistryImpl/DefaultClientPluginImpl of DefaultClientPluginImpl [roughlyenoughitems]/"
[16:22:09] [REI-ReloadPlugins/DEBUG] [REI] Added transfer handler: me.shedaniel.rei.api.client.registry.transfer.simple.SimpleTransferHandler$1@5b99af26 [0,00 priority]
[16:22:09] [REI-ReloadPlugins/DEBUG] [REI] Added transfer handler: me.shedaniel.rei.plugin.autocrafting.InventoryCraftingTransferHandler@5ec5253 [0,00 priority]
[16:22:09] [REI-ReloadPlugins/DEBUG] [REI] Added transfer handler: me.shedaniel.rei.api.client.registry.transfer.simple.SimpleTransferHandler$1@4893ecf1 [0,00 priority]
[16:22:09] [REI-ReloadPlugins/DEBUG] [REI] Added transfer handler: me.shedaniel.rei.api.client.registry.transfer.simple.SimpleTransferHandler$1@44fb021e [0,00 priority]
[16:22:09] [REI-ReloadPlugins/DEBUG] [REI] Added transfer handler: me.shedaniel.rei.api.client.registry.transfer.simple.SimpleTransferHandler$1@6df9bef [0,00 priority]
[16:22:09] [REI-ReloadPlugins/DEBUG] [REI] Added transfer handler: me.shedaniel.rei.plugin.autocrafting.recipebook.DefaultRecipeBookHandler@50685a6e [-20,00 priority]
[16:22:09] [REI-ReloadPlugins/TRACE] [REI] [REIClientPlugin END] Reloading Section: "reloadable-plugin/TransferHandlerRegistryImpl/DefaultClientPluginImpl of DefaultClientPluginImpl [roughlyenoughitems]/" done in 13.74 ms
[16:22:09] [REI-ReloadPlugins/TRACE] [REI] [REIClientPlugin END] Reloading Section: "reloadable-plugin/TransferHandlerRegistryImpl/HideIngredientsFromTagsPlugin of HideIngredientsFromTagsPlugin [roughlyenoughitems]/"
[16:22:09] [REI-ReloadPlugins/TRACE] [REI] [REIClientPlugin END] Reloading Section: "reloadable-plugin/TransferHandlerRegistryImpl/HideIngredientsFromTagsPlugin of HideIngredientsFromTagsPlugin [roughlyenoughitems]/" done in 43.50 μs
[16:22:09] [REI-ReloadPlugins/TRACE] [REI] [REIClientPlugin END] Reloading Section: "reloadable-plugin/TransferHandlerRegistryImpl/DefaultClientRuntimePlugin of DefaultClientRuntimePlugin [roughlyenoughitems]/"
[16:22:09] [REI-ReloadPlugins/DEBUG] [REI] Added transfer handler: me.shedaniel.rei.plugin.autocrafting.DefaultCategoryHandler@572a41f9 [-10,00 priority]
[16:22:09] [REI-ReloadPlugins/TRACE] [REI] [REIClientPlugin END] Reloading Section: "reloadable-plugin/TransferHandlerRegistryImpl/DefaultClientRuntimePlugin of DefaultClientRuntimePlugin [roughlyenoughitems]/" done in 3.656 ms
[16:22:09] [REI-ReloadPlugins/TRACE] [REI] [REIClientPlugin END] Reloading Section: "reloadable-plugin/TransferHandlerRegistryImpl/" done in 17.73 ms
[16:22:09] [REI-ReloadPlugins/TRACE] [REI] [REIClientPlugin END] Reloading Section: "reloadable-plugin/SearchRuntime/"
[16:22:09] [REI-ReloadPlugins/TRACE] [REI] [REIClientPlugin END] Reloading Section: "reloadable-plugin/SearchRuntime/DefaultClientPluginImpl of DefaultClientPluginImpl [roughlyenoughitems]/"
[16:22:09] [REI-ReloadPlugins/TRACE] [REI] [REIClientPlugin END] Reloading Section: "reloadable-plugin/SearchRuntime/DefaultClientPluginImpl of DefaultClientPluginImpl [roughlyenoughitems]/" done in 21.40 μs
[16:22:09] [REI-ReloadPlugins/TRACE] [REI] [REIClientPlugin END] Reloading Section: "reloadable-plugin/SearchRuntime/HideIngredientsFromTagsPlugin of HideIngredientsFromTagsPlugin [roughlyenoughitems]/"
[16:22:09] [REI-ReloadPlugins/TRACE] [REI] [REIClientPlugin END] Reloading Section: "reloadable-plugin/SearchRuntime/HideIngredientsFromTagsPlugin of HideIngredientsFromTagsPlugin [roughlyenoughitems]/" done in 13.30 μs
[16:22:09] [REI-ReloadPlugins/TRACE] [REI] [REIClientPlugin END] Reloading Section: "reloadable-plugin/SearchRuntime/DefaultClientRuntimePlugin of DefaultClientRuntimePlugin [roughlyenoughitems]/"
[16:22:09] [REI-ReloadPlugins/TRACE] [REI] [REIClientPlugin END] Reloading Section: "reloadable-plugin/SearchRuntime/DefaultClientRuntimePlugin of DefaultClientRuntimePlugin [roughlyenoughitems]/" done in 9.800 μs
[16:22:09] [REI-ReloadPlugins/TRACE] [REI] [REIClientPlugin END] Reloading Section: "reloadable-plugin/SearchRuntime/" done in 146.8 μs
[16:22:09] [REI-ReloadPlugins/TRACE] [REI] [REIClientPlugin END] Reloading Section: "reloadable-plugin/REIRuntimeImpl/"
[16:22:09] [REI-ReloadPlugins/TRACE] [REI] [REIClientPlugin END] Reloading Section: "reloadable-plugin/REIRuntimeImpl/DefaultClientPluginImpl of DefaultClientPluginImpl [roughlyenoughitems]/"
[16:22:09] [REI-ReloadPlugins/TRACE] [REI] [REIClientPlugin END] Reloading Section: "reloadable-plugin/REIRuntimeImpl/DefaultClientPluginImpl of DefaultClientPluginImpl [roughlyenoughitems]/" done in 12.90 μs
[16:22:09] [REI-ReloadPlugins/TRACE] [REI] [REIClientPlugin END] Reloading Section: "reloadable-plugin/REIRuntimeImpl/HideIngredientsFromTagsPlugin of HideIngredientsFromTagsPlugin [roughlyenoughitems]/"
[16:22:09] [REI-ReloadPlugins/TRACE] [REI] [REIClientPlugin END] Reloading Section: "reloadable-plugin/REIRuntimeImpl/HideIngredientsFromTagsPlugin of HideIngredientsFromTagsPlugin [roughlyenoughitems]/" done in 9.700 μs
[16:22:09] [REI-ReloadPlugins/TRACE] [REI] [REIClientPlugin END] Reloading Section: "reloadable-plugin/REIRuntimeImpl/DefaultClientRuntimePlugin of DefaultClientRuntimePlugin [roughlyenoughitems]/"
[16:22:09] [REI-ReloadPlugins/TRACE] [REI] [REIClientPlugin END] Reloading Section: "reloadable-plugin/REIRuntimeImpl/DefaultClientRuntimePlugin of DefaultClientRuntimePlugin [roughlyenoughitems]/" done in 29.50 μs
[16:22:09] [REI-ReloadPlugins/TRACE] [REI] [REIClientPlugin END] Reloading Section: "reloadable-plugin/REIRuntimeImpl/" done in 130.4 μs
[16:22:09] [REI-ReloadPlugins/TRACE] [REI] [REIClientPlugin END] Reloading Section: "reloadable-plugin/ConfigAddonRegistryImpl/"
[16:22:09] [REI-ReloadPlugins/TRACE] [REI] [REIClientPlugin END] Reloading Section: "reloadable-plugin/ConfigAddonRegistryImpl/DefaultClientPluginImpl of DefaultClientPluginImpl [roughlyenoughitems]/"
[16:22:09] [REI-ReloadPlugins/TRACE] [REI] [REIClientPlugin END] Reloading Section: "reloadable-plugin/ConfigAddonRegistryImpl/DefaultClientPluginImpl of DefaultClientPluginImpl [roughlyenoughitems]/" done in 23.10 μs
[16:22:09] [REI-ReloadPlugins/TRACE] [REI] [REIClientPlugin END] Reloading Section: "reloadable-plugin/ConfigAddonRegistryImpl/HideIngredientsFromTagsPlugin of HideIngredientsFromTagsPlugin [roughlyenoughitems]/"
[16:22:09] [REI-ReloadPlugins/TRACE] [REI] [REIClientPlugin END] Reloading Section: "reloadable-plugin/ConfigAddonRegistryImpl/HideIngredientsFromTagsPlugin of HideIngredientsFromTagsPlugin [roughlyenoughitems]/" done in 16.10 μs
[16:22:09] [REI-ReloadPlugins/TRACE] [REI] [REIClientPlugin END] Reloading Section: "reloadable-plugin/ConfigAddonRegistryImpl/DefaultClientRuntimePlugin of DefaultClientRuntimePlugin [roughlyenoughitems]/"
[16:22:09] [REI-ReloadPlugins/TRACE] [REI] [REIClientPlugin END] Reloading Section: "reloadable-plugin/ConfigAddonRegistryImpl/DefaultClientRuntimePlugin of DefaultClientRuntimePlugin [roughlyenoughitems]/" done in 11.90 μs
[16:22:09] [REI-ReloadPlugins/TRACE] [REI] [REIClientPlugin END] Reloading Section: "reloadable-plugin/ConfigAddonRegistryImpl/" done in 131.6 μs
[16:22:09] [REI-ReloadPlugins/TRACE] [REI] [REIClientPlugin END] Reloading Section: "reloadable-plugin/me.shedaniel.rei.plugin.client.runtime.PluginStageExecutionWatcher$1/"
[16:22:09] [REI-ReloadPlugins/TRACE] [REI] [REIClientPlugin END] Reloading Section: "reloadable-plugin/me.shedaniel.rei.plugin.client.runtime.PluginStageExecutionWatcher$1/DefaultClientPluginImpl of DefaultClientPluginImpl [roughlyenoughitems]/"
[16:22:09] [REI-ReloadPlugins/TRACE] [REI] [REIClientPlugin END] Reloading Section: "reloadable-plugin/me.shedaniel.rei.plugin.client.runtime.PluginStageExecutionWatcher$1/DefaultClientPluginImpl of DefaultClientPluginImpl [roughlyenoughitems]/" done in 9.300 μs
[16:22:09] [REI-ReloadPlugins/TRACE] [REI] [REIClientPlugin END] Reloading Section: "reloadable-plugin/me.shedaniel.rei.plugin.client.runtime.PluginStageExecutionWatcher$1/HideIngredientsFromTagsPlugin of HideIngredientsFromTagsPlugin [roughlyenoughitems]/"
[16:22:09] [REI-ReloadPlugins/TRACE] [REI] [REIClientPlugin END] Reloading Section: "reloadable-plugin/me.shedaniel.rei.plugin.client.runtime.PluginStageExecutionWatcher$1/HideIngredientsFromTagsPlugin of HideIngredientsFromTagsPlugin [roughlyenoughitems]/" done in 9.800 μs
[16:22:09] [REI-ReloadPlugins/TRACE] [REI] [REIClientPlugin END] Reloading Section: "reloadable-plugin/me.shedaniel.rei.plugin.client.runtime.PluginStageExecutionWatcher$1/DefaultClientRuntimePlugin of DefaultClientRuntimePlugin [roughlyenoughitems]/"
[16:22:09] [REI-ReloadPlugins/TRACE] [REI] [REIClientPlugin END] Reloading Section: "reloadable-plugin/me.shedaniel.rei.plugin.client.runtime.PluginStageExecutionWatcher$1/DefaultClientRuntimePlugin of DefaultClientRuntimePlugin [roughlyenoughitems]/" done in 10.60 μs
[16:22:09] [REI-ReloadPlugins/TRACE] [REI] [REIClientPlugin END] Reloading Section: "reloadable-plugin/me.shedaniel.rei.plugin.client.runtime.PluginStageExecutionWatcher$1/" done in 118.3 μs
[16:22:09] [REI-ReloadPlugins/DEBUG] [REI] ========================================
[16:22:09] [REI-ReloadPlugins/DEBUG] [REI] REIClientPlugin ending main-reload for END.
[16:22:09] [REI-ReloadPlugins/DEBUG] [REI] ========================================
[16:22:09] [REI-ReloadPlugins/TRACE] [REI] [REIClientPlugin END] Reloading Section: "end-reload/"
[16:22:09] [REI-ReloadPlugins/TRACE] [REI] [REIClientPlugin END] Reloading Section: "end-reload/EntryRendererRegistryImpl/"
[16:22:09] [REI-ReloadPlugins/TRACE] [REI] [REIClientPlugin END] Reloading Section: "end-reload/EntryRendererRegistryImpl/" done in 11.10 μs
[16:22:09] [REI-ReloadPlugins/TRACE] [REI] [REIClientPlugin END] Reloading Section: "end-reload/ViewsImpl/"
[16:22:09] [REI-ReloadPlugins/TRACE] [REI] [REIClientPlugin END] Reloading Section: "end-reload/ViewsImpl/" done in 8.800 μs
[16:22:09] [REI-ReloadPlugins/TRACE] [REI] [REIClientPlugin END] Reloading Section: "end-reload/InputMethodRegistryImpl/"
[16:22:09] [REI-ReloadPlugins/DEBUG] [REI] Registered 5 input methods: Default, Jyutping (Cantonese), Pinyin (Mandarin), Bopomofo (Mandarin), Double Pinyin (Mandarin)
[16:22:09] [REI-ReloadPlugins/TRACE] [REI] [REIClientPlugin END] Reloading Section: "end-reload/InputMethodRegistryImpl/" done in 7.068 ms
[16:22:09] [REI-ReloadPlugins/TRACE] [REI] [REIClientPlugin END] Reloading Section: "end-reload/SearchProviderImpl/"
[16:22:09] [REI-ReloadPlugins/TRACE] [REI] [REIClientPlugin END] Reloading Section: "end-reload/SearchProviderImpl/" done in 18.40 μs
[16:22:09] [REI-ReloadPlugins/TRACE] [REI] [REIClientPlugin END] Reloading Section: "end-reload/ConfigManagerImpl/"
[16:22:09] [REI-ReloadPlugins/TRACE] [REI] [REIClientPlugin END] Reloading Section: "end-reload/ConfigManagerImpl/" done in 10.10 μs
[16:22:09] [REI-ReloadPlugins/TRACE] [REI] [REIClientPlugin END] Reloading Section: "end-reload/EntryRegistryImpl/"
[16:22:09] [REI-ReloadPlugins/TRACE] [REI] [REIClientPlugin END] Reloading Section: "end-reload/EntryRegistryImpl/" done in 8.500 μs
[16:22:09] [REI-ReloadPlugins/TRACE] [REI] [REIClientPlugin END] Reloading Section: "end-reload/CollapsibleEntryRegistryImpl/"
[16:22:09] [REI-ReloadPlugins/DEBUG] [REI] Recollecting custom collapsible entry groups
[16:22:09] [REI-ReloadPlugins/DEBUG] [REI] Registered 0 custom collapsible entry groups: 
[16:22:09] [REI-ReloadPlugins/DEBUG] [REI] Registered 7 collapsible entry groups: Enchanted Book, Potion, Splash Potion, Lingering Potion, Spawn Egg, Tipped Arrow, Music Disc
[16:22:09] [REI-ReloadPlugins/TRACE] [REI] [REIClientPlugin END] Reloading Section: "end-reload/CollapsibleEntryRegistryImpl/" done in 1.959 ms
[16:22:09] [REI-ReloadPlugins/TRACE] [REI] [REIClientPlugin END] Reloading Section: "end-reload/BasicFilteringRuleImpl/"
[16:22:09] [REI-ReloadPlugins/TRACE] [REI] [REIClientPlugin END] Reloading Section: "end-reload/BasicFilteringRuleImpl/" done in 17.40 μs
[16:22:09] [REI-ReloadPlugins/TRACE] [REI] [REIClientPlugin END] Reloading Section: "end-reload/CategoryRegistryImpl/"
[16:22:09] [REI-ReloadPlugins/DEBUG] [REI] Registered 22 categories: Crafting, Smelting, Smoking, Blasting, Campfire, Stone Cutting, Fuel, Brewing, Composting, Stripping, Smithing, Anvil, Beacon Base, Beacon Payment, Tilling, Pathing, Waxing, Wax Scraping, Oxidizing, Oxidation Scraping, Information, Tag
[16:22:09] [REI-ReloadPlugins/TRACE] [REI] [REIClientPlugin END] Reloading Section: "end-reload/CategoryRegistryImpl/" done in 938.1 μs
[16:22:09] [REI-ReloadPlugins/TRACE] [REI] [REIClientPlugin END] Reloading Section: "end-reload/DisplayRegistryImpl/"
[16:22:09] [REI-ReloadPlugins/DEBUG] [REI] Found preliminary 4091 displays
[16:22:10] [REI-ReloadPlugins/DEBUG] [REI] Filled 1758 displays from recipe manager in 66.18 ms
[16:22:10] [REI-ReloadPlugins/DEBUG] [REI] Removing 0 failed displays
[16:22:10] [REI-ReloadPlugins/DEBUG] [REI] Processing 5849 displays for optimal lookup performance...
[16:22:10] [REI-ReloadPlugins/DEBUG] [REI] Processed displays for optimal lookup performance in 61.77 ms.
[16:22:10] [REI-ReloadPlugins/DEBUG] [REI] 5849 displays registration have completed
[16:22:10] [REI-ReloadPlugins/TRACE] [REI] [REIClientPlugin END] Reloading Section: "end-reload/DisplayRegistryImpl/" done in 134.6 ms
[16:22:10] [REI-ReloadPlugins/TRACE] [REI] [REIClientPlugin END] Reloading Section: "end-reload/ScreenRegistryImpl/"
[16:22:10] [REI-ReloadPlugins/TRACE] [REI] [REIClientPlugin END] Reloading Section: "end-reload/ScreenRegistryImpl/" done in 32.60 μs
[16:22:10] [REI-ReloadPlugins/TRACE] [REI] [REIClientPlugin END] Reloading Section: "end-reload/FavoriteEntryTypeRegistryImpl/"
[16:22:10] [REI-ReloadPlugins/TRACE] [REI] [REIClientPlugin END] Reloading Section: "end-reload/FavoriteEntryTypeRegistryImpl/" done in 17.80 μs
[16:22:10] [REI-ReloadPlugins/TRACE] [REI] [REIClientPlugin END] Reloading Section: "end-reload/SubsetsRegistryImpl/"
[16:22:10] [REI-ReloadPlugins/TRACE] [REI] [REIClientPlugin END] Reloading Section: "end-reload/SubsetsRegistryImpl/" done in 34.20 μs
[16:22:10] [REI-ReloadPlugins/TRACE] [REI] [REIClientPlugin END] Reloading Section: "end-reload/TransferHandlerRegistryImpl/"
[16:22:10] [REI-ReloadPlugins/DEBUG] [REI] Registered 7 transfer handlers
[16:22:10] [REI-ReloadPlugins/TRACE] [REI] [REIClientPlugin END] Reloading Section: "end-reload/TransferHandlerRegistryImpl/" done in 217.5 μs
[16:22:10] [REI-ReloadPlugins/TRACE] [REI] [REIClientPlugin END] Reloading Section: "end-reload/SearchRuntime/"
[16:22:10] [REI-ReloadPlugins/TRACE] [REI] Preparing 12509 stacks for search arguments
[16:22:10] [REI-ReloadPlugins/TRACE] [REI] Prepared 12509 / 12509 stacks for search arguments in 48ms
[16:22:10] [REI-ReloadPlugins/DEBUG] [REI] Preparing collapsed entry groups cache with 7 entries and 1787 stacks
[16:22:10] [REI-ReloadPlugins/DEBUG] [REI] Prepared collapsed entry groups cache with 7 entries and 1787 stacks
[16:22:10] [REI-ReloadPlugins/TRACE] [REI] [REIClientPlugin END] Reloading Section: "end-reload/SearchRuntime/" done in 48.93 ms
[16:22:10] [REI-ReloadPlugins/TRACE] [REI] [REIClientPlugin END] Reloading Section: "end-reload/REIRuntimeImpl/"
[16:22:10] [REI-ReloadPlugins/TRACE] [REI] [REIClientPlugin END] Reloading Section: "end-reload/REIRuntimeImpl/" done in 19.20 μs
[16:22:10] [REI-ReloadPlugins/TRACE] [REI] [REIClientPlugin END] Reloading Section: "end-reload/ConfigAddonRegistryImpl/"
[16:22:10] [REI-ReloadPlugins/DEBUG] [REI] Registered 0 config addons
[16:22:10] [REI-ReloadPlugins/TRACE] [REI] [REIClientPlugin END] Reloading Section: "end-reload/ConfigAddonRegistryImpl/" done in 93.10 μs
[16:22:10] [REI-ReloadPlugins/TRACE] [REI] [REIClientPlugin END] Reloading Section: "end-reload/me.shedaniel.rei.plugin.client.runtime.PluginStageExecutionWatcher$1/"
[16:22:10] [REI-ReloadPlugins/TRACE] [REI] [REIClientPlugin END] Reloading Section: "end-reload/me.shedaniel.rei.plugin.client.runtime.PluginStageExecutionWatcher$1/" done in 10.40 μs
[16:22:10] [REI-ReloadPlugins/TRACE] [REI] [REIClientPlugin END] Reloading Section: "end-reload/" done in 194.9 ms
[16:22:10] [REI-ReloadPlugins/DEBUG] [REI] ========================================
[16:22:10] [REI-ReloadPlugins/DEBUG] [REI] REIClientPlugin ended main-reload for END in 1.203 s.
[16:22:10] [REI-ReloadPlugins/DEBUG] [REI] ========================================
[16:22:10] [REI-ReloadPlugins/INFO] [REI] OOOOOOOOOOOOOOOOOOOOOOOOOOOOOOOOOOOOOOOO
[16:22:10] [REI-ReloadPlugins/INFO] [REI] REIServerPlugin starting main-reload for END.
[16:22:10] [REI-ReloadPlugins/DEBUG] [REI] Reloadables (3):
[16:22:10] [REI-ReloadPlugins/DEBUG] [REI]  - MenuInfoRegistryImpl
[16:22:10] [REI-ReloadPlugins/DEBUG] [REI]  - SlotAccessorRegistryImpl
[16:22:10] [REI-ReloadPlugins/DEBUG] [REI]  - me.shedaniel.rei.plugin.client.runtime.PluginStageExecutionWatcher$1
[16:22:10] [REI-ReloadPlugins/INFO] [REI] Plugins (2):
[16:22:10] [REI-ReloadPlugins/INFO] [REI]  - (-100,00) DefaultPluginImpl of DefaultPluginImpl [roughlyenoughitems]
[16:22:10] [REI-ReloadPlugins/INFO] [REI]  - (0,00) DefaultRuntimePlugin of DefaultRuntimePlugin [roughlyenoughitems]
[16:22:10] [REI-ReloadPlugins/INFO] [REI] OOOOOOOOOOOOOOOOOOOOOOOOOOOOOOOOOOOOOOOO
[16:22:10] [REI-ReloadPlugins/TRACE] [REI] [REIServerPlugin END] Reloading Section: "start-reload/"
[16:22:10] [REI-ReloadPlugins/TRACE] [REI] [REIServerPlugin END] Reloading Section: "start-reload/MenuInfoRegistryImpl/"
[16:22:10] [REI-ReloadPlugins/TRACE] [REI] [REIServerPlugin END] Reloading Section: "start-reload/MenuInfoRegistryImpl/" done in 20.60 μs
[16:22:10] [REI-ReloadPlugins/TRACE] [REI] [REIServerPlugin END] Reloading Section: "start-reload/SlotAccessorRegistryImpl/"
[16:22:10] [REI-ReloadPlugins/TRACE] [REI] [REIServerPlugin END] Reloading Section: "start-reload/SlotAccessorRegistryImpl/" done in 14.10 μs
[16:22:10] [REI-ReloadPlugins/TRACE] [REI] [REIServerPlugin END] Reloading Section: "start-reload/me.shedaniel.rei.plugin.client.runtime.PluginStageExecutionWatcher$1/"
[16:22:10] [REI-ReloadPlugins/TRACE] [REI] [REIServerPlugin END] Reloading Section: "start-reload/me.shedaniel.rei.plugin.client.runtime.PluginStageExecutionWatcher$1/" done in 11.60 μs
[16:22:10] [REI-ReloadPlugins/TRACE] [REI] [REIServerPlugin END] Reloading Section: "start-reload/" done in 139.5 μs
[16:22:10] [REI-ReloadPlugins/DEBUG] [REI] ========================================
[16:22:10] [REI-ReloadPlugins/DEBUG] [REI] REIServerPlugin started main-reload for END.
[16:22:10] [REI-ReloadPlugins/DEBUG] [REI] ========================================
[16:22:10] [REI-ReloadPlugins/TRACE] [REI] [REIServerPlugin END] Reloading Section: "reloadable-plugin/MenuInfoRegistryImpl/"
[16:22:10] [REI-ReloadPlugins/TRACE] [REI] [REIServerPlugin END] Reloading Section: "reloadable-plugin/MenuInfoRegistryImpl/DefaultPluginImpl of DefaultPluginImpl [roughlyenoughitems]/"
[16:22:10] [REI-ReloadPlugins/TRACE] [REI] [REIServerPlugin END] Reloading Section: "reloadable-plugin/MenuInfoRegistryImpl/DefaultPluginImpl of DefaultPluginImpl [roughlyenoughitems]/" done in 39.60 μs
[16:22:10] [REI-ReloadPlugins/TRACE] [REI] [REIServerPlugin END] Reloading Section: "reloadable-plugin/MenuInfoRegistryImpl/DefaultRuntimePlugin of DefaultRuntimePlugin [roughlyenoughitems]/"
[16:22:10] [REI-ReloadPlugins/TRACE] [REI] [REIServerPlugin END] Reloading Section: "reloadable-plugin/MenuInfoRegistryImpl/DefaultRuntimePlugin of DefaultRuntimePlugin [roughlyenoughitems]/" done in 14.20 μs
[16:22:10] [REI-ReloadPlugins/TRACE] [REI] [REIServerPlugin END] Reloading Section: "reloadable-plugin/MenuInfoRegistryImpl/" done in 128.8 μs
[16:22:10] [REI-ReloadPlugins/TRACE] [REI] [REIServerPlugin END] Reloading Section: "reloadable-plugin/SlotAccessorRegistryImpl/"
[16:22:10] [REI-ReloadPlugins/TRACE] [REI] [REIServerPlugin END] Reloading Section: "reloadable-plugin/SlotAccessorRegistryImpl/DefaultPluginImpl of DefaultPluginImpl [roughlyenoughitems]/"
[16:22:10] [REI-ReloadPlugins/TRACE] [REI] [REIServerPlugin END] Reloading Section: "reloadable-plugin/SlotAccessorRegistryImpl/DefaultPluginImpl of DefaultPluginImpl [roughlyenoughitems]/" done in 18.60 μs
[16:22:10] [REI-ReloadPlugins/TRACE] [REI] [REIServerPlugin END] Reloading Section: "reloadable-plugin/SlotAccessorRegistryImpl/DefaultRuntimePlugin of DefaultRuntimePlugin [roughlyenoughitems]/"
[16:22:10] [REI-ReloadPlugins/DEBUG] [REI] Added slot accessor serializer: me.shedaniel.rei.plugin.common.runtime.DefaultRuntimePlugin$1@4d80b176 [roughlyenoughitems:vanilla]
[16:22:10] [REI-ReloadPlugins/DEBUG] [REI] Added slot accessor serializer: me.shedaniel.rei.plugin.common.runtime.DefaultRuntimePlugin$2@ee34fd0 [roughlyenoughitems:player]
[16:22:10] [REI-ReloadPlugins/TRACE] [REI] [REIServerPlugin END] Reloading Section: "reloadable-plugin/SlotAccessorRegistryImpl/DefaultRuntimePlugin of DefaultRuntimePlugin [roughlyenoughitems]/" done in 8.195 ms
[16:22:10] [REI-ReloadPlugins/TRACE] [REI] [REIServerPlugin END] Reloading Section: "reloadable-plugin/SlotAccessorRegistryImpl/" done in 8.331 ms
[16:22:10] [REI-ReloadPlugins/TRACE] [REI] [REIServerPlugin END] Reloading Section: "reloadable-plugin/me.shedaniel.rei.plugin.client.runtime.PluginStageExecutionWatcher$1/"
[16:22:10] [REI-ReloadPlugins/TRACE] [REI] [REIServerPlugin END] Reloading Section: "reloadable-plugin/me.shedaniel.rei.plugin.client.runtime.PluginStageExecutionWatcher$1/DefaultPluginImpl of DefaultPluginImpl [roughlyenoughitems]/"
[16:22:10] [REI-ReloadPlugins/TRACE] [REI] [REIServerPlugin END] Reloading Section: "reloadable-plugin/me.shedaniel.rei.plugin.client.runtime.PluginStageExecutionWatcher$1/DefaultPluginImpl of DefaultPluginImpl [roughlyenoughitems]/" done in 29.20 μs
[16:22:10] [REI-ReloadPlugins/TRACE] [REI] [REIServerPlugin END] Reloading Section: "reloadable-plugin/me.shedaniel.rei.plugin.client.runtime.PluginStageExecutionWatcher$1/DefaultRuntimePlugin of DefaultRuntimePlugin [roughlyenoughitems]/"
[16:22:10] [REI-ReloadPlugins/TRACE] [REI] [REIServerPlugin END] Reloading Section: "reloadable-plugin/me.shedaniel.rei.plugin.client.runtime.PluginStageExecutionWatcher$1/DefaultRuntimePlugin of DefaultRuntimePlugin [roughlyenoughitems]/" done in 22.40 μs
[16:22:10] [REI-ReloadPlugins/TRACE] [REI] [REIServerPlugin END] Reloading Section: "reloadable-plugin/me.shedaniel.rei.plugin.client.runtime.PluginStageExecutionWatcher$1/" done in 189.4 μs
[16:22:10] [REI-ReloadPlugins/DEBUG] [REI] ========================================
[16:22:10] [REI-ReloadPlugins/DEBUG] [REI] REIServerPlugin ending main-reload for END.
[16:22:10] [REI-ReloadPlugins/DEBUG] [REI] ========================================
[16:22:10] [REI-ReloadPlugins/TRACE] [REI] [REIServerPlugin END] Reloading Section: "end-reload/"
[16:22:10] [REI-ReloadPlugins/TRACE] [REI] [REIServerPlugin END] Reloading Section: "end-reload/MenuInfoRegistryImpl/"
[16:22:10] [REI-ReloadPlugins/DEBUG] [REI] Registered 0 menu infos
[16:22:10] [REI-ReloadPlugins/TRACE] [REI] [REIServerPlugin END] Reloading Section: "end-reload/MenuInfoRegistryImpl/" done in 150.1 μs
[16:22:10] [REI-ReloadPlugins/TRACE] [REI] [REIServerPlugin END] Reloading Section: "end-reload/SlotAccessorRegistryImpl/"
[16:22:10] [REI-ReloadPlugins/DEBUG] [REI] Registered 2 slot accessor serializers
[16:22:10] [REI-ReloadPlugins/TRACE] [REI] [REIServerPlugin END] Reloading Section: "end-reload/SlotAccessorRegistryImpl/" done in 107.1 μs
[16:22:10] [REI-ReloadPlugins/TRACE] [REI] [REIServerPlugin END] Reloading Section: "end-reload/me.shedaniel.rei.plugin.client.runtime.PluginStageExecutionWatcher$1/"
[16:22:10] [REI-ReloadPlugins/TRACE] [REI] [REIServerPlugin END] Reloading Section: "end-reload/me.shedaniel.rei.plugin.client.runtime.PluginStageExecutionWatcher$1/" done in 17.50 μs
[16:22:10] [REI-ReloadPlugins/TRACE] [REI] [REIServerPlugin END] Reloading Section: "end-reload/" done in 427.7 μs
[16:22:10] [REI-ReloadPlugins/DEBUG] [REI] ========================================
[16:22:10] [REI-ReloadPlugins/DEBUG] [REI] REIServerPlugin ended main-reload for END in 10.27 ms.
[16:22:10] [REI-ReloadPlugins/DEBUG] [REI] ========================================
[16:22:10] [REI-ReloadPlugins/DEBUG] [REI] ========================================
[16:22:10] [REI-ReloadPlugins/DEBUG] [REI] REIPlugin starting post-reload for END.
[16:22:10] [REI-ReloadPlugins/DEBUG] [REI] Reloadables (8):
[16:22:10] [REI-ReloadPlugins/DEBUG] [REI]  - EntryTypeRegistryImpl
[16:22:10] [REI-ReloadPlugins/DEBUG] [REI]  - EntrySettingsAdapterRegistryImpl
[16:22:10] [REI-ReloadPlugins/DEBUG] [REI]  - RecipeManagerContextImpl
[16:22:10] [REI-ReloadPlugins/DEBUG] [REI]  - ItemComparatorRegistryImpl
[16:22:10] [REI-ReloadPlugins/DEBUG] [REI]  - FluidComparatorRegistryImpl
[16:22:10] [REI-ReloadPlugins/DEBUG] [REI]  - DisplaySerializerRegistryImpl
[16:22:10] [REI-ReloadPlugins/DEBUG] [REI]  - FluidSupportProviderImpl
[16:22:10] [REI-ReloadPlugins/DEBUG] [REI]  - me.shedaniel.rei.plugin.client.runtime.PluginStageExecutionWatcher$1
[16:22:10] [REI-ReloadPlugins/DEBUG] [REI] Plugins (5):
[16:22:10] [REI-ReloadPlugins/DEBUG] [REI]  - (-100,00) DefaultClientPluginImpl of DefaultClientPluginImpl [roughlyenoughitems]
[16:22:10] [REI-ReloadPlugins/DEBUG] [REI]  - (-100,00) DefaultPluginImpl of DefaultPluginImpl [roughlyenoughitems]
[16:22:10] [REI-ReloadPlugins/DEBUG] [REI]  - (0,00) HideIngredientsFromTagsPlugin of HideIngredientsFromTagsPlugin [roughlyenoughitems]
[16:22:10] [REI-ReloadPlugins/DEBUG] [REI]  - (0,00) DefaultClientRuntimePlugin of DefaultClientRuntimePlugin [roughlyenoughitems]
[16:22:10] [REI-ReloadPlugins/DEBUG] [REI]  - (0,00) DefaultRuntimePlugin of DefaultRuntimePlugin [roughlyenoughitems]
[16:22:10] [REI-ReloadPlugins/DEBUG] [REI] ========================================
[16:22:10] [REI-ReloadPlugins/TRACE] [REI] [REIPlugin END] Reloading Section: "post-register/"
[16:22:10] [REI-ReloadPlugins/TRACE] [REI] [REIPlugin END] Reloading Section: "post-register/DefaultClientPluginImpl of DefaultClientPluginImpl [roughlyenoughitems]/"
[16:22:10] [REI-ReloadPlugins/TRACE] [REI] [REIPlugin END] Reloading Section: "post-register/DefaultClientPluginImpl of DefaultClientPluginImpl [roughlyenoughitems]/" done in 34.00 μs
[16:22:10] [REI-ReloadPlugins/TRACE] [REI] [REIPlugin END] Reloading Section: "post-register/DefaultPluginImpl of DefaultPluginImpl [roughlyenoughitems]/"
[16:22:10] [REI-ReloadPlugins/TRACE] [REI] [REIPlugin END] Reloading Section: "post-register/DefaultPluginImpl of DefaultPluginImpl [roughlyenoughitems]/" done in 21.20 μs
[16:22:10] [REI-ReloadPlugins/TRACE] [REI] [REIPlugin END] Reloading Section: "post-register/HideIngredientsFromTagsPlugin of HideIngredientsFromTagsPlugin [roughlyenoughitems]/"
[16:22:10] [REI-ReloadPlugins/TRACE] [REI] [REIPlugin END] Reloading Section: "post-register/HideIngredientsFromTagsPlugin of HideIngredientsFromTagsPlugin [roughlyenoughitems]/" done in 27.80 μs
[16:22:10] [REI-ReloadPlugins/TRACE] [REI] [REIPlugin END] Reloading Section: "post-register/DefaultClientRuntimePlugin of DefaultClientRuntimePlugin [roughlyenoughitems]/"
[16:22:10] [REI-ReloadPlugins/TRACE] [REI] [REIPlugin END] Reloading Section: "post-register/DefaultClientRuntimePlugin of DefaultClientRuntimePlugin [roughlyenoughitems]/" done in 6.900 μs
[16:22:10] [REI-ReloadPlugins/TRACE] [REI] [REIPlugin END] Reloading Section: "post-register/DefaultRuntimePlugin of DefaultRuntimePlugin [roughlyenoughitems]/"
[16:22:10] [REI-ReloadPlugins/TRACE] [REI] [REIPlugin END] Reloading Section: "post-register/DefaultRuntimePlugin of DefaultRuntimePlugin [roughlyenoughitems]/" done in 5.800 μs
[16:22:10] [REI-ReloadPlugins/TRACE] [REI] [REIPlugin END] Reloading Section: "post-register/" done in 315.7 μs
[16:22:10] [REI-ReloadPlugins/TRACE] [REI] [REIPlugin END] Reloading Section: "post-stage/"
[16:22:10] [REI-ReloadPlugins/TRACE] [REI] [REIPlugin END] Reloading Section: "post-stage/EntryTypeRegistryImpl/"
[16:22:10] [REI-ReloadPlugins/TRACE] [REI] [REIPlugin END] Reloading Section: "post-stage/EntryTypeRegistryImpl/" done in 12.00 μs
[16:22:10] [REI-ReloadPlugins/TRACE] [REI] [REIPlugin END] Reloading Section: "post-stage/EntrySettingsAdapterRegistryImpl/"
[16:22:10] [REI-ReloadPlugins/TRACE] [REI] [REIPlugin END] Reloading Section: "post-stage/EntrySettingsAdapterRegistryImpl/" done in 7.900 μs
[16:22:10] [REI-ReloadPlugins/TRACE] [REI] [REIPlugin END] Reloading Section: "post-stage/RecipeManagerContextImpl/"
[16:22:10] [REI-ReloadPlugins/TRACE] [REI] [REIPlugin END] Reloading Section: "post-stage/RecipeManagerContextImpl/" done in 5.900 μs
[16:22:10] [REI-ReloadPlugins/TRACE] [REI] [REIPlugin END] Reloading Section: "post-stage/ItemComparatorRegistryImpl/"
[16:22:10] [REI-ReloadPlugins/TRACE] [REI] [REIPlugin END] Reloading Section: "post-stage/ItemComparatorRegistryImpl/" done in 4.900 μs
[16:22:10] [REI-ReloadPlugins/TRACE] [REI] [REIPlugin END] Reloading Section: "post-stage/FluidComparatorRegistryImpl/"
[16:22:10] [REI-ReloadPlugins/TRACE] [REI] [REIPlugin END] Reloading Section: "post-stage/FluidComparatorRegistryImpl/" done in 5.100 μs
[16:22:10] [REI-ReloadPlugins/TRACE] [REI] [REIPlugin END] Reloading Section: "post-stage/DisplaySerializerRegistryImpl/"
[16:22:10] [REI-ReloadPlugins/TRACE] [REI] [REIPlugin END] Reloading Section: "post-stage/DisplaySerializerRegistryImpl/" done in 4.800 μs
[16:22:10] [REI-ReloadPlugins/TRACE] [REI] [REIPlugin END] Reloading Section: "post-stage/FluidSupportProviderImpl/"
[16:22:10] [REI-ReloadPlugins/TRACE] [REI] [REIPlugin END] Reloading Section: "post-stage/FluidSupportProviderImpl/" done in 5.700 μs
[16:22:10] [REI-ReloadPlugins/TRACE] [REI] [REIPlugin END] Reloading Section: "post-stage/me.shedaniel.rei.plugin.client.runtime.PluginStageExecutionWatcher$1/"
[16:22:10] [REI-ReloadPlugins/TRACE] [REI] [REIPlugin END] Reloading Section: "post-stage/me.shedaniel.rei.plugin.client.runtime.PluginStageExecutionWatcher$1/" done in 8.500 μs
[16:22:10] [REI-ReloadPlugins/TRACE] [REI] [REIPlugin END] Reloading Section: "post-stage/" done in 161.9 μs
[16:22:10] [REI-ReloadPlugins/DEBUG] [REI] ========================================
[16:22:10] [REI-ReloadPlugins/INFO] [REI] REIPlugin finished post-reload for END in 494.2 μs, totaling 159.1 ms.
[16:22:10] [REI-ReloadPlugins/DEBUG] [REI] ========================================
[16:22:10] [REI-ReloadPlugins/DEBUG] [REI] ========================================
[16:22:10] [REI-ReloadPlugins/DEBUG] [REI] REIClientPlugin starting post-reload for END.
[16:22:10] [REI-ReloadPlugins/DEBUG] [REI] Reloadables (18):
[16:22:10] [REI-ReloadPlugins/DEBUG] [REI]  - EntryRendererRegistryImpl
[16:22:10] [REI-ReloadPlugins/DEBUG] [REI]  - ViewsImpl
[16:22:10] [REI-ReloadPlugins/DEBUG] [REI]  - InputMethodRegistryImpl
[16:22:10] [REI-ReloadPlugins/DEBUG] [REI]  - SearchProviderImpl
[16:22:10] [REI-ReloadPlugins/DEBUG] [REI]  - ConfigManagerImpl
[16:22:10] [REI-ReloadPlugins/DEBUG] [REI]  - EntryRegistryImpl
[16:22:10] [REI-ReloadPlugins/DEBUG] [REI]  - CollapsibleEntryRegistryImpl
[16:22:10] [REI-ReloadPlugins/DEBUG] [REI]  - BasicFilteringRuleImpl
[16:22:10] [REI-ReloadPlugins/DEBUG] [REI]  - CategoryRegistryImpl
[16:22:10] [REI-ReloadPlugins/DEBUG] [REI]  - DisplayRegistryImpl
[16:22:10] [REI-ReloadPlugins/DEBUG] [REI]  - ScreenRegistryImpl
[16:22:10] [REI-ReloadPlugins/DEBUG] [REI]  - FavoriteEntryTypeRegistryImpl
[16:22:10] [REI-ReloadPlugins/DEBUG] [REI]  - SubsetsRegistryImpl
[16:22:10] [REI-ReloadPlugins/DEBUG] [REI]  - TransferHandlerRegistryImpl
[16:22:10] [REI-ReloadPlugins/DEBUG] [REI]  - SearchRuntime
[16:22:10] [REI-ReloadPlugins/DEBUG] [REI]  - REIRuntimeImpl
[16:22:10] [REI-ReloadPlugins/DEBUG] [REI]  - ConfigAddonRegistryImpl
[16:22:10] [REI-ReloadPlugins/DEBUG] [REI]  - me.shedaniel.rei.plugin.client.runtime.PluginStageExecutionWatcher$1
[16:22:10] [REI-ReloadPlugins/DEBUG] [REI] Plugins (3):
[16:22:10] [REI-ReloadPlugins/DEBUG] [REI]  - (-100,00) DefaultClientPluginImpl of DefaultClientPluginImpl [roughlyenoughitems]
[16:22:10] [REI-ReloadPlugins/DEBUG] [REI]  - (0,00) HideIngredientsFromTagsPlugin of HideIngredientsFromTagsPlugin [roughlyenoughitems]
[16:22:10] [REI-ReloadPlugins/DEBUG] [REI]  - (0,00) DefaultClientRuntimePlugin of DefaultClientRuntimePlugin [roughlyenoughitems]
[16:22:10] [REI-ReloadPlugins/DEBUG] [REI] ========================================
[16:22:10] [REI-ReloadPlugins/TRACE] [REI] [REIClientPlugin END] Reloading Section: "post-register/"
[16:22:10] [REI-ReloadPlugins/TRACE] [REI] [REIClientPlugin END] Reloading Section: "post-register/DefaultClientPluginImpl of DefaultClientPluginImpl [roughlyenoughitems]/"
[16:22:10] [REI-ReloadPlugins/TRACE] [REI] [REIClientPlugin END] Reloading Section: "post-register/DefaultClientPluginImpl of DefaultClientPluginImpl [roughlyenoughitems]/" done in 14.80 μs
[16:22:10] [REI-ReloadPlugins/TRACE] [REI] [REIClientPlugin END] Reloading Section: "post-register/HideIngredientsFromTagsPlugin of HideIngredientsFromTagsPlugin [roughlyenoughitems]/"
[16:22:10] [REI-ReloadPlugins/TRACE] [REI] [REIClientPlugin END] Reloading Section: "post-register/HideIngredientsFromTagsPlugin of HideIngredientsFromTagsPlugin [roughlyenoughitems]/" done in 11.30 μs
[16:22:10] [REI-ReloadPlugins/TRACE] [REI] [REIClientPlugin END] Reloading Section: "post-register/DefaultClientRuntimePlugin of DefaultClientRuntimePlugin [roughlyenoughitems]/"
[16:22:10] [REI-ReloadPlugins/TRACE] [REI] [REIClientPlugin END] Reloading Section: "post-register/DefaultClientRuntimePlugin of DefaultClientRuntimePlugin [roughlyenoughitems]/" done in 9.500 μs
[16:22:10] [REI-ReloadPlugins/TRACE] [REI] [REIClientPlugin END] Reloading Section: "post-register/" done in 130.8 μs
[16:22:10] [REI-ReloadPlugins/TRACE] [REI] [REIClientPlugin END] Reloading Section: "post-stage/"
[16:22:10] [REI-ReloadPlugins/TRACE] [REI] [REIClientPlugin END] Reloading Section: "post-stage/EntryRendererRegistryImpl/"
[16:22:10] [REI-ReloadPlugins/TRACE] [REI] [REIClientPlugin END] Reloading Section: "post-stage/EntryRendererRegistryImpl/" done in 20.60 μs
[16:22:10] [REI-ReloadPlugins/TRACE] [REI] [REIClientPlugin END] Reloading Section: "post-stage/ViewsImpl/"
[16:22:10] [REI-ReloadPlugins/TRACE] [REI] [REIClientPlugin END] Reloading Section: "post-stage/ViewsImpl/" done in 8.200 μs
[16:22:10] [REI-ReloadPlugins/TRACE] [REI] [REIClientPlugin END] Reloading Section: "post-stage/InputMethodRegistryImpl/"
[16:22:10] [REI-ReloadPlugins/TRACE] [REI] [REIClientPlugin END] Reloading Section: "post-stage/InputMethodRegistryImpl/" done in 8.700 μs
[16:22:10] [REI-ReloadPlugins/TRACE] [REI] [REIClientPlugin END] Reloading Section: "post-stage/SearchProviderImpl/"
[16:22:10] [REI-ReloadPlugins/TRACE] [REI] [REIClientPlugin END] Reloading Section: "post-stage/SearchProviderImpl/" done in 9.300 μs
[16:22:10] [REI-ReloadPlugins/TRACE] [REI] [REIClientPlugin END] Reloading Section: "post-stage/ConfigManagerImpl/"
[16:22:10] [REI-ReloadPlugins/TRACE] [REI] [REIClientPlugin END] Reloading Section: "post-stage/ConfigManagerImpl/" done in 6.200 μs
[16:22:10] [REI-ReloadPlugins/TRACE] [REI] [REIClientPlugin END] Reloading Section: "post-stage/EntryRegistryImpl/"
[16:22:10] [REI-ReloadPlugins/TRACE] [REI] [REIClientPlugin END] Reloading Section: "post-stage/EntryRegistryImpl/" done in 5.400 μs
[16:22:10] [REI-ReloadPlugins/TRACE] [REI] [REIClientPlugin END] Reloading Section: "post-stage/CollapsibleEntryRegistryImpl/"
[16:22:10] [REI-ReloadPlugins/TRACE] [REI] [REIClientPlugin END] Reloading Section: "post-stage/CollapsibleEntryRegistryImpl/" done in 5.700 μs
[16:22:10] [REI-ReloadPlugins/TRACE] [REI] [REIClientPlugin END] Reloading Section: "post-stage/BasicFilteringRuleImpl/"
[16:22:10] [REI-ReloadPlugins/TRACE] [REI] [REIClientPlugin END] Reloading Section: "post-stage/BasicFilteringRuleImpl/" done in 6.700 μs
[16:22:10] [REI-ReloadPlugins/TRACE] [REI] [REIClientPlugin END] Reloading Section: "post-stage/CategoryRegistryImpl/"
[16:22:10] [REI-ReloadPlugins/TRACE] [REI] [REIClientPlugin END] Reloading Section: "post-stage/CategoryRegistryImpl/" done in 5.400 μs
[16:22:10] [REI-ReloadPlugins/TRACE] [REI] [REIClientPlugin END] Reloading Section: "post-stage/DisplayRegistryImpl/"
[16:22:10] [REI-ReloadPlugins/DEBUG] [REI] Registered displays report (5849 displays, 5849 cached / 0 not cached):
[16:22:10] [REI-ReloadPlugins/DEBUG] [REI] - minecraft:plugins/anvil: 2696 displays
[16:22:10] [REI-ReloadPlugins/DEBUG] [REI] - minecraft:plugins/beacon_base: 1 display
[16:22:10] [REI-ReloadPlugins/DEBUG] [REI] - minecraft:plugins/beacon_payment: 1 display
[16:22:10] [REI-ReloadPlugins/DEBUG] [REI] - minecraft:plugins/blasting: 30 displays
[16:22:10] [REI-ReloadPlugins/DEBUG] [REI] - minecraft:plugins/brewing: 279 displays
[16:22:10] [REI-ReloadPlugins/DEBUG] [REI] - minecraft:plugins/campfire: 9 displays
[16:22:10] [REI-ReloadPlugins/DEBUG] [REI] - minecraft:plugins/composting: 3 displays
[16:22:10] [REI-ReloadPlugins/DEBUG] [REI] - minecraft:plugins/crafting: 1195 displays
[16:22:10] [REI-ReloadPlugins/DEBUG] [REI] - minecraft:plugins/fuel: 248 displays
[16:22:10] [REI-ReloadPlugins/DEBUG] [REI] - minecraft:plugins/oxidation_scraping: 27 displays
[16:22:10] [REI-ReloadPlugins/DEBUG] [REI] - minecraft:plugins/oxidizing: 27 displays
[16:22:10] [REI-ReloadPlugins/DEBUG] [REI] - minecraft:plugins/pathing: 6 displays
[16:22:10] [REI-ReloadPlugins/DEBUG] [REI] - minecraft:plugins/smelting: 76 displays
[16:22:10] [REI-ReloadPlugins/DEBUG] [REI] - minecraft:plugins/smithing: 189 displays
[16:22:10] [REI-ReloadPlugins/DEBUG] [REI] - minecraft:plugins/smoking: 9 displays
[16:22:10] [REI-ReloadPlugins/DEBUG] [REI] - minecraft:plugins/stone_cutting: 250 displays
[16:22:10] [REI-ReloadPlugins/DEBUG] [REI] - minecraft:plugins/stripping: 21 displays
[16:22:10] [REI-ReloadPlugins/DEBUG] [REI] - minecraft:plugins/tag: 710 displays
[16:22:10] [REI-ReloadPlugins/DEBUG] [REI] - minecraft:plugins/wax_scraping: 36 displays
[16:22:10] [REI-ReloadPlugins/DEBUG] [REI] - minecraft:plugins/waxing: 36 displays
[16:22:10] [REI-ReloadPlugins/TRACE] [REI] [REIClientPlugin END] Reloading Section: "post-stage/DisplayRegistryImpl/" done in 3.270 ms
[16:22:10] [REI-ReloadPlugins/TRACE] [REI] [REIClientPlugin END] Reloading Section: "post-stage/ScreenRegistryImpl/"
[16:22:10] [REI-ReloadPlugins/TRACE] [REI] [REIClientPlugin END] Reloading Section: "post-stage/ScreenRegistryImpl/" done in 14.60 μs
[16:22:10] [REI-ReloadPlugins/TRACE] [REI] [REIClientPlugin END] Reloading Section: "post-stage/FavoriteEntryTypeRegistryImpl/"
[16:22:10] [REI-ReloadPlugins/TRACE] [REI] [REIClientPlugin END] Reloading Section: "post-stage/FavoriteEntryTypeRegistryImpl/" done in 9.900 μs
[16:22:10] [REI-ReloadPlugins/TRACE] [REI] [REIClientPlugin END] Reloading Section: "post-stage/SubsetsRegistryImpl/"
[16:22:10] [REI-ReloadPlugins/TRACE] [REI] [REIClientPlugin END] Reloading Section: "post-stage/SubsetsRegistryImpl/" done in 11.90 μs
[16:22:10] [REI-ReloadPlugins/TRACE] [REI] [REIClientPlugin END] Reloading Section: "post-stage/TransferHandlerRegistryImpl/"
[16:22:10] [REI-ReloadPlugins/TRACE] [REI] [REIClientPlugin END] Reloading Section: "post-stage/TransferHandlerRegistryImpl/" done in 8.400 μs
[16:22:10] [REI-ReloadPlugins/TRACE] [REI] [REIClientPlugin END] Reloading Section: "post-stage/SearchRuntime/"
[16:22:10] [REI-ReloadPlugins/TRACE] [REI] [REIClientPlugin END] Reloading Section: "post-stage/SearchRuntime/" done in 7.000 μs
[16:22:10] [REI-ReloadPlugins/TRACE] [REI] [REIClientPlugin END] Reloading Section: "post-stage/REIRuntimeImpl/"
[16:22:10] [REI-ReloadPlugins/TRACE] [REI] [REIClientPlugin END] Reloading Section: "post-stage/REIRuntimeImpl/" done in 7.200 μs
[16:22:10] [REI-ReloadPlugins/TRACE] [REI] [REIClientPlugin END] Reloading Section: "post-stage/ConfigAddonRegistryImpl/"
[16:22:10] [REI-ReloadPlugins/TRACE] [REI] [REIClientPlugin END] Reloading Section: "post-stage/ConfigAddonRegistryImpl/" done in 8.400 μs
[16:22:10] [REI-ReloadPlugins/TRACE] [REI] [REIClientPlugin END] Reloading Section: "post-stage/me.shedaniel.rei.plugin.client.runtime.PluginStageExecutionWatcher$1/"
[16:22:10] [REI-ReloadPlugins/TRACE] [REI] [REIClientPlugin END] Reloading Section: "post-stage/me.shedaniel.rei.plugin.client.runtime.PluginStageExecutionWatcher$1/" done in 11.90 μs
[16:22:10] [REI-ReloadPlugins/TRACE] [REI] [REIClientPlugin END] Reloading Section: "post-stage/" done in 3.781 ms
[16:22:10] [REI-ReloadPlugins/DEBUG] [REI] ========================================
[16:22:10] [REI-ReloadPlugins/INFO] [REI] REIClientPlugin finished post-reload for END in 3.932 ms, totaling 1.208 s.
[16:22:10] [REI-ReloadPlugins/DEBUG] [REI] ========================================
[16:22:10] [REI-ReloadPlugins/DEBUG] [REI] ========================================
[16:22:10] [REI-ReloadPlugins/DEBUG] [REI] REIServerPlugin starting post-reload for END.
[16:22:10] [REI-ReloadPlugins/DEBUG] [REI] Reloadables (3):
[16:22:10] [REI-ReloadPlugins/DEBUG] [REI]  - MenuInfoRegistryImpl
[16:22:10] [REI-ReloadPlugins/DEBUG] [REI]  - SlotAccessorRegistryImpl
[16:22:10] [REI-ReloadPlugins/DEBUG] [REI]  - me.shedaniel.rei.plugin.client.runtime.PluginStageExecutionWatcher$1
[16:22:10] [REI-ReloadPlugins/DEBUG] [REI] Plugins (2):
[16:22:10] [REI-ReloadPlugins/DEBUG] [REI]  - (-100,00) DefaultPluginImpl of DefaultPluginImpl [roughlyenoughitems]
[16:22:10] [REI-ReloadPlugins/DEBUG] [REI]  - (0,00) DefaultRuntimePlugin of DefaultRuntimePlugin [roughlyenoughitems]
[16:22:10] [REI-ReloadPlugins/DEBUG] [REI] ========================================
[16:22:10] [REI-ReloadPlugins/TRACE] [REI] [REIServerPlugin END] Reloading Section: "post-register/"
[16:22:10] [REI-ReloadPlugins/TRACE] [REI] [REIServerPlugin END] Reloading Section: "post-register/DefaultPluginImpl of DefaultPluginImpl [roughlyenoughitems]/"
[16:22:10] [REI-ReloadPlugins/TRACE] [REI] [REIServerPlugin END] Reloading Section: "post-register/DefaultPluginImpl of DefaultPluginImpl [roughlyenoughitems]/" done in 19.20 μs
[16:22:10] [REI-ReloadPlugins/TRACE] [REI] [REIServerPlugin END] Reloading Section: "post-register/DefaultRuntimePlugin of DefaultRuntimePlugin [roughlyenoughitems]/"
[16:22:10] [REI-ReloadPlugins/TRACE] [REI] [REIServerPlugin END] Reloading Section: "post-register/DefaultRuntimePlugin of DefaultRuntimePlugin [roughlyenoughitems]/" done in 12.20 μs
[16:22:10] [REI-ReloadPlugins/TRACE] [REI] [REIServerPlugin END] Reloading Section: "post-register/" done in 100.4 μs
[16:22:10] [REI-ReloadPlugins/TRACE] [REI] [REIServerPlugin END] Reloading Section: "post-stage/"
[16:22:10] [REI-ReloadPlugins/TRACE] [REI] [REIServerPlugin END] Reloading Section: "post-stage/MenuInfoRegistryImpl/"
[16:22:10] [REI-ReloadPlugins/TRACE] [REI] [REIServerPlugin END] Reloading Section: "post-stage/MenuInfoRegistryImpl/" done in 10.70 μs
[16:22:10] [REI-ReloadPlugins/TRACE] [REI] [REIServerPlugin END] Reloading Section: "post-stage/SlotAccessorRegistryImpl/"
[16:22:10] [REI-ReloadPlugins/TRACE] [REI] [REIServerPlugin END] Reloading Section: "post-stage/SlotAccessorRegistryImpl/" done in 11.60 μs
[16:22:10] [REI-ReloadPlugins/TRACE] [REI] [REIServerPlugin END] Reloading Section: "post-stage/me.shedaniel.rei.plugin.client.runtime.PluginStageExecutionWatcher$1/"
[16:22:10] [REI-ReloadPlugins/TRACE] [REI] [REIServerPlugin END] Reloading Section: "post-stage/me.shedaniel.rei.plugin.client.runtime.PluginStageExecutionWatcher$1/" done in 10.50 μs
[16:22:10] [REI-ReloadPlugins/TRACE] [REI] [REIServerPlugin END] Reloading Section: "post-stage/" done in 94.90 μs
[16:22:10] [REI-ReloadPlugins/DEBUG] [REI] ========================================
[16:22:10] [REI-ReloadPlugins/INFO] [REI] REIServerPlugin finished post-reload for END in 219.0 μs, totaling 10.73 ms.
[16:22:10] [REI-ReloadPlugins/DEBUG] [REI] ========================================
