[20mar2025 11:39:55.528] [main/INFO] [cpw.mods.modlauncher.Launcher/MODLAUNCHER]: ModLauncher running: args [--launchTarget, forge_userdev_data, --assetIndex, 18, --assetsDir, C:\Users\rosar\.gradle\caches\forge_gradle\assets, --gameDir, ., --mod, immersiveores, --all, --output, F:\Programmazione\Mod\Immersive Ores\FORGE\1.21.3\src\generated\resources, --existing, F:\Programmazione\Mod\Immersive Ores\FORGE\1.21.3\src\main\resources, --mixin.config, immersiveores.mixins.json]
[20mar2025 11:39:55.532] [main/INFO] [cpw.mods.modlauncher.Launcher/MODLAUNCHER]: JVM identified as Amazon.com Inc. OpenJDK 64-Bit Server VM 21.0.5+11-LTS
[20mar2025 11:39:55.532] [main/INFO] [cpw.mods.modlauncher.Launcher/MODLAUNCHER]: ModLauncher 10.2.3 starting: java version 21.0.5 by Amazon.com Inc.; OS Windows 11 arch amd64 version 10.0
[20mar2025 11:39:55.554] [main/DEBUG] [cpw.mods.modlauncher.LaunchServiceHandler/MODLAUNCHER]: Found launch services [forge_userdev_client,forge_dev_data,minecraft,forge_userdev_server_gametest,forge_dev_client,forge_userdev_data,forge_dev_server_gametest,testharness,forge_userdev_server,forge_client,forge_dev_server,forge_server]
[20mar2025 11:39:55.565] [main/DEBUG] [cpw.mods.modlauncher.NameMappingServiceHandler/MODLAUNCHER]: Found naming services : [srgtomcp]
[20mar2025 11:39:55.585] [main/DEBUG] [cpw.mods.modlauncher.LaunchPluginHandler/MODLAUNCHER]: Found launch plugins: [mixin,eventbus,slf4jfixer,object_holder_definalize,runtime_enum_extender,capability_token_subclass,accesstransformer,runtimedistcleaner]
[20mar2025 11:39:55.593] [main/DEBUG] [cpw.mods.modlauncher.TransformationServicesHandler/MODLAUNCHER]: Discovering transformation services
[20mar2025 11:39:55.595] [main/DEBUG] [net.minecraftforge.fml.loading.FMLPaths/CORE]: Path GAMEDIR is F:\Programmazione\Mod\Immersive Ores\FORGE\1.21.3\run-data
[20mar2025 11:39:55.595] [main/DEBUG] [net.minecraftforge.fml.loading.FMLPaths/CORE]: Path MODSDIR is F:\Programmazione\Mod\Immersive Ores\FORGE\1.21.3\run-data\mods
[20mar2025 11:39:55.597] [main/DEBUG] [net.minecraftforge.fml.loading.FMLPaths/CORE]: Path CONFIGDIR is F:\Programmazione\Mod\Immersive Ores\FORGE\1.21.3\run-data\config
[20mar2025 11:39:55.597] [main/DEBUG] [net.minecraftforge.fml.loading.FMLPaths/CORE]: Path FMLCONFIG is F:\Programmazione\Mod\Immersive Ores\FORGE\1.21.3\run-data\config\fml.toml
[20mar2025 11:39:55.651] [main/INFO] [net.minecraftforge.fml.loading.ImmediateWindowHandler/]: ImmediateWindowProvider not loading because launch target is forge_userdev_data
[20mar2025 11:39:55.683] [main/DEBUG] [cpw.mods.modlauncher.TransformationServicesHandler/MODLAUNCHER]: Found transformer service: fml: /
[20mar2025 11:39:55.687] [main/DEBUG] [cpw.mods.modlauncher.TransformationServicesHandler/MODLAUNCHER]: Found transformer service: mixin: /
[20mar2025 11:39:55.687] [main/DEBUG] [cpw.mods.modlauncher.TransformationServicesHandler/MODLAUNCHER]: Transformation services loading
[20mar2025 11:39:55.687] [main/DEBUG] [cpw.mods.modlauncher.TransformationServiceDecorator/MODLAUNCHER]: Loading service mixin
[20mar2025 11:39:55.688] [main/DEBUG] [cpw.mods.modlauncher.TransformationServiceDecorator/MODLAUNCHER]: Loaded service mixin
[20mar2025 11:39:55.688] [main/DEBUG] [cpw.mods.modlauncher.TransformationServiceDecorator/MODLAUNCHER]: Loading service fml
[20mar2025 11:39:55.697] [main/DEBUG] [net.minecraftforge.fml.loading.FMLLoader/CORE]: Detected version data : VersionInfo[forgeVersion=53.0.37, mcVersion=1.21.3, mcpVersion=20241025.112443, forgeGroup=net.minecraftforge]
[20mar2025 11:39:55.699] [main/DEBUG] [net.minecraftforge.fml.loading.LauncherVersion/CORE]: Found FMLLauncher version 53.0.37
[20mar2025 11:39:55.699] [main/DEBUG] [net.minecraftforge.fml.loading.FMLLoader/CORE]: FML 53.0.37 loading
[20mar2025 11:39:55.700] [main/DEBUG] [net.minecraftforge.fml.loading.FMLLoader/CORE]: Found ModLauncher version: 10.2.3
[20mar2025 11:39:55.700] [main/DEBUG] [net.minecraftforge.fml.loading.FMLLoader/CORE]: Found AccessTransformer version: 8.2.1
[20mar2025 11:39:55.701] [main/DEBUG] [net.minecraftforge.fml.loading.FMLLoader/CORE]: Found EventBus version: 6.2.15
[20mar2025 11:39:55.701] [main/DEBUG] [net.minecraftforge.fml.loading.FMLLoader/CORE]: Found RuntimeDistCleaner version: 53.0.37
[20mar2025 11:39:55.702] [main/DEBUG] [net.minecraftforge.fml.loading.FMLLoader/CORE]: FML found CoreMod version : 5.2.4
[20mar2025 11:39:55.703] [main/DEBUG] [net.minecraftforge.fml.loading.FMLLoader/CORE]: Found ForgeSPI version: 7.1.5
[20mar2025 11:39:55.703] [main/DEBUG] [cpw.mods.modlauncher.TransformationServiceDecorator/MODLAUNCHER]: Loaded service fml
[20mar2025 11:39:55.704] [main/DEBUG] [cpw.mods.modlauncher.TransformationServicesHandler/MODLAUNCHER]: Configuring option handling for services
[20mar2025 11:39:55.709] [main/DEBUG] [cpw.mods.modlauncher.TransformationServicesHandler/MODLAUNCHER]: Transformation services initializing
[20mar2025 11:39:55.710] [main/DEBUG] [cpw.mods.modlauncher.TransformationServiceDecorator/MODLAUNCHER]: Initializing transformation service mixin
[20mar2025 11:39:55.737] [main/DEBUG] [mixin/]: MixinService [ModLauncher] was successfully booted in SecureModuleClassLoader[SECURE-BOOTSTRAP]@1708570683
[20mar2025 11:39:55.751] [main/INFO] [mixin/]: SpongePowered MIXIN Subsystem Version=0.8.7 Source=jar:file:///C:/Users/rosar/.gradle/caches/modules-2/files-2.1/org.spongepowered/mixin/0.8.7/8ab114ac385e6dbdad5efafe28aba4df8120915f/mixin-0.8.7.jar!/ Service=ModLauncher Env=UNKNOWN
[20mar2025 11:39:55.753] [main/DEBUG] [mixin/]: Initialising Mixin Platform Manager
[20mar2025 11:39:55.754] [main/DEBUG] [mixin/]: Adding mixin platform agents for container ModLauncher Root Container(ModLauncher:4f56a0a2)
[20mar2025 11:39:55.754] [main/DEBUG] [mixin/]: Instancing new MixinPlatformAgentMinecraftForge for ModLauncher Root Container(ModLauncher:4f56a0a2)
[20mar2025 11:39:55.756] [main/DEBUG] [mixin/]: MixinPlatformAgentMinecraftForge rejected container ModLauncher Root Container(ModLauncher:4f56a0a2)
[20mar2025 11:39:55.756] [main/DEBUG] [mixin/]: Instancing new MixinPlatformAgentDefault for ModLauncher Root Container(ModLauncher:4f56a0a2)
[20mar2025 11:39:55.756] [main/DEBUG] [mixin/]: MixinPlatformAgentDefault accepted container ModLauncher Root Container(ModLauncher:4f56a0a2)
[20mar2025 11:39:55.758] [main/DEBUG] [cpw.mods.modlauncher.TransformationServiceDecorator/MODLAUNCHER]: Initialized transformation service mixin
[20mar2025 11:39:55.758] [main/DEBUG] [cpw.mods.modlauncher.TransformationServiceDecorator/MODLAUNCHER]: Initializing transformation service fml
[20mar2025 11:39:55.759] [main/DEBUG] [net.minecraftforge.fml.loading.FMLServiceProvider/CORE]: Setting up basic FML game directories
[20mar2025 11:39:55.759] [main/DEBUG] [net.minecraftforge.fml.loading.FMLPaths/CORE]: Path GAMEDIR is F:\Programmazione\Mod\Immersive Ores\FORGE\1.21.3\run-data
[20mar2025 11:39:55.760] [main/DEBUG] [net.minecraftforge.fml.loading.FMLPaths/CORE]: Path MODSDIR is F:\Programmazione\Mod\Immersive Ores\FORGE\1.21.3\run-data\mods
[20mar2025 11:39:55.760] [main/DEBUG] [net.minecraftforge.fml.loading.FMLPaths/CORE]: Path CONFIGDIR is F:\Programmazione\Mod\Immersive Ores\FORGE\1.21.3\run-data\config
[20mar2025 11:39:55.760] [main/DEBUG] [net.minecraftforge.fml.loading.FMLPaths/CORE]: Path FMLCONFIG is F:\Programmazione\Mod\Immersive Ores\FORGE\1.21.3\run-data\config\fml.toml
[20mar2025 11:39:55.760] [main/DEBUG] [net.minecraftforge.fml.loading.FMLServiceProvider/CORE]: Loading configuration
[20mar2025 11:39:55.777] [main/DEBUG] [net.minecraftforge.fml.loading.FMLServiceProvider/CORE]: Preparing ModFile
[20mar2025 11:39:55.779] [main/DEBUG] [net.minecraftforge.fml.loading.FMLServiceProvider/CORE]: Preparing launch handler
[20mar2025 11:39:55.780] [main/DEBUG] [net.minecraftforge.fml.loading.FMLLoader/CORE]: Using forge_userdev_data as launch service
[20mar2025 11:39:55.784] [main/DEBUG] [cpw.mods.modlauncher.TransformationServiceDecorator/MODLAUNCHER]: Initialized transformation service fml
[20mar2025 11:39:55.785] [main/DEBUG] [cpw.mods.modlauncher.NameMappingServiceHandler/MODLAUNCHER]: Current naming domain is 'mcp'
[20mar2025 11:39:55.785] [main/DEBUG] [cpw.mods.modlauncher.NameMappingServiceHandler/MODLAUNCHER]: Identified name mapping providers {srg=net.minecraftforge.fml.loading.MCPNamingService@1c12f3ee}
[20mar2025 11:39:55.785] [main/DEBUG] [cpw.mods.modlauncher.TransformationServicesHandler/MODLAUNCHER]: Transformation services begin scanning
[20mar2025 11:39:55.785] [main/DEBUG] [cpw.mods.modlauncher.TransformationServiceDecorator/MODLAUNCHER]: Beginning scan trigger - transformation service mixin
[20mar2025 11:39:55.786] [main/DEBUG] [cpw.mods.modlauncher.TransformationServiceDecorator/MODLAUNCHER]: End scan trigger - transformation service mixin
[20mar2025 11:39:55.787] [main/DEBUG] [cpw.mods.modlauncher.TransformationServiceDecorator/MODLAUNCHER]: Beginning scan trigger - transformation service fml
[20mar2025 11:39:55.787] [main/DEBUG] [net.minecraftforge.fml.loading.FMLServiceProvider/CORE]: Initiating mod scan
[20mar2025 11:39:55.795] [main/DEBUG] [net.minecraftforge.fml.loading.moddiscovery.ModDiscoverer/CORE]: Found Mod Locators : (mods folder:null),(minecraft:null),(classpath:null),(forge_dev_locator:null),(forge_userdev_locator:null)
[20mar2025 11:39:55.796] [main/DEBUG] [net.minecraftforge.fml.loading.moddiscovery.ModDiscoverer/CORE]: Found Dependency Locators : (JarInJar:null)
[20mar2025 11:39:56.359] [main/DEBUG] [net.minecraftforge.fml.loading.moddiscovery.ModFileInfo/LOADING]: Found valid mod file  with {minecraft} mods - versions {1.21.3}
[20mar2025 11:39:56.631] [main/DEBUG] [net.minecraftforge.fml.loading.moddiscovery.ModFileParser/LOADING]: Considering mod file candidate F:\Programmazione\Mod\Immersive Ores\FORGE\1.21.3\build\sourcesSets\main
[20mar2025 11:39:56.642] [main/DEBUG] [net.minecraftforge.fml.loading.moddiscovery.ModFileInfo/LOADING]: Found valid mod file main with {immersiveores} mods - versions {1.21.3-1.0.1}
[20mar2025 11:39:56.835] [main/DEBUG] [net.minecraftforge.fml.loading.moddiscovery.ModFileParser/LOADING]: Considering mod file candidate /
[20mar2025 11:39:56.839] [main/DEBUG] [net.minecraftforge.fml.loading.moddiscovery.ModFileInfo/LOADING]: Found valid mod file  with {forge} mods - versions {53.0.37}
[20mar2025 11:39:56.846] [main/DEBUG] [net.minecraftforge.fml.loading.moddiscovery.JarInJarDependencyLocator/]: Failed to load resource META-INF\jarjar\metadata.json from , it does not contain dependency information.
[20mar2025 11:39:56.846] [main/DEBUG] [net.minecraftforge.fml.loading.moddiscovery.JarInJarDependencyLocator/]: Failed to load resource META-INF\jarjar\metadata.json from main, it does not contain dependency information.
[20mar2025 11:39:56.846] [main/DEBUG] [net.minecraftforge.fml.loading.moddiscovery.JarInJarDependencyLocator/]: Failed to load resource META-INF\jarjar\metadata.json from , it does not contain dependency information.
[20mar2025 11:39:56.846] [main/DEBUG] [net.minecraftforge.fml.loading.moddiscovery.JarInJarDependencyLocator/]: Failed to load resource META-INF\jarjar\metadata.json from javafmllanguage-1.21.3-53.0.37.jar, it does not contain dependency information.
[20mar2025 11:39:56.847] [main/DEBUG] [net.minecraftforge.fml.loading.moddiscovery.JarInJarDependencyLocator/]: Failed to load resource META-INF\jarjar\metadata.json from mclanguage-1.21.3-53.0.37.jar, it does not contain dependency information.
[20mar2025 11:39:56.847] [main/DEBUG] [net.minecraftforge.fml.loading.moddiscovery.JarInJarDependencyLocator/]: Failed to load resource META-INF\jarjar\metadata.json from lowcodelanguage-1.21.3-53.0.37.jar, it does not contain dependency information.
[20mar2025 11:39:56.847] [main/DEBUG] [net.minecraftforge.fml.loading.moddiscovery.JarInJarDependencyLocator/]: Failed to load resource META-INF\jarjar\metadata.json from fmlcore-1.21.3-53.0.37.jar, it does not contain dependency information.
[20mar2025 11:39:56.883] [main/INFO] [net.minecraftforge.fml.loading.moddiscovery.JarInJarDependencyLocator/]: No dependencies to load found. Skipping!
[20mar2025 11:39:56.885] [main/DEBUG] [net.minecraftforge.fml.loading.moddiscovery.ModFileInfo/LOADING]: Found valid mod file  with {minecraft} mods - versions {1.21.3}
[20mar2025 11:39:56.888] [main/DEBUG] [net.minecraftforge.fml.loading.moddiscovery.ModFile/LOADING]: Loading mod file / with languages [LanguageSpec[languageName=minecraft, acceptedVersions=1]]
[20mar2025 11:39:56.889] [main/DEBUG] [net.minecraftforge.fml.loading.moddiscovery.ModFileParser/LOADING]: Considering mod file candidate F:\Programmazione\Mod\Immersive Ores\FORGE\1.21.3\build\sourcesSets\main
[20mar2025 11:39:56.891] [main/DEBUG] [net.minecraftforge.fml.loading.moddiscovery.ModFileInfo/LOADING]: Found valid mod file main with {immersiveores} mods - versions {1.21.3-1.0.1}
[20mar2025 11:39:56.891] [main/DEBUG] [net.minecraftforge.fml.loading.moddiscovery.ModFile/LOADING]: Loading mod file F:\Programmazione\Mod\Immersive Ores\FORGE\1.21.3\build\sourcesSets\main with languages [LanguageSpec[languageName=javafml, acceptedVersions=[53,)]]
[20mar2025 11:39:56.892] [main/DEBUG] [net.minecraftforge.fml.loading.moddiscovery.ModFileParser/LOADING]: Considering mod file candidate /
[20mar2025 11:39:56.892] [main/DEBUG] [net.minecraftforge.fml.loading.moddiscovery.ModFileInfo/LOADING]: Found valid mod file  with {forge} mods - versions {53.0.37}
[20mar2025 11:39:56.892] [main/DEBUG] [net.minecraftforge.fml.loading.moddiscovery.ModFile/LOADING]: Loading mod file / with languages [LanguageSpec[languageName=javafml, acceptedVersions=[24,]]]
[20mar2025 11:39:56.896] [main/DEBUG] [net.minecraftforge.fml.loading.moddiscovery.ModFileParser/LOADING]: Found coremod field_to_method with Javascript path coremods/field_to_method.js
[20mar2025 11:39:56.897] [main/DEBUG] [net.minecraftforge.fml.loading.moddiscovery.ModFileParser/LOADING]: Found coremod method_redirector with Javascript path coremods/method_redirector.js
[20mar2025 11:39:56.897] [main/DEBUG] [net.minecraftforge.fml.loading.moddiscovery.ModFile/LOADING]: Found coremod /coremods/field_to_method.js
[20mar2025 11:39:56.897] [main/DEBUG] [net.minecraftforge.fml.loading.moddiscovery.ModFile/LOADING]: Found coremod /coremods/method_redirector.js
[20mar2025 11:39:56.898] [main/DEBUG] [cpw.mods.modlauncher.TransformationServiceDecorator/MODLAUNCHER]: End scan trigger - transformation service fml
[20mar2025 11:39:56.912] [main/DEBUG] [net.minecraftforge.fml.loading.LanguageLoadingProvider/CORE]: Found 3 language providers
[20mar2025 11:39:56.912] [main/DEBUG] [net.minecraftforge.fml.loading.LanguageLoadingProvider/CORE]: Found language provider minecraft, version 1.0
[20mar2025 11:39:56.913] [main/DEBUG] [net.minecraftforge.fml.loading.LanguageLoadingProvider/CORE]: Found language provider lowcodefml, version 53
[20mar2025 11:39:56.913] [main/DEBUG] [net.minecraftforge.fml.loading.LanguageLoadingProvider/CORE]: Found language provider javafml, version 53.0.37
[20mar2025 11:39:56.915] [main/DEBUG] [net.minecraftforge.fml.loading.ModSorter/]: Configured system mods: [minecraft, forge]
[20mar2025 11:39:56.915] [main/DEBUG] [net.minecraftforge.fml.loading.ModSorter/]: Found system mod: minecraft
[20mar2025 11:39:56.916] [main/DEBUG] [net.minecraftforge.fml.loading.ModSorter/]: Found system mod: forge
[20mar2025 11:39:56.920] [main/DEBUG] [net.minecraftforge.fml.loading.ModSorter/LOADING]: Found 2 mod requirements (2 mandatory, 0 optional)
[20mar2025 11:39:56.920] [main/DEBUG] [net.minecraftforge.fml.loading.ModSorter/LOADING]: Found 0 mod requirements missing (0 mandatory, 0 optional)
[20mar2025 11:39:57.231] [main/DEBUG] [net.minecraftforge.fml.loading.MCPNamingService/CORE]: Loaded 39461 method mappings from methods.csv
[20mar2025 11:39:57.258] [main/DEBUG] [net.minecraftforge.fml.loading.MCPNamingService/CORE]: Loaded 37374 field mappings from fields.csv
[20mar2025 11:39:57.279] [main/DEBUG] [cpw.mods.modlauncher.TransformationServicesHandler/MODLAUNCHER]: Transformation services loading transformers
[20mar2025 11:39:57.279] [main/DEBUG] [cpw.mods.modlauncher.TransformationServiceDecorator/MODLAUNCHER]: Initializing transformers for transformation service mixin
[20mar2025 11:39:57.280] [main/DEBUG] [cpw.mods.modlauncher.TransformationServiceDecorator/MODLAUNCHER]: Initialized transformers for transformation service mixin
[20mar2025 11:39:57.280] [main/DEBUG] [cpw.mods.modlauncher.TransformationServiceDecorator/MODLAUNCHER]: Initializing transformers for transformation service fml
[20mar2025 11:39:57.280] [main/DEBUG] [net.minecraftforge.fml.loading.FMLServiceProvider/CORE]: Loading coremod transformers
[20mar2025 11:39:57.280] [main/DEBUG] [net.minecraftforge.coremod.CoreModEngine/COREMOD]: Loading CoreMod from /coremods/field_to_method.js
[20mar2025 11:39:57.420] [main/DEBUG] [net.minecraftforge.coremod.CoreModEngine/COREMOD]: CoreMod loaded successfully
[20mar2025 11:39:57.421] [main/DEBUG] [net.minecraftforge.coremod.CoreModEngine/COREMOD]: Loading CoreMod from /coremods/method_redirector.js
[20mar2025 11:39:57.492] [main/DEBUG] [net.minecraftforge.coremod.CoreMod.forge/COREMODLOG]: Gathering Forge method redirector replacements
[20mar2025 11:39:57.511] [main/DEBUG] [net.minecraftforge.coremod.CoreModEngine/COREMOD]: CoreMod loaded successfully
[20mar2025 11:39:57.530] [main/DEBUG] [cpw.mods.modlauncher.TransformStore/MODLAUNCHER]: Adding transformer net.minecraftforge.coremod.transformer.CoreModClassTransformer@75156240 to Target : CLASS {Lnet/minecraft/world/level/biome/Biome;} {} {V}
[20mar2025 11:39:57.532] [main/DEBUG] [cpw.mods.modlauncher.TransformStore/MODLAUNCHER]: Adding transformer net.minecraftforge.coremod.transformer.CoreModClassTransformer@1756f7cc to Target : CLASS {Lnet/minecraft/world/effect/MobEffectInstance;} {} {V}
[20mar2025 11:39:57.532] [main/DEBUG] [cpw.mods.modlauncher.TransformStore/MODLAUNCHER]: Adding transformer net.minecraftforge.coremod.transformer.CoreModClassTransformer@3138953b to Target : CLASS {Lnet/minecraft/world/level/block/LiquidBlock;} {} {V}
[20mar2025 11:39:57.532] [main/DEBUG] [cpw.mods.modlauncher.TransformStore/MODLAUNCHER]: Adding transformer net.minecraftforge.coremod.transformer.CoreModClassTransformer@27df95e to Target : CLASS {Lnet/minecraft/world/item/BucketItem;} {} {V}
[20mar2025 11:39:57.532] [main/DEBUG] [cpw.mods.modlauncher.TransformStore/MODLAUNCHER]: Adding transformer net.minecraftforge.coremod.transformer.CoreModClassTransformer@b46e103 to Target : CLASS {Lnet/minecraft/world/level/block/FlowerPotBlock;} {} {V}
[20mar2025 11:39:57.532] [main/DEBUG] [cpw.mods.modlauncher.TransformStore/MODLAUNCHER]: Adding transformer net.minecraftforge.coremod.transformer.CoreModClassTransformer@2b0e9f30 to Target : CLASS {Lnet/minecraft/world/entity/npc/CatSpawner;} {} {V}
[20mar2025 11:39:57.532] [main/DEBUG] [cpw.mods.modlauncher.TransformStore/MODLAUNCHER]: Adding transformer net.minecraftforge.coremod.transformer.CoreModClassTransformer@2b0e9f30 to Target : CLASS {Lnet/minecraft/server/commands/SummonCommand;} {} {V}
[20mar2025 11:39:57.533] [main/DEBUG] [cpw.mods.modlauncher.TransformStore/MODLAUNCHER]: Adding transformer net.minecraftforge.coremod.transformer.CoreModClassTransformer@2b0e9f30 to Target : CLASS {Lnet/minecraft/world/level/levelgen/PhantomSpawner;} {} {V}
[20mar2025 11:39:57.533] [main/DEBUG] [cpw.mods.modlauncher.TransformStore/MODLAUNCHER]: Adding transformer net.minecraftforge.coremod.transformer.CoreModClassTransformer@2b0e9f30 to Target : CLASS {Lnet/minecraft/world/level/levelgen/structure/structures/WoodlandMansionPieces$WoodlandMansionPiece;} {} {V}
[20mar2025 11:39:57.533] [main/DEBUG] [cpw.mods.modlauncher.TransformStore/MODLAUNCHER]: Adding transformer net.minecraftforge.coremod.transformer.CoreModClassTransformer@2b0e9f30 to Target : CLASS {Lnet/minecraft/world/entity/npc/Villager;} {} {V}
[20mar2025 11:39:57.533] [main/DEBUG] [cpw.mods.modlauncher.TransformStore/MODLAUNCHER]: Adding transformer net.minecraftforge.coremod.transformer.CoreModClassTransformer@2b0e9f30 to Target : CLASS {Lnet/minecraft/world/level/levelgen/structure/structures/OceanRuinPieces$OceanRuinPiece;} {} {V}
[20mar2025 11:39:57.533] [main/DEBUG] [cpw.mods.modlauncher.TransformStore/MODLAUNCHER]: Adding transformer net.minecraftforge.coremod.transformer.CoreModClassTransformer@2b0e9f30 to Target : CLASS {Lnet/minecraft/world/entity/monster/Spider;} {} {V}
[20mar2025 11:39:57.533] [main/DEBUG] [cpw.mods.modlauncher.TransformStore/MODLAUNCHER]: Adding transformer net.minecraftforge.coremod.transformer.CoreModClassTransformer@2b0e9f30 to Target : CLASS {Lnet/minecraft/world/entity/monster/Zombie;} {} {V}
[20mar2025 11:39:57.533] [main/DEBUG] [cpw.mods.modlauncher.TransformStore/MODLAUNCHER]: Adding transformer net.minecraftforge.coremod.transformer.CoreModClassTransformer@2b0e9f30 to Target : CLASS {Lnet/minecraft/world/entity/raid/Raid;} {} {V}
[20mar2025 11:39:57.533] [main/DEBUG] [cpw.mods.modlauncher.TransformStore/MODLAUNCHER]: Adding transformer net.minecraftforge.coremod.transformer.CoreModClassTransformer@2b0e9f30 to Target : CLASS {Lnet/minecraft/world/level/NaturalSpawner;} {} {V}
[20mar2025 11:39:57.534] [main/DEBUG] [cpw.mods.modlauncher.TransformStore/MODLAUNCHER]: Adding transformer net.minecraftforge.coremod.transformer.CoreModClassTransformer@2b0e9f30 to Target : CLASS {Lnet/minecraft/world/entity/animal/horse/SkeletonTrapGoal;} {} {V}
[20mar2025 11:39:57.534] [main/DEBUG] [cpw.mods.modlauncher.TransformStore/MODLAUNCHER]: Adding transformer net.minecraftforge.coremod.transformer.CoreModClassTransformer@2b0e9f30 to Target : CLASS {Lnet/minecraft/world/entity/ai/village/VillageSiege;} {} {V}
[20mar2025 11:39:57.534] [main/DEBUG] [cpw.mods.modlauncher.TransformStore/MODLAUNCHER]: Adding transformer net.minecraftforge.coremod.transformer.CoreModClassTransformer@2b0e9f30 to Target : CLASS {Lnet/minecraft/world/level/block/entity/trialspawner/TrialSpawner;} {} {V}
[20mar2025 11:39:57.534] [main/DEBUG] [cpw.mods.modlauncher.TransformStore/MODLAUNCHER]: Adding transformer net.minecraftforge.coremod.transformer.CoreModClassTransformer@2b0e9f30 to Target : CLASS {Lnet/minecraft/world/level/levelgen/structure/templatesystem/StructureTemplate;} {} {V}
[20mar2025 11:39:57.534] [main/DEBUG] [cpw.mods.modlauncher.TransformStore/MODLAUNCHER]: Adding transformer net.minecraftforge.coremod.transformer.CoreModClassTransformer@2b0e9f30 to Target : CLASS {Lnet/minecraft/world/entity/monster/Evoker$EvokerSummonSpellGoal;} {} {V}
[20mar2025 11:39:57.534] [main/DEBUG] [cpw.mods.modlauncher.TransformStore/MODLAUNCHER]: Adding transformer net.minecraftforge.coremod.transformer.CoreModClassTransformer@2b0e9f30 to Target : CLASS {Lnet/minecraft/server/commands/RaidCommand;} {} {V}
[20mar2025 11:39:57.535] [main/DEBUG] [cpw.mods.modlauncher.TransformStore/MODLAUNCHER]: Adding transformer net.minecraftforge.coremod.transformer.CoreModClassTransformer@2b0e9f30 to Target : CLASS {Lnet/minecraft/world/entity/EntityType;} {} {V}
[20mar2025 11:39:57.535] [main/DEBUG] [cpw.mods.modlauncher.TransformStore/MODLAUNCHER]: Adding transformer net.minecraftforge.coremod.transformer.CoreModClassTransformer@2b0e9f30 to Target : CLASS {Lnet/minecraft/world/entity/monster/Strider;} {} {V}
[20mar2025 11:39:57.535] [main/DEBUG] [cpw.mods.modlauncher.TransformStore/MODLAUNCHER]: Adding transformer net.minecraftforge.coremod.transformer.CoreModClassTransformer@2b0e9f30 to Target : CLASS {Lnet/minecraft/world/entity/monster/ZombieVillager;} {} {V}
[20mar2025 11:39:57.535] [main/DEBUG] [cpw.mods.modlauncher.TransformStore/MODLAUNCHER]: Adding transformer net.minecraftforge.coremod.transformer.CoreModClassTransformer@2b0e9f30 to Target : CLASS {Lnet/minecraft/world/level/levelgen/PatrolSpawner;} {} {V}
[20mar2025 11:39:57.535] [main/DEBUG] [cpw.mods.modlauncher.TransformStore/MODLAUNCHER]: Adding transformer net.minecraftforge.coremod.transformer.CoreModClassTransformer@2b0e9f30 to Target : CLASS {Lnet/minecraft/world/level/levelgen/structure/structures/OceanMonumentPieces$OceanMonumentPiece;} {} {V}
[20mar2025 11:39:57.535] [main/DEBUG] [cpw.mods.modlauncher.TransformStore/MODLAUNCHER]: Adding transformer net.minecraftforge.coremod.transformer.CoreModClassTransformer@2b0e9f30 to Target : CLASS {Lnet/minecraft/world/level/levelgen/structure/structures/SwampHutPiece;} {} {V}
[20mar2025 11:39:57.536] [main/DEBUG] [cpw.mods.modlauncher.TransformStore/MODLAUNCHER]: Adding transformer net.minecraftforge.coremod.transformer.CoreModClassTransformer@2b0e9f30 to Target : CLASS {Lnet/minecraft/world/entity/animal/frog/Tadpole;} {} {V}
[20mar2025 11:39:57.536] [main/DEBUG] [cpw.mods.modlauncher.TransformationServiceDecorator/MODLAUNCHER]: Initialized transformers for transformation service fml
[20mar2025 11:39:57.584] [main/DEBUG] [mixin/]: Processing prepare() for PlatformAgent[MixinPlatformAgentDefault:ModLauncher Root Container(ModLauncher:4f56a0a2)]
[20mar2025 11:39:57.585] [main/DEBUG] [mixin/]: Registering mixin config: immersiveores.mixins.json source=null
[20mar2025 11:39:57.597] [main/DEBUG] [mixin/]: Compatibility level JAVA_8 specified by immersiveores.mixins.json is lower than the default level supported by the current mixin service (JAVA_16).
[20mar2025 11:39:57.599] [main/DEBUG] [mixin/]: Processing launch tasks for PlatformAgent[MixinPlatformAgentDefault:ModLauncher Root Container(ModLauncher:4f56a0a2)]
[20mar2025 11:39:57.599] [main/DEBUG] [mixin/]: Adding mixin platform agents for container SecureJarResource(mixin.synthetic)
[20mar2025 11:39:57.599] [main/DEBUG] [mixin/]: Instancing new MixinPlatformAgentMinecraftForge for SecureJarResource(mixin.synthetic)
[20mar2025 11:39:57.599] [main/DEBUG] [mixin/]: MixinPlatformAgentMinecraftForge rejected container SecureJarResource(mixin.synthetic)
[20mar2025 11:39:57.600] [main/DEBUG] [mixin/]: Instancing new MixinPlatformAgentDefault for SecureJarResource(mixin.synthetic)
[20mar2025 11:39:57.600] [main/DEBUG] [mixin/]: MixinPlatformAgentDefault accepted container SecureJarResource(mixin.synthetic)
[20mar2025 11:39:57.600] [main/DEBUG] [mixin/]: Processing prepare() for PlatformAgent[MixinPlatformAgentDefault:SecureJarResource(mixin.synthetic)]
[20mar2025 11:39:57.600] [main/DEBUG] [mixin/]: Adding mixin platform agents for container SecureJarResource(minecraft)
[20mar2025 11:39:57.600] [main/DEBUG] [mixin/]: Instancing new MixinPlatformAgentMinecraftForge for SecureJarResource(minecraft)
[20mar2025 11:39:57.600] [main/DEBUG] [mixin/]: MixinPlatformAgentMinecraftForge rejected container SecureJarResource(minecraft)
[20mar2025 11:39:57.601] [main/DEBUG] [mixin/]: Instancing new MixinPlatformAgentDefault for SecureJarResource(minecraft)
[20mar2025 11:39:57.601] [main/DEBUG] [mixin/]: MixinPlatformAgentDefault accepted container SecureJarResource(minecraft)
[20mar2025 11:39:57.601] [main/DEBUG] [mixin/]: Processing prepare() for PlatformAgent[MixinPlatformAgentDefault:SecureJarResource(minecraft)]
[20mar2025 11:39:57.601] [main/DEBUG] [mixin/]: Adding mixin platform agents for container SecureJarResource(immersiveores)
[20mar2025 11:39:57.601] [main/DEBUG] [mixin/]: Instancing new MixinPlatformAgentMinecraftForge for SecureJarResource(immersiveores)
[20mar2025 11:39:57.601] [main/DEBUG] [mixin/]: MixinPlatformAgentMinecraftForge rejected container SecureJarResource(immersiveores)
[20mar2025 11:39:57.601] [main/DEBUG] [mixin/]: Instancing new MixinPlatformAgentDefault for SecureJarResource(immersiveores)
[20mar2025 11:39:57.601] [main/DEBUG] [mixin/]: MixinPlatformAgentDefault accepted container SecureJarResource(immersiveores)
[20mar2025 11:39:57.601] [main/DEBUG] [mixin/]: Processing prepare() for PlatformAgent[MixinPlatformAgentDefault:SecureJarResource(immersiveores)]
[20mar2025 11:39:57.602] [main/DEBUG] [mixin/]: Adding mixin platform agents for container SecureJarResource(net.minecraftforge.forge)
[20mar2025 11:39:57.602] [main/DEBUG] [mixin/]: Instancing new MixinPlatformAgentMinecraftForge for SecureJarResource(net.minecraftforge.forge)
[20mar2025 11:39:57.602] [main/DEBUG] [mixin/]: MixinPlatformAgentMinecraftForge rejected container SecureJarResource(net.minecraftforge.forge)
[20mar2025 11:39:57.602] [main/DEBUG] [mixin/]: Instancing new MixinPlatformAgentDefault for SecureJarResource(net.minecraftforge.forge)
[20mar2025 11:39:57.602] [main/DEBUG] [mixin/]: MixinPlatformAgentDefault accepted container SecureJarResource(net.minecraftforge.forge)
[20mar2025 11:39:57.602] [main/DEBUG] [mixin/]: Processing prepare() for PlatformAgent[MixinPlatformAgentDefault:SecureJarResource(net.minecraftforge.forge)]
[20mar2025 11:39:57.604] [main/DEBUG] [mixin/]: inject() running with 5 agents
[20mar2025 11:39:57.604] [main/DEBUG] [mixin/]: Processing inject() for PlatformAgent[MixinPlatformAgentDefault:ModLauncher Root Container(ModLauncher:4f56a0a2)]
[20mar2025 11:39:57.604] [main/DEBUG] [mixin/]: Processing inject() for PlatformAgent[MixinPlatformAgentDefault:SecureJarResource(mixin.synthetic)]
[20mar2025 11:39:57.604] [main/DEBUG] [mixin/]: Processing inject() for PlatformAgent[MixinPlatformAgentDefault:SecureJarResource(minecraft)]
[20mar2025 11:39:57.604] [main/DEBUG] [mixin/]: Processing inject() for PlatformAgent[MixinPlatformAgentDefault:SecureJarResource(immersiveores)]
[20mar2025 11:39:57.604] [main/DEBUG] [mixin/]: Processing inject() for PlatformAgent[MixinPlatformAgentDefault:SecureJarResource(net.minecraftforge.forge)]
[20mar2025 11:39:57.605] [main/INFO] [cpw.mods.modlauncher.LaunchServiceHandler/MODLAUNCHER]: Launching target 'forge_userdev_data' with arguments [--gameDir, ., --assetsDir, C:\Users\rosar\.gradle\caches\forge_gradle\assets, --assetIndex, 18, --mod, immersiveores, --all, --output, F:\Programmazione\Mod\Immersive Ores\FORGE\1.21.3\src\generated\resources, --existing, F:\Programmazione\Mod\Immersive Ores\FORGE\1.21.3\src\main\resources]
[20mar2025 11:39:57.642] [main/DEBUG] [mixin/]: Preparing mixins for MixinEnvironment[DEFAULT]
[20mar2025 11:39:57.642] [main/DEBUG] [mixin/]: Selecting config immersiveores.mixins.json
[20mar2025 11:39:57.646] [main/WARN] [mixin/]: Reference map 'immersiveores.refmap.json' for immersiveores.mixins.json could not be read. If this is a development environment you can ignore this message
[20mar2025 11:39:57.648] [main/DEBUG] [mixin/]: Preparing immersiveores.mixins.json (1)
[20mar2025 11:39:57.676] [main/WARN] [mixin/]: Mixin environment was unable to detect the current side, sided mixins will not be applied
[20mar2025 11:39:57.691] [main/DEBUG] [mixin/]: Registering new injector for @Inject with org.spongepowered.asm.mixin.injection.struct.CallbackInjectionInfo
[20mar2025 11:39:57.693] [main/DEBUG] [mixin/]: Registering new injector for @ModifyArg with org.spongepowered.asm.mixin.injection.struct.ModifyArgInjectionInfo
[20mar2025 11:39:57.694] [main/DEBUG] [mixin/]: Registering new injector for @ModifyArgs with org.spongepowered.asm.mixin.injection.struct.ModifyArgsInjectionInfo
[20mar2025 11:39:57.695] [main/DEBUG] [mixin/]: Registering new injector for @Redirect with org.spongepowered.asm.mixin.injection.struct.RedirectInjectionInfo
[20mar2025 11:39:57.697] [main/DEBUG] [mixin/]: Registering new injector for @ModifyVariable with org.spongepowered.asm.mixin.injection.struct.ModifyVariableInjectionInfo
[20mar2025 11:39:57.698] [main/DEBUG] [mixin/]: Registering new injector for @ModifyConstant with org.spongepowered.asm.mixin.injection.struct.ModifyConstantInjectionInfo
[20mar2025 11:39:57.832] [main/DEBUG] [io.netty.util.internal.logging.InternalLoggerFactory/]: Using SLF4J as the default logging framework
[20mar2025 11:39:57.834] [main/DEBUG] [io.netty.util.ResourceLeakDetector/]: -Dio.netty.leakDetection.level: simple
[20mar2025 11:39:57.836] [main/DEBUG] [io.netty.util.ResourceLeakDetector/]: -Dio.netty.leakDetection.targetRecords: 4
[20mar2025 11:39:58.204] [main/DEBUG] [net.minecraftforge.coremod.transformer.CoreModBaseTransformer/COREMOD]: Transforming net/minecraft/world/entity/EntityType
[20mar2025 11:39:58.286] [main/DEBUG] [net.minecraftforge.coremod.CoreMod.forge/COREMODLOG]: Redirecting method call finalizeSpawn(Lnet/minecraft/world/level/ServerLevelAccessor;Lnet/minecraft/world/DifficultyInstance;Lnet/minecraft/world/entity/EntitySpawnReason;Lnet/minecraft/world/entity/SpawnGroupData;)Lnet/minecraft/world/entity/SpawnGroupData; to onFinalizeSpawn(Lnet/minecraft/world/entity/Mob;Lnet/minecraft/world/level/ServerLevelAccessor;Lnet/minecraft/world/DifficultyInstance;Lnet/minecraft/world/entity/EntitySpawnReason;Lnet/minecraft/world/entity/SpawnGroupData;)Lnet/minecraft/world/entity/SpawnGroupData; inside of net/minecraft/world/entity/EntityType.create
[20mar2025 11:39:58.816] [main/DEBUG] [net.minecraftforge.coremod.transformer.CoreModBaseTransformer/COREMOD]: Transforming net/minecraft/world/level/block/FlowerPotBlock
[20mar2025 11:39:58.848] [main/DEBUG] [net.minecraftforge.coremod.transformer.CoreModBaseTransformer/COREMOD]: Transforming net/minecraft/world/level/block/LiquidBlock
[20mar2025 11:39:59.176] [main/DEBUG] [net.minecraftforge.coremod.transformer.CoreModBaseTransformer/COREMOD]: Transforming net/minecraft/world/effect/MobEffectInstance
[20mar2025 11:39:59.502] [main/DEBUG] [net.minecraftforge.coremod.transformer.CoreModBaseTransformer/COREMOD]: Transforming net/minecraft/world/level/biome/Biome
[20mar2025 11:40:00.146] [main/DEBUG] [net.minecraftforge.coremod.transformer.CoreModBaseTransformer/COREMOD]: Transforming net/minecraft/world/entity/animal/frog/Tadpole
[20mar2025 11:40:00.148] [main/DEBUG] [net.minecraftforge.coremod.CoreMod.forge/COREMODLOG]: Redirecting method call finalizeSpawn(Lnet/minecraft/world/level/ServerLevelAccessor;Lnet/minecraft/world/DifficultyInstance;Lnet/minecraft/world/entity/EntitySpawnReason;Lnet/minecraft/world/entity/SpawnGroupData;)Lnet/minecraft/world/entity/SpawnGroupData; to onFinalizeSpawn(Lnet/minecraft/world/entity/Mob;Lnet/minecraft/world/level/ServerLevelAccessor;Lnet/minecraft/world/DifficultyInstance;Lnet/minecraft/world/entity/EntitySpawnReason;Lnet/minecraft/world/entity/SpawnGroupData;)Lnet/minecraft/world/entity/SpawnGroupData; inside of net/minecraft/world/entity/animal/frog/Tadpole.lambda$ageUp$1
[20mar2025 11:40:00.300] [main/DEBUG] [net.minecraftforge.coremod.transformer.CoreModBaseTransformer/COREMOD]: Transforming net/minecraft/world/item/BucketItem
[20mar2025 11:40:01.093] [main/DEBUG] [net.minecraftforge.coremod.transformer.CoreModBaseTransformer/COREMOD]: Transforming net/minecraft/world/entity/monster/Spider
[20mar2025 11:40:01.095] [main/DEBUG] [net.minecraftforge.coremod.CoreMod.forge/COREMODLOG]: Redirecting method call finalizeSpawn(Lnet/minecraft/world/level/ServerLevelAccessor;Lnet/minecraft/world/DifficultyInstance;Lnet/minecraft/world/entity/EntitySpawnReason;Lnet/minecraft/world/entity/SpawnGroupData;)Lnet/minecraft/world/entity/SpawnGroupData; to onFinalizeSpawn(Lnet/minecraft/world/entity/Mob;Lnet/minecraft/world/level/ServerLevelAccessor;Lnet/minecraft/world/DifficultyInstance;Lnet/minecraft/world/entity/EntitySpawnReason;Lnet/minecraft/world/entity/SpawnGroupData;)Lnet/minecraft/world/entity/SpawnGroupData; inside of net/minecraft/world/entity/monster/Spider.finalizeSpawn
[20mar2025 11:40:01.135] [main/DEBUG] [net.minecraftforge.coremod.transformer.CoreModBaseTransformer/COREMOD]: Transforming net/minecraft/world/entity/monster/Zombie
[20mar2025 11:40:01.140] [main/DEBUG] [net.minecraftforge.coremod.CoreMod.forge/COREMODLOG]: Redirecting method call finalizeSpawn(Lnet/minecraft/world/level/ServerLevelAccessor;Lnet/minecraft/world/DifficultyInstance;Lnet/minecraft/world/entity/EntitySpawnReason;Lnet/minecraft/world/entity/SpawnGroupData;)Lnet/minecraft/world/entity/SpawnGroupData; to onFinalizeSpawn(Lnet/minecraft/world/entity/Mob;Lnet/minecraft/world/level/ServerLevelAccessor;Lnet/minecraft/world/DifficultyInstance;Lnet/minecraft/world/entity/EntitySpawnReason;Lnet/minecraft/world/entity/SpawnGroupData;)Lnet/minecraft/world/entity/SpawnGroupData; inside of net/minecraft/world/entity/monster/Zombie.hurtServer
[20mar2025 11:40:01.146] [main/DEBUG] [net.minecraftforge.coremod.CoreMod.forge/COREMODLOG]: Redirecting method call finalizeSpawn(Lnet/minecraft/world/level/ServerLevelAccessor;Lnet/minecraft/world/DifficultyInstance;Lnet/minecraft/world/entity/EntitySpawnReason;Lnet/minecraft/world/entity/SpawnGroupData;)Lnet/minecraft/world/entity/SpawnGroupData; to onFinalizeSpawn(Lnet/minecraft/world/entity/Mob;Lnet/minecraft/world/level/ServerLevelAccessor;Lnet/minecraft/world/DifficultyInstance;Lnet/minecraft/world/entity/EntitySpawnReason;Lnet/minecraft/world/entity/SpawnGroupData;)Lnet/minecraft/world/entity/SpawnGroupData; inside of net/minecraft/world/entity/monster/Zombie.finalizeSpawn
[20mar2025 11:40:01.150] [main/DEBUG] [net.minecraftforge.coremod.CoreMod.forge/COREMODLOG]: Redirecting method call finalizeSpawn(Lnet/minecraft/world/level/ServerLevelAccessor;Lnet/minecraft/world/DifficultyInstance;Lnet/minecraft/world/entity/EntitySpawnReason;Lnet/minecraft/world/entity/SpawnGroupData;)Lnet/minecraft/world/entity/SpawnGroupData; to onFinalizeSpawn(Lnet/minecraft/world/entity/Mob;Lnet/minecraft/world/level/ServerLevelAccessor;Lnet/minecraft/world/DifficultyInstance;Lnet/minecraft/world/entity/EntitySpawnReason;Lnet/minecraft/world/entity/SpawnGroupData;)Lnet/minecraft/world/entity/SpawnGroupData; inside of net/minecraft/world/entity/monster/Zombie.lambda$convertVillagerToZombieVillager$4
[20mar2025 11:40:01.156] [main/DEBUG] [net.minecraftforge.coremod.transformer.CoreModBaseTransformer/COREMOD]: Transforming net/minecraft/world/entity/npc/Villager
[20mar2025 11:40:01.162] [main/DEBUG] [net.minecraftforge.coremod.CoreMod.forge/COREMODLOG]: Redirecting method call finalizeSpawn(Lnet/minecraft/world/level/ServerLevelAccessor;Lnet/minecraft/world/DifficultyInstance;Lnet/minecraft/world/entity/EntitySpawnReason;Lnet/minecraft/world/entity/SpawnGroupData;)Lnet/minecraft/world/entity/SpawnGroupData; to onFinalizeSpawn(Lnet/minecraft/world/entity/Mob;Lnet/minecraft/world/level/ServerLevelAccessor;Lnet/minecraft/world/DifficultyInstance;Lnet/minecraft/world/entity/EntitySpawnReason;Lnet/minecraft/world/entity/SpawnGroupData;)Lnet/minecraft/world/entity/SpawnGroupData; inside of net/minecraft/world/entity/npc/Villager.getBreedOffspring
[20mar2025 11:40:01.165] [main/DEBUG] [net.minecraftforge.coremod.CoreMod.forge/COREMODLOG]: Redirecting method call finalizeSpawn(Lnet/minecraft/world/level/ServerLevelAccessor;Lnet/minecraft/world/DifficultyInstance;Lnet/minecraft/world/entity/EntitySpawnReason;Lnet/minecraft/world/entity/SpawnGroupData;)Lnet/minecraft/world/entity/SpawnGroupData; to onFinalizeSpawn(Lnet/minecraft/world/entity/Mob;Lnet/minecraft/world/level/ServerLevelAccessor;Lnet/minecraft/world/DifficultyInstance;Lnet/minecraft/world/entity/EntitySpawnReason;Lnet/minecraft/world/entity/SpawnGroupData;)Lnet/minecraft/world/entity/SpawnGroupData; inside of net/minecraft/world/entity/npc/Villager.lambda$thunderHit$10
[20mar2025 11:40:01.176] [main/DEBUG] [net.minecraftforge.coremod.transformer.CoreModBaseTransformer/COREMOD]: Transforming net/minecraft/world/entity/monster/ZombieVillager
[20mar2025 11:40:01.181] [main/DEBUG] [net.minecraftforge.coremod.CoreMod.forge/COREMODLOG]: Redirecting method call finalizeSpawn(Lnet/minecraft/world/level/ServerLevelAccessor;Lnet/minecraft/world/DifficultyInstance;Lnet/minecraft/world/entity/EntitySpawnReason;Lnet/minecraft/world/entity/SpawnGroupData;)Lnet/minecraft/world/entity/SpawnGroupData; to onFinalizeSpawn(Lnet/minecraft/world/entity/Mob;Lnet/minecraft/world/level/ServerLevelAccessor;Lnet/minecraft/world/DifficultyInstance;Lnet/minecraft/world/entity/EntitySpawnReason;Lnet/minecraft/world/entity/SpawnGroupData;)Lnet/minecraft/world/entity/SpawnGroupData; inside of net/minecraft/world/entity/monster/ZombieVillager.lambda$finishConversion$5
[20mar2025 11:40:01.202] [main/DEBUG] [mixin/]: Mixing EndermanMixin from immersiveores.mixins.json into net.minecraft.world.entity.monster.EnderMan
[20mar2025 11:40:01.207] [main/DEBUG] [mixin/]: immersiveores.mixins.json:EndermanMixin: Class version 65 required is higher than the class version supported by the current version of Mixin (JAVA_8 supports class version 52)
[20mar2025 11:40:01.243] [main/DEBUG] [net.minecraftforge.coremod.transformer.CoreModBaseTransformer/COREMOD]: Transforming net/minecraft/world/entity/EntityType
[20mar2025 11:40:01.247] [main/DEBUG] [net.minecraftforge.coremod.CoreMod.forge/COREMODLOG]: Redirecting method call finalizeSpawn(Lnet/minecraft/world/level/ServerLevelAccessor;Lnet/minecraft/world/DifficultyInstance;Lnet/minecraft/world/entity/EntitySpawnReason;Lnet/minecraft/world/entity/SpawnGroupData;)Lnet/minecraft/world/entity/SpawnGroupData; to onFinalizeSpawn(Lnet/minecraft/world/entity/Mob;Lnet/minecraft/world/level/ServerLevelAccessor;Lnet/minecraft/world/DifficultyInstance;Lnet/minecraft/world/entity/EntitySpawnReason;Lnet/minecraft/world/entity/SpawnGroupData;)Lnet/minecraft/world/entity/SpawnGroupData; inside of net/minecraft/world/entity/EntityType.create
[20mar2025 11:40:01.408] [main/DEBUG] [net.minecraftforge.coremod.transformer.CoreModBaseTransformer/COREMOD]: Transforming net/minecraft/world/entity/monster/Evoker$EvokerSummonSpellGoal
[20mar2025 11:40:01.412] [main/DEBUG] [net.minecraftforge.coremod.CoreMod.forge/COREMODLOG]: Redirecting method call finalizeSpawn(Lnet/minecraft/world/level/ServerLevelAccessor;Lnet/minecraft/world/DifficultyInstance;Lnet/minecraft/world/entity/EntitySpawnReason;Lnet/minecraft/world/entity/SpawnGroupData;)Lnet/minecraft/world/entity/SpawnGroupData; to onFinalizeSpawn(Lnet/minecraft/world/entity/Mob;Lnet/minecraft/world/level/ServerLevelAccessor;Lnet/minecraft/world/DifficultyInstance;Lnet/minecraft/world/entity/EntitySpawnReason;Lnet/minecraft/world/entity/SpawnGroupData;)Lnet/minecraft/world/entity/SpawnGroupData; inside of net/minecraft/world/entity/monster/Evoker$EvokerSummonSpellGoal.performSpellCasting
[20mar2025 11:40:01.554] [main/DEBUG] [net.minecraftforge.coremod.transformer.CoreModBaseTransformer/COREMOD]: Transforming net/minecraft/world/entity/animal/horse/SkeletonTrapGoal
[20mar2025 11:40:01.556] [main/DEBUG] [net.minecraftforge.coremod.CoreMod.forge/COREMODLOG]: Redirecting method call finalizeSpawn(Lnet/minecraft/world/level/ServerLevelAccessor;Lnet/minecraft/world/DifficultyInstance;Lnet/minecraft/world/entity/EntitySpawnReason;Lnet/minecraft/world/entity/SpawnGroupData;)Lnet/minecraft/world/entity/SpawnGroupData; to onFinalizeSpawn(Lnet/minecraft/world/entity/Mob;Lnet/minecraft/world/level/ServerLevelAccessor;Lnet/minecraft/world/DifficultyInstance;Lnet/minecraft/world/entity/EntitySpawnReason;Lnet/minecraft/world/entity/SpawnGroupData;)Lnet/minecraft/world/entity/SpawnGroupData; inside of net/minecraft/world/entity/animal/horse/SkeletonTrapGoal.createHorse
[20mar2025 11:40:01.557] [main/DEBUG] [net.minecraftforge.coremod.CoreMod.forge/COREMODLOG]: Redirecting method call finalizeSpawn(Lnet/minecraft/world/level/ServerLevelAccessor;Lnet/minecraft/world/DifficultyInstance;Lnet/minecraft/world/entity/EntitySpawnReason;Lnet/minecraft/world/entity/SpawnGroupData;)Lnet/minecraft/world/entity/SpawnGroupData; to onFinalizeSpawn(Lnet/minecraft/world/entity/Mob;Lnet/minecraft/world/level/ServerLevelAccessor;Lnet/minecraft/world/DifficultyInstance;Lnet/minecraft/world/entity/EntitySpawnReason;Lnet/minecraft/world/entity/SpawnGroupData;)Lnet/minecraft/world/entity/SpawnGroupData; inside of net/minecraft/world/entity/animal/horse/SkeletonTrapGoal.createSkeleton
[20mar2025 11:40:01.570] [main/DEBUG] [net.minecraftforge.coremod.transformer.CoreModBaseTransformer/COREMOD]: Transforming net/minecraft/world/entity/monster/Strider
[20mar2025 11:40:01.570] [main/DEBUG] [net.minecraftforge.coremod.CoreMod.forge/COREMODLOG]: Redirecting method call finalizeSpawn(Lnet/minecraft/world/level/ServerLevelAccessor;Lnet/minecraft/world/DifficultyInstance;Lnet/minecraft/world/entity/EntitySpawnReason;Lnet/minecraft/world/entity/SpawnGroupData;)Lnet/minecraft/world/entity/SpawnGroupData; to onFinalizeSpawn(Lnet/minecraft/world/entity/Mob;Lnet/minecraft/world/level/ServerLevelAccessor;Lnet/minecraft/world/DifficultyInstance;Lnet/minecraft/world/entity/EntitySpawnReason;Lnet/minecraft/world/entity/SpawnGroupData;)Lnet/minecraft/world/entity/SpawnGroupData; inside of net/minecraft/world/entity/monster/Strider.spawnJockey
[20mar2025 11:40:02.535] [main/DEBUG] [net.minecraftforge.coremod.transformer.CoreModBaseTransformer/COREMOD]: Transforming net/minecraft/world/level/levelgen/structure/structures/OceanRuinPieces$OceanRuinPiece
[20mar2025 11:40:02.537] [main/DEBUG] [net.minecraftforge.coremod.CoreMod.forge/COREMODLOG]: Redirecting method call finalizeSpawn(Lnet/minecraft/world/level/ServerLevelAccessor;Lnet/minecraft/world/DifficultyInstance;Lnet/minecraft/world/entity/EntitySpawnReason;Lnet/minecraft/world/entity/SpawnGroupData;)Lnet/minecraft/world/entity/SpawnGroupData; to onFinalizeSpawn(Lnet/minecraft/world/entity/Mob;Lnet/minecraft/world/level/ServerLevelAccessor;Lnet/minecraft/world/DifficultyInstance;Lnet/minecraft/world/entity/EntitySpawnReason;Lnet/minecraft/world/entity/SpawnGroupData;)Lnet/minecraft/world/entity/SpawnGroupData; inside of net/minecraft/world/level/levelgen/structure/structures/OceanRuinPieces$OceanRuinPiece.handleDataMarker
[20mar2025 11:40:02.544] [main/DEBUG] [net.minecraftforge.coremod.transformer.CoreModBaseTransformer/COREMOD]: Transforming net/minecraft/world/level/levelgen/structure/structures/SwampHutPiece
[20mar2025 11:40:02.549] [main/DEBUG] [net.minecraftforge.coremod.CoreMod.forge/COREMODLOG]: Redirecting method call finalizeSpawn(Lnet/minecraft/world/level/ServerLevelAccessor;Lnet/minecraft/world/DifficultyInstance;Lnet/minecraft/world/entity/EntitySpawnReason;Lnet/minecraft/world/entity/SpawnGroupData;)Lnet/minecraft/world/entity/SpawnGroupData; to onFinalizeSpawn(Lnet/minecraft/world/entity/Mob;Lnet/minecraft/world/level/ServerLevelAccessor;Lnet/minecraft/world/DifficultyInstance;Lnet/minecraft/world/entity/EntitySpawnReason;Lnet/minecraft/world/entity/SpawnGroupData;)Lnet/minecraft/world/entity/SpawnGroupData; inside of net/minecraft/world/level/levelgen/structure/structures/SwampHutPiece.postProcess
[20mar2025 11:40:02.550] [main/DEBUG] [net.minecraftforge.coremod.CoreMod.forge/COREMODLOG]: Redirecting method call finalizeSpawn(Lnet/minecraft/world/level/ServerLevelAccessor;Lnet/minecraft/world/DifficultyInstance;Lnet/minecraft/world/entity/EntitySpawnReason;Lnet/minecraft/world/entity/SpawnGroupData;)Lnet/minecraft/world/entity/SpawnGroupData; to onFinalizeSpawn(Lnet/minecraft/world/entity/Mob;Lnet/minecraft/world/level/ServerLevelAccessor;Lnet/minecraft/world/DifficultyInstance;Lnet/minecraft/world/entity/EntitySpawnReason;Lnet/minecraft/world/entity/SpawnGroupData;)Lnet/minecraft/world/entity/SpawnGroupData; inside of net/minecraft/world/level/levelgen/structure/structures/SwampHutPiece.spawnCat
[20mar2025 11:40:02.554] [main/DEBUG] [net.minecraftforge.coremod.transformer.CoreModBaseTransformer/COREMOD]: Transforming net/minecraft/world/level/levelgen/structure/structures/OceanMonumentPieces$OceanMonumentPiece
[20mar2025 11:40:02.556] [main/DEBUG] [net.minecraftforge.coremod.CoreMod.forge/COREMODLOG]: Redirecting method call finalizeSpawn(Lnet/minecraft/world/level/ServerLevelAccessor;Lnet/minecraft/world/DifficultyInstance;Lnet/minecraft/world/entity/EntitySpawnReason;Lnet/minecraft/world/entity/SpawnGroupData;)Lnet/minecraft/world/entity/SpawnGroupData; to onFinalizeSpawn(Lnet/minecraft/world/entity/Mob;Lnet/minecraft/world/level/ServerLevelAccessor;Lnet/minecraft/world/DifficultyInstance;Lnet/minecraft/world/entity/EntitySpawnReason;Lnet/minecraft/world/entity/SpawnGroupData;)Lnet/minecraft/world/entity/SpawnGroupData; inside of net/minecraft/world/level/levelgen/structure/structures/OceanMonumentPieces$OceanMonumentPiece.spawnElder
[20mar2025 11:40:02.566] [main/DEBUG] [net.minecraftforge.coremod.transformer.CoreModBaseTransformer/COREMOD]: Transforming net/minecraft/world/level/levelgen/structure/structures/WoodlandMansionPieces$WoodlandMansionPiece
[20mar2025 11:40:02.573] [main/DEBUG] [net.minecraftforge.coremod.CoreMod.forge/COREMODLOG]: Redirecting method call finalizeSpawn(Lnet/minecraft/world/level/ServerLevelAccessor;Lnet/minecraft/world/DifficultyInstance;Lnet/minecraft/world/entity/EntitySpawnReason;Lnet/minecraft/world/entity/SpawnGroupData;)Lnet/minecraft/world/entity/SpawnGroupData; to onFinalizeSpawn(Lnet/minecraft/world/entity/Mob;Lnet/minecraft/world/level/ServerLevelAccessor;Lnet/minecraft/world/DifficultyInstance;Lnet/minecraft/world/entity/EntitySpawnReason;Lnet/minecraft/world/entity/SpawnGroupData;)Lnet/minecraft/world/entity/SpawnGroupData; inside of net/minecraft/world/level/levelgen/structure/structures/WoodlandMansionPieces$WoodlandMansionPiece.handleDataMarker
[20mar2025 11:40:03.015] [main/DEBUG] [net.minecraftforge.registries.GameData/REGISTRIES]: Creating vanilla freeze snapshot
[20mar2025 11:40:03.017] [main/DEBUG] [net.minecraftforge.registries.ForgeRegistry/REGISTRIES]: Registry minecraft:block Sync: VANILLA -> ACTIVE
[20mar2025 11:40:03.030] [main/DEBUG] [net.minecraftforge.registries.ForgeRegistry/REGISTRIES]: Registry minecraft:fluid Sync: VANILLA -> ACTIVE
[20mar2025 11:40:03.031] [main/DEBUG] [net.minecraftforge.registries.ForgeRegistry/REGISTRIES]: Registry minecraft:item Sync: VANILLA -> ACTIVE
[20mar2025 11:40:03.043] [main/DEBUG] [net.minecraftforge.registries.ForgeRegistry/REGISTRIES]: Registry minecraft:mob_effect Sync: VANILLA -> ACTIVE
[20mar2025 11:40:03.043] [main/DEBUG] [net.minecraftforge.registries.ForgeRegistry/REGISTRIES]: Registry minecraft:sound_event Sync: VANILLA -> ACTIVE
[20mar2025 11:40:03.057] [main/DEBUG] [net.minecraftforge.registries.ForgeRegistry/REGISTRIES]: Registry minecraft:potion Sync: VANILLA -> ACTIVE
[20mar2025 11:40:03.059] [main/DEBUG] [net.minecraftforge.registries.ForgeRegistry/REGISTRIES]: Registry minecraft:entity_type Sync: VANILLA -> ACTIVE
[20mar2025 11:40:03.060] [main/DEBUG] [net.minecraftforge.registries.ForgeRegistry/REGISTRIES]: Registry minecraft:block_entity_type Sync: VANILLA -> ACTIVE
[20mar2025 11:40:03.060] [main/DEBUG] [net.minecraftforge.registries.ForgeRegistry/REGISTRIES]: Registry minecraft:particle_type Sync: VANILLA -> ACTIVE
[20mar2025 11:40:03.061] [main/DEBUG] [net.minecraftforge.registries.ForgeRegistry/REGISTRIES]: Registry minecraft:menu Sync: VANILLA -> ACTIVE
[20mar2025 11:40:03.062] [main/DEBUG] [net.minecraftforge.registries.ForgeRegistry/REGISTRIES]: Registry minecraft:painting_variant Sync: VANILLA -> ACTIVE
[20mar2025 11:40:03.062] [main/DEBUG] [net.minecraftforge.registries.ForgeRegistry/REGISTRIES]: Registry minecraft:recipe_type Sync: VANILLA -> ACTIVE
[20mar2025 11:40:03.062] [main/DEBUG] [net.minecraftforge.registries.ForgeRegistry/REGISTRIES]: Registry minecraft:recipe_serializer Sync: VANILLA -> ACTIVE
[20mar2025 11:40:03.062] [main/DEBUG] [net.minecraftforge.registries.ForgeRegistry/REGISTRIES]: Registry minecraft:attribute Sync: VANILLA -> ACTIVE
[20mar2025 11:40:03.063] [main/DEBUG] [net.minecraftforge.registries.ForgeRegistry/REGISTRIES]: Registry minecraft:stat_type Sync: VANILLA -> ACTIVE
[20mar2025 11:40:03.063] [main/DEBUG] [net.minecraftforge.registries.ForgeRegistry/REGISTRIES]: Registry minecraft:command_argument_type Sync: VANILLA -> ACTIVE
[20mar2025 11:40:03.063] [main/DEBUG] [net.minecraftforge.registries.ForgeRegistry/REGISTRIES]: Registry minecraft:data_component_type Sync: VANILLA -> ACTIVE
[20mar2025 11:40:03.064] [main/DEBUG] [net.minecraftforge.registries.ForgeRegistry/REGISTRIES]: Registry minecraft:villager_profession Sync: VANILLA -> ACTIVE
[20mar2025 11:40:03.064] [main/DEBUG] [net.minecraftforge.registries.ForgeRegistry/REGISTRIES]: Registry minecraft:point_of_interest_type Sync: VANILLA -> ACTIVE
[20mar2025 11:40:03.066] [main/DEBUG] [net.minecraftforge.registries.ForgeRegistry/REGISTRIES]: Registry minecraft:memory_module_type Sync: VANILLA -> ACTIVE
[20mar2025 11:40:03.068] [main/DEBUG] [net.minecraftforge.registries.ForgeRegistry/REGISTRIES]: Registry minecraft:sensor_type Sync: VANILLA -> ACTIVE
[20mar2025 11:40:03.068] [main/DEBUG] [net.minecraftforge.registries.ForgeRegistry/REGISTRIES]: Registry minecraft:schedule Sync: VANILLA -> ACTIVE
[20mar2025 11:40:03.068] [main/DEBUG] [net.minecraftforge.registries.ForgeRegistry/REGISTRIES]: Registry minecraft:activity Sync: VANILLA -> ACTIVE
[20mar2025 11:40:03.069] [main/DEBUG] [net.minecraftforge.registries.ForgeRegistry/REGISTRIES]: Registry minecraft:worldgen/carver Sync: VANILLA -> ACTIVE
[20mar2025 11:40:03.069] [main/DEBUG] [net.minecraftforge.registries.ForgeRegistry/REGISTRIES]: Registry minecraft:worldgen/feature Sync: VANILLA -> ACTIVE
[20mar2025 11:40:03.069] [main/DEBUG] [net.minecraftforge.registries.ForgeRegistry/REGISTRIES]: Registry minecraft:chunk_status Sync: VANILLA -> ACTIVE
[20mar2025 11:40:03.070] [main/DEBUG] [net.minecraftforge.registries.ForgeRegistry/REGISTRIES]: Registry minecraft:worldgen/block_state_provider_type Sync: VANILLA -> ACTIVE
[20mar2025 11:40:03.070] [main/DEBUG] [net.minecraftforge.registries.ForgeRegistry/REGISTRIES]: Registry minecraft:worldgen/foliage_placer_type Sync: VANILLA -> ACTIVE
[20mar2025 11:40:03.070] [main/DEBUG] [net.minecraftforge.registries.ForgeRegistry/REGISTRIES]: Registry minecraft:worldgen/tree_decorator_type Sync: VANILLA -> ACTIVE
[20mar2025 11:40:03.070] [main/DEBUG] [net.minecraftforge.registries.ForgeRegistry/REGISTRIES]: Registry minecraft:worldgen/biome Sync: VANILLA -> ACTIVE
[20mar2025 11:40:03.075] [main/DEBUG] [net.minecraftforge.registries.GameData/REGISTRIES]: Vanilla registry order:
[20mar2025 11:40:03.076] [main/INFO] [net.minecraftforge.registries.GameData/REGISTRIES]: 	minecraft:root
[20mar2025 11:40:03.076] [main/INFO] [net.minecraftforge.registries.GameData/REGISTRIES]: 	minecraft:sound_event
[20mar2025 11:40:03.076] [main/INFO] [net.minecraftforge.registries.GameData/REGISTRIES]: 	minecraft:fluid
[20mar2025 11:40:03.076] [main/INFO] [net.minecraftforge.registries.GameData/REGISTRIES]: 	minecraft:attribute
[20mar2025 11:40:03.076] [main/INFO] [net.minecraftforge.registries.GameData/REGISTRIES]: 	minecraft:particle_type
[20mar2025 11:40:03.076] [main/INFO] [net.minecraftforge.registries.GameData/REGISTRIES]: 	minecraft:mob_effect
[20mar2025 11:40:03.076] [main/INFO] [net.minecraftforge.registries.GameData/REGISTRIES]: 	minecraft:block
[20mar2025 11:40:03.076] [main/INFO] [net.minecraftforge.registries.GameData/REGISTRIES]: 	minecraft:enchantment_effect_component_type
[20mar2025 11:40:03.076] [main/INFO] [net.minecraftforge.registries.GameData/REGISTRIES]: 	minecraft:data_component_type
[20mar2025 11:40:03.076] [main/INFO] [net.minecraftforge.registries.GameData/REGISTRIES]: 	minecraft:entity_type
[20mar2025 11:40:03.077] [main/INFO] [net.minecraftforge.registries.GameData/REGISTRIES]: 	minecraft:item
[20mar2025 11:40:03.077] [main/INFO] [net.minecraftforge.registries.GameData/REGISTRIES]: 	minecraft:game_event
[20mar2025 11:40:03.077] [main/INFO] [net.minecraftforge.registries.GameData/REGISTRIES]: 	minecraft:potion
[20mar2025 11:40:03.077] [main/INFO] [net.minecraftforge.registries.GameData/REGISTRIES]: 	minecraft:block_entity_type
[20mar2025 11:40:03.077] [main/INFO] [net.minecraftforge.registries.GameData/REGISTRIES]: 	minecraft:stat_type
[20mar2025 11:40:03.077] [main/INFO] [net.minecraftforge.registries.GameData/REGISTRIES]: 	minecraft:custom_stat
[20mar2025 11:40:03.077] [main/INFO] [net.minecraftforge.registries.GameData/REGISTRIES]: 	minecraft:chunk_status
[20mar2025 11:40:03.077] [main/INFO] [net.minecraftforge.registries.GameData/REGISTRIES]: 	minecraft:rule_test
[20mar2025 11:40:03.077] [main/INFO] [net.minecraftforge.registries.GameData/REGISTRIES]: 	minecraft:rule_block_entity_modifier
[20mar2025 11:40:03.078] [main/INFO] [net.minecraftforge.registries.GameData/REGISTRIES]: 	minecraft:pos_rule_test
[20mar2025 11:40:03.078] [main/INFO] [net.minecraftforge.registries.GameData/REGISTRIES]: 	minecraft:menu
[20mar2025 11:40:03.078] [main/INFO] [net.minecraftforge.registries.GameData/REGISTRIES]: 	minecraft:recipe_type
[20mar2025 11:40:03.078] [main/INFO] [net.minecraftforge.registries.GameData/REGISTRIES]: 	minecraft:recipe_serializer
[20mar2025 11:40:03.078] [main/INFO] [net.minecraftforge.registries.GameData/REGISTRIES]: 	minecraft:position_source_type
[20mar2025 11:40:03.078] [main/INFO] [net.minecraftforge.registries.GameData/REGISTRIES]: 	minecraft:command_argument_type
[20mar2025 11:40:03.078] [main/INFO] [net.minecraftforge.registries.GameData/REGISTRIES]: 	minecraft:villager_type
[20mar2025 11:40:03.078] [main/INFO] [net.minecraftforge.registries.GameData/REGISTRIES]: 	minecraft:villager_profession
[20mar2025 11:40:03.078] [main/INFO] [net.minecraftforge.registries.GameData/REGISTRIES]: 	minecraft:point_of_interest_type
[20mar2025 11:40:03.078] [main/INFO] [net.minecraftforge.registries.GameData/REGISTRIES]: 	minecraft:memory_module_type
[20mar2025 11:40:03.078] [main/INFO] [net.minecraftforge.registries.GameData/REGISTRIES]: 	minecraft:sensor_type
[20mar2025 11:40:03.078] [main/INFO] [net.minecraftforge.registries.GameData/REGISTRIES]: 	minecraft:activity
[20mar2025 11:40:03.078] [main/INFO] [net.minecraftforge.registries.GameData/REGISTRIES]: 	minecraft:schedule
[20mar2025 11:40:03.078] [main/INFO] [net.minecraftforge.registries.GameData/REGISTRIES]: 	minecraft:loot_score_provider_type
[20mar2025 11:40:03.078] [main/INFO] [net.minecraftforge.registries.GameData/REGISTRIES]: 	minecraft:loot_number_provider_type
[20mar2025 11:40:03.078] [main/INFO] [net.minecraftforge.registries.GameData/REGISTRIES]: 	minecraft:map_decoration_type
[20mar2025 11:40:03.079] [main/INFO] [net.minecraftforge.registries.GameData/REGISTRIES]: 	minecraft:loot_nbt_provider_type
[20mar2025 11:40:03.079] [main/INFO] [net.minecraftforge.registries.GameData/REGISTRIES]: 	minecraft:loot_function_type
[20mar2025 11:40:03.079] [main/INFO] [net.minecraftforge.registries.GameData/REGISTRIES]: 	minecraft:loot_pool_entry_type
[20mar2025 11:40:03.079] [main/INFO] [net.minecraftforge.registries.GameData/REGISTRIES]: 	minecraft:loot_condition_type
[20mar2025 11:40:03.079] [main/INFO] [net.minecraftforge.registries.GameData/REGISTRIES]: 	minecraft:float_provider_type
[20mar2025 11:40:03.079] [main/INFO] [net.minecraftforge.registries.GameData/REGISTRIES]: 	minecraft:int_provider_type
[20mar2025 11:40:03.079] [main/INFO] [net.minecraftforge.registries.GameData/REGISTRIES]: 	minecraft:height_provider_type
[20mar2025 11:40:03.079] [main/INFO] [net.minecraftforge.registries.GameData/REGISTRIES]: 	minecraft:block_predicate_type
[20mar2025 11:40:03.079] [main/INFO] [net.minecraftforge.registries.GameData/REGISTRIES]: 	minecraft:worldgen/carver
[20mar2025 11:40:03.079] [main/INFO] [net.minecraftforge.registries.GameData/REGISTRIES]: 	minecraft:worldgen/structure_processor
[20mar2025 11:40:03.079] [main/INFO] [net.minecraftforge.registries.GameData/REGISTRIES]: 	minecraft:worldgen/feature
[20mar2025 11:40:03.079] [main/INFO] [net.minecraftforge.registries.GameData/REGISTRIES]: 	minecraft:worldgen/structure_placement
[20mar2025 11:40:03.080] [main/INFO] [net.minecraftforge.registries.GameData/REGISTRIES]: 	minecraft:worldgen/structure_piece
[20mar2025 11:40:03.080] [main/INFO] [net.minecraftforge.registries.GameData/REGISTRIES]: 	minecraft:worldgen/structure_type
[20mar2025 11:40:03.080] [main/INFO] [net.minecraftforge.registries.GameData/REGISTRIES]: 	minecraft:worldgen/placement_modifier_type
[20mar2025 11:40:03.080] [main/INFO] [net.minecraftforge.registries.GameData/REGISTRIES]: 	minecraft:worldgen/block_state_provider_type
[20mar2025 11:40:03.080] [main/INFO] [net.minecraftforge.registries.GameData/REGISTRIES]: 	minecraft:worldgen/foliage_placer_type
[20mar2025 11:40:03.080] [main/INFO] [net.minecraftforge.registries.GameData/REGISTRIES]: 	minecraft:worldgen/trunk_placer_type
[20mar2025 11:40:03.080] [main/INFO] [net.minecraftforge.registries.GameData/REGISTRIES]: 	minecraft:worldgen/root_placer_type
[20mar2025 11:40:03.080] [main/INFO] [net.minecraftforge.registries.GameData/REGISTRIES]: 	minecraft:worldgen/tree_decorator_type
[20mar2025 11:40:03.080] [main/INFO] [net.minecraftforge.registries.GameData/REGISTRIES]: 	minecraft:worldgen/feature_size_type
[20mar2025 11:40:03.080] [main/INFO] [net.minecraftforge.registries.GameData/REGISTRIES]: 	minecraft:worldgen/biome_source
[20mar2025 11:40:03.080] [main/INFO] [net.minecraftforge.registries.GameData/REGISTRIES]: 	minecraft:worldgen/chunk_generator
[20mar2025 11:40:03.081] [main/INFO] [net.minecraftforge.registries.GameData/REGISTRIES]: 	minecraft:worldgen/material_condition
[20mar2025 11:40:03.081] [main/INFO] [net.minecraftforge.registries.GameData/REGISTRIES]: 	minecraft:worldgen/material_rule
[20mar2025 11:40:03.081] [main/INFO] [net.minecraftforge.registries.GameData/REGISTRIES]: 	minecraft:worldgen/density_function_type
[20mar2025 11:40:03.081] [main/INFO] [net.minecraftforge.registries.GameData/REGISTRIES]: 	minecraft:block_type
[20mar2025 11:40:03.081] [main/INFO] [net.minecraftforge.registries.GameData/REGISTRIES]: 	minecraft:worldgen/structure_pool_element
[20mar2025 11:40:03.081] [main/INFO] [net.minecraftforge.registries.GameData/REGISTRIES]: 	minecraft:worldgen/pool_alias_binding
[20mar2025 11:40:03.081] [main/INFO] [net.minecraftforge.registries.GameData/REGISTRIES]: 	minecraft:cat_variant
[20mar2025 11:40:03.081] [main/INFO] [net.minecraftforge.registries.GameData/REGISTRIES]: 	minecraft:frog_variant
[20mar2025 11:40:03.082] [main/INFO] [net.minecraftforge.registries.GameData/REGISTRIES]: 	minecraft:decorated_pot_pattern
[20mar2025 11:40:03.082] [main/INFO] [net.minecraftforge.registries.GameData/REGISTRIES]: 	minecraft:creative_mode_tab
[20mar2025 11:40:03.082] [main/INFO] [net.minecraftforge.registries.GameData/REGISTRIES]: 	minecraft:trigger_type
[20mar2025 11:40:03.082] [main/INFO] [net.minecraftforge.registries.GameData/REGISTRIES]: 	minecraft:number_format_type
[20mar2025 11:40:03.082] [main/INFO] [net.minecraftforge.registries.GameData/REGISTRIES]: 	minecraft:entity_sub_predicate_type
[20mar2025 11:40:03.082] [main/INFO] [net.minecraftforge.registries.GameData/REGISTRIES]: 	minecraft:item_sub_predicate_type
[20mar2025 11:40:03.082] [main/INFO] [net.minecraftforge.registries.GameData/REGISTRIES]: 	minecraft:enchantment_level_based_value_type
[20mar2025 11:40:03.082] [main/INFO] [net.minecraftforge.registries.GameData/REGISTRIES]: 	minecraft:enchantment_entity_effect_type
[20mar2025 11:40:03.082] [main/INFO] [net.minecraftforge.registries.GameData/REGISTRIES]: 	minecraft:enchantment_location_based_effect_type
[20mar2025 11:40:03.082] [main/INFO] [net.minecraftforge.registries.GameData/REGISTRIES]: 	minecraft:enchantment_value_effect_type
[20mar2025 11:40:03.082] [main/INFO] [net.minecraftforge.registries.GameData/REGISTRIES]: 	minecraft:enchantment_provider_type
[20mar2025 11:40:03.082] [main/INFO] [net.minecraftforge.registries.GameData/REGISTRIES]: 	minecraft:consume_effect_type
[20mar2025 11:40:03.082] [main/INFO] [net.minecraftforge.registries.GameData/REGISTRIES]: 	minecraft:recipe_display
[20mar2025 11:40:03.082] [main/INFO] [net.minecraftforge.registries.GameData/REGISTRIES]: 	minecraft:slot_display
[20mar2025 11:40:03.082] [main/INFO] [net.minecraftforge.registries.GameData/REGISTRIES]: 	minecraft:recipe_book_category
[20mar2025 11:40:03.082] [main/DEBUG] [net.minecraftforge.registries.GameData/REGISTRIES]: Vanilla freeze snapshot created
[20mar2025 11:40:03.084] [main/DEBUG] [net.minecraftforge.fml.ModWorkManager/LOADING]: Using 6 threads for parallel mod-loading
[20mar2025 11:40:03.091] [main/DEBUG] [net.minecraftforge.fml.javafmlmod.FMLJavaModLanguageProvider/LOADING]: Loading FMLModContainer from classloader TransformingClassLoader[TRANSFORMER]@2004683715 - got SecureModuleClassLoader[LAYER PLUGIN]@60221145
[20mar2025 11:40:03.093] [main/DEBUG] [net.minecraftforge.fml.javafmlmod.FMLModContainer/LOADING]: Creating FMLModContainer instance for com.blocklegend001.immersiveores.ImmersiveOres
[20mar2025 11:40:03.096] [main/DEBUG] [net.minecraftforge.fml.javafmlmod.FMLModContainer/LOADING]: Loaded modclass immersiveores/com.blocklegend001.immersiveores.ImmersiveOres with TransformingClassLoader[TRANSFORMER]@2004683715
[20mar2025 11:40:03.096] [main/DEBUG] [net.minecraftforge.fml.javafmlmod.FMLJavaModLanguageProvider/LOADING]: Loading FMLModContainer from classloader TransformingClassLoader[TRANSFORMER]@2004683715 - got SecureModuleClassLoader[LAYER PLUGIN]@60221145
[20mar2025 11:40:03.096] [main/DEBUG] [net.minecraftforge.fml.javafmlmod.FMLModContainer/LOADING]: Creating FMLModContainer instance for net.minecraftforge.common.ForgeMod
[20mar2025 11:40:03.097] [main/DEBUG] [net.minecraftforge.fml.javafmlmod.FMLModContainer/LOADING]: Loaded modclass net.minecraftforge.forge/net.minecraftforge.common.ForgeMod with TransformingClassLoader[TRANSFORMER]@2004683715
[20mar2025 11:40:03.122] [modloading-worker-0/DEBUG] [net.minecraftforge.versions.forge.ForgeVersion/CORE]: Forge Version package package net.minecraftforge.versions.forge, Forge, version 0.0 from TransformingClassLoader[TRANSFORMER]@2004683715
[20mar2025 11:40:03.122] [modloading-worker-0/DEBUG] [net.minecraftforge.versions.forge.ForgeVersion/CORE]: Found Forge version 53.0.37
[20mar2025 11:40:03.122] [modloading-worker-0/DEBUG] [net.minecraftforge.versions.forge.ForgeVersion/CORE]: Found Forge spec 0.0
[20mar2025 11:40:03.122] [modloading-worker-0/DEBUG] [net.minecraftforge.versions.forge.ForgeVersion/CORE]: Found Forge group net.minecraftforge
[20mar2025 11:40:03.123] [modloading-worker-0/DEBUG] [net.minecraftforge.versions.mcp.MCPVersion/CORE]: MCP Version package package net.minecraftforge.versions.mcp, Minecraft, version 1.21.3 from TransformingClassLoader[TRANSFORMER]@2004683715
[20mar2025 11:40:03.123] [modloading-worker-0/DEBUG] [net.minecraftforge.versions.mcp.MCPVersion/CORE]: Found MC version information 1.21.3
[20mar2025 11:40:03.123] [modloading-worker-0/DEBUG] [net.minecraftforge.versions.mcp.MCPVersion/CORE]: Found MCP version information 20241025.112443
[20mar2025 11:40:03.123] [modloading-worker-0/INFO] [net.minecraftforge.common.ForgeMod/FORGEMOD]: Forge mod loading, version 53.0.37, for MC 1.21.3 with MCP 20241025.112443
[20mar2025 11:40:03.123] [modloading-worker-0/INFO] [net.minecraftforge.common.MinecraftForge/FORGE]: MinecraftForge v53.0.37 Initialized
[20mar2025 11:40:03.160] [modloading-worker-0/INFO] [net.minecraftforge.common.ForgeMod/FORGEMOD]: Opening jdk.naming.dns/com.sun.jndi.dns to java.naming
[20mar2025 11:40:03.174] [modloading-worker-0/DEBUG] [io.netty.util.internal.PlatformDependent0/]: -Dio.netty.noUnsafe: false
[20mar2025 11:40:03.174] [modloading-worker-0/DEBUG] [io.netty.util.internal.PlatformDependent0/]: Java version: 21
[20mar2025 11:40:03.175] [modloading-worker-0/DEBUG] [io.netty.util.internal.PlatformDependent0/]: sun.misc.Unsafe.theUnsafe: available
[20mar2025 11:40:03.175] [modloading-worker-0/DEBUG] [io.netty.util.internal.PlatformDependent0/]: sun.misc.Unsafe.copyMemory: available
[20mar2025 11:40:03.175] [modloading-worker-0/DEBUG] [io.netty.util.internal.PlatformDependent0/]: sun.misc.Unsafe.storeFence: available
[20mar2025 11:40:03.176] [modloading-worker-0/DEBUG] [io.netty.util.internal.PlatformDependent0/]: java.nio.Buffer.address: available
[20mar2025 11:40:03.179] [modloading-worker-0/DEBUG] [net.minecraftforge.fml.javafmlmod.AutomaticEventSubscriber/LOADING]: Attempting to inject @EventBusSubscriber classes into the eventbus for immersiveores
[20mar2025 11:40:03.183] [modloading-worker-0/DEBUG] [net.minecraftforge.fml.javafmlmod.AutomaticEventSubscriber/LOADING]: Auto-subscribing com.blocklegend001.immersiveores.datagen.DataGenerators to MOD
[20mar2025 11:40:03.186] [modloading-worker-0/DEBUG] [net.minecraftforge.fml.javafmlmod.AutomaticEventSubscriber/LOADING]: Auto-subscribing com.blocklegend001.immersiveores.event.ModEventHandler to FORGE
[20mar2025 11:40:03.186] [modloading-worker-0/DEBUG] [net.minecraftforge.fml.javafmlmod.AutomaticEventSubscriber/LOADING]: Auto-subscribing com.blocklegend001.immersiveores.util.tools.excavator.ModEventsEnderiumExcavator to FORGE
[20mar2025 11:40:03.189] [modloading-worker-0/DEBUG] [net.minecraftforge.fml.javafmlmod.AutomaticEventSubscriber/LOADING]: Auto-subscribing com.blocklegend001.immersiveores.util.tools.excavator.ModEventsVibraniumExcavator to FORGE
[20mar2025 11:40:03.176] [modloading-worker-0/DEBUG] [io.netty.util.internal.PlatformDependent0/]: direct buffer constructor: unavailable
java.lang.UnsupportedOperationException: Reflective setAccessible(true) disabled
	at SECURE-BOOTSTRAP/io.netty.common@4.1.97.Final/io.netty.util.internal.ReflectionUtil.trySetAccessible(ReflectionUtil.java:31) ~[netty-common-4.1.97.Final.jar:4.1.97.Final]
	at SECURE-BOOTSTRAP/io.netty.common@4.1.97.Final/io.netty.util.internal.PlatformDependent0$5.run(PlatformDependent0.java:289) ~[netty-common-4.1.97.Final.jar:4.1.97.Final]
	at java.base/java.security.AccessController.doPrivileged(AccessController.java:319) ~[?:?]
	at SECURE-BOOTSTRAP/io.netty.common@4.1.97.Final/io.netty.util.internal.PlatformDependent0.<clinit>(PlatformDependent0.java:282) ~[netty-common-4.1.97.Final.jar:4.1.97.Final]
	at SECURE-BOOTSTRAP/io.netty.common@4.1.97.Final/io.netty.util.internal.PlatformDependent.isAndroid(PlatformDependent.java:333) ~[netty-common-4.1.97.Final.jar:4.1.97.Final]
	at SECURE-BOOTSTRAP/io.netty.common@4.1.97.Final/io.netty.util.internal.PlatformDependent.<clinit>(PlatformDependent.java:88) ~[netty-common-4.1.97.Final.jar:4.1.97.Final]
	at SECURE-BOOTSTRAP/io.netty.common@4.1.97.Final/io.netty.util.ConstantPool.<init>(ConstantPool.java:34) ~[netty-common-4.1.97.Final.jar:4.1.97.Final]
	at SECURE-BOOTSTRAP/io.netty.common@4.1.97.Final/io.netty.util.AttributeKey$1.<init>(AttributeKey.java:27) ~[netty-common-4.1.97.Final.jar:4.1.97.Final]
	at SECURE-BOOTSTRAP/io.netty.common@4.1.97.Final/io.netty.util.AttributeKey.<clinit>(AttributeKey.java:27) ~[netty-common-4.1.97.Final.jar:4.1.97.Final]
	at TRANSFORMER/net.minecraftforge.forge@53.0.37/net.minecraftforge.network.NetworkInitialization.<clinit>(NetworkInitialization.java:27) ~[forge-1.21.3-53.0.37_mapped_official_1.21.3.jar:?]
	at TRANSFORMER/net.minecraftforge.forge@53.0.37/net.minecraftforge.common.ForgeMod.<init>(ForgeMod.java:379) ~[forge-1.21.3-53.0.37_mapped_official_1.21.3.jar:?]
	at java.base/jdk.internal.reflect.DirectConstructorHandleAccessor.newInstance(DirectConstructorHandleAccessor.java:62) ~[?:?]
	at java.base/java.lang.reflect.Constructor.newInstanceWithCaller(Constructor.java:502) ~[?:?]
	at java.base/java.lang.reflect.Constructor.newInstance(Constructor.java:486) ~[?:?]
	at LAYER PLUGIN/net.minecraftforge.javafmlmod@1.21.3-53.0.37/net.minecraftforge.fml.javafmlmod.FMLModContainer.constructMod(FMLModContainer.java:144) ~[javafmllanguage-1.21.3-53.0.37.jar!/:53.0.37]
	at LAYER PLUGIN/net.minecraftforge.fmlcore@1.21.3-53.0.37/net.minecraftforge.fml.ModStateTransitionHelper.lambda$addCompletableFutureTaskForModDispatch$5(ModStateTransitionHelper.java:117) ~[fmlcore-1.21.3-53.0.37.jar!/:1.0]
	at java.base/java.util.concurrent.CompletableFuture$UniRun.tryFire(CompletableFuture.java:787) [?:?]
	at java.base/java.util.concurrent.CompletableFuture$Completion.exec(CompletableFuture.java:483) [?:?]
	at java.base/java.util.concurrent.ForkJoinTask.doExec(ForkJoinTask.java:387) [?:?]
	at java.base/java.util.concurrent.ForkJoinPool$WorkQueue.topLevelExec(ForkJoinPool.java:1312) [?:?]
	at java.base/java.util.concurrent.ForkJoinPool.scan(ForkJoinPool.java:1843) [?:?]
	at java.base/java.util.concurrent.ForkJoinPool.runWorker(ForkJoinPool.java:1808) [?:?]
	at java.base/java.util.concurrent.ForkJoinWorkerThread.run(ForkJoinWorkerThread.java:188) [?:?]
[20mar2025 11:40:03.190] [modloading-worker-0/DEBUG] [io.netty.util.internal.PlatformDependent0/]: java.nio.Bits.unaligned: available, true
[20mar2025 11:40:03.191] [modloading-worker-0/DEBUG] [net.minecraftforge.fml.javafmlmod.AutomaticEventSubscriber/LOADING]: Auto-subscribing com.blocklegend001.immersiveores.util.tools.excavator.ModEventsVulpusExcavator to FORGE
[20mar2025 11:40:03.191] [modloading-worker-0/DEBUG] [io.netty.util.internal.PlatformDependent0/]: jdk.internal.misc.Unsafe.allocateUninitializedArray(int): unavailable
java.lang.IllegalAccessException: class io.netty.util.internal.PlatformDependent0$7 (in module io.netty.common) cannot access class jdk.internal.misc.Unsafe (in module java.base) because module java.base does not export jdk.internal.misc to module io.netty.common
	at java.base/jdk.internal.reflect.Reflection.newIllegalAccessException(Reflection.java:394) ~[?:?]
	at java.base/java.lang.reflect.AccessibleObject.checkAccess(AccessibleObject.java:714) ~[?:?]
	at java.base/java.lang.reflect.Method.invoke(Method.java:571) ~[?:?]
	at SECURE-BOOTSTRAP/io.netty.common@4.1.97.Final/io.netty.util.internal.PlatformDependent0$7.run(PlatformDependent0.java:411) ~[netty-common-4.1.97.Final.jar:4.1.97.Final]
	at java.base/java.security.AccessController.doPrivileged(AccessController.java:319) ~[?:?]
	at SECURE-BOOTSTRAP/io.netty.common@4.1.97.Final/io.netty.util.internal.PlatformDependent0.<clinit>(PlatformDependent0.java:402) ~[netty-common-4.1.97.Final.jar:4.1.97.Final]
	at SECURE-BOOTSTRAP/io.netty.common@4.1.97.Final/io.netty.util.internal.PlatformDependent.isAndroid(PlatformDependent.java:333) ~[netty-common-4.1.97.Final.jar:4.1.97.Final]
	at SECURE-BOOTSTRAP/io.netty.common@4.1.97.Final/io.netty.util.internal.PlatformDependent.<clinit>(PlatformDependent.java:88) ~[netty-common-4.1.97.Final.jar:4.1.97.Final]
	at SECURE-BOOTSTRAP/io.netty.common@4.1.97.Final/io.netty.util.ConstantPool.<init>(ConstantPool.java:34) ~[netty-common-4.1.97.Final.jar:4.1.97.Final]
	at SECURE-BOOTSTRAP/io.netty.common@4.1.97.Final/io.netty.util.AttributeKey$1.<init>(AttributeKey.java:27) ~[netty-common-4.1.97.Final.jar:4.1.97.Final]
	at SECURE-BOOTSTRAP/io.netty.common@4.1.97.Final/io.netty.util.AttributeKey.<clinit>(AttributeKey.java:27) ~[netty-common-4.1.97.Final.jar:4.1.97.Final]
	at TRANSFORMER/net.minecraftforge.forge@53.0.37/net.minecraftforge.network.NetworkInitialization.<clinit>(NetworkInitialization.java:27) ~[forge-1.21.3-53.0.37_mapped_official_1.21.3.jar:?]
	at TRANSFORMER/net.minecraftforge.forge@53.0.37/net.minecraftforge.common.ForgeMod.<init>(ForgeMod.java:379) ~[forge-1.21.3-53.0.37_mapped_official_1.21.3.jar:?]
	at java.base/jdk.internal.reflect.DirectConstructorHandleAccessor.newInstance(DirectConstructorHandleAccessor.java:62) ~[?:?]
	at java.base/java.lang.reflect.Constructor.newInstanceWithCaller(Constructor.java:502) ~[?:?]
	at java.base/java.lang.reflect.Constructor.newInstance(Constructor.java:486) ~[?:?]
	at LAYER PLUGIN/net.minecraftforge.javafmlmod@1.21.3-53.0.37/net.minecraftforge.fml.javafmlmod.FMLModContainer.constructMod(FMLModContainer.java:144) ~[javafmllanguage-1.21.3-53.0.37.jar!/:53.0.37]
	at LAYER PLUGIN/net.minecraftforge.fmlcore@1.21.3-53.0.37/net.minecraftforge.fml.ModStateTransitionHelper.lambda$addCompletableFutureTaskForModDispatch$5(ModStateTransitionHelper.java:117) ~[fmlcore-1.21.3-53.0.37.jar!/:1.0]
	at java.base/java.util.concurrent.CompletableFuture$UniRun.tryFire(CompletableFuture.java:787) [?:?]
	at java.base/java.util.concurrent.CompletableFuture$Completion.exec(CompletableFuture.java:483) [?:?]
	at java.base/java.util.concurrent.ForkJoinTask.doExec(ForkJoinTask.java:387) [?:?]
	at java.base/java.util.concurrent.ForkJoinPool$WorkQueue.topLevelExec(ForkJoinPool.java:1312) [?:?]
	at java.base/java.util.concurrent.ForkJoinPool.scan(ForkJoinPool.java:1843) [?:?]
	at java.base/java.util.concurrent.ForkJoinPool.runWorker(ForkJoinPool.java:1808) [?:?]
	at java.base/java.util.concurrent.ForkJoinWorkerThread.run(ForkJoinWorkerThread.java:188) [?:?]
[20mar2025 11:40:03.192] [modloading-worker-0/DEBUG] [io.netty.util.internal.PlatformDependent0/]: java.nio.DirectByteBuffer.<init>(long, {int,long}): unavailable
[20mar2025 11:40:03.192] [modloading-worker-0/DEBUG] [io.netty.util.internal.PlatformDependent/]: sun.misc.Unsafe: available
[20mar2025 11:40:03.194] [modloading-worker-0/DEBUG] [io.netty.util.internal.PlatformDependent/]: maxDirectMemory: 4278190080 bytes (maybe)
[20mar2025 11:40:03.194] [modloading-worker-0/DEBUG] [net.minecraftforge.fml.javafmlmod.AutomaticEventSubscriber/LOADING]: Auto-subscribing com.blocklegend001.immersiveores.util.tools.hammer.ModEventsEnderiumHammer to FORGE
[20mar2025 11:40:03.194] [modloading-worker-0/DEBUG] [io.netty.util.internal.PlatformDependent/]: -Dio.netty.tmpdir: C:\Users\rosar\AppData\Local\Temp (java.io.tmpdir)
[20mar2025 11:40:03.194] [modloading-worker-0/DEBUG] [io.netty.util.internal.PlatformDependent/]: -Dio.netty.bitMode: 64 (sun.arch.data.model)
[20mar2025 11:40:03.195] [modloading-worker-0/DEBUG] [io.netty.util.internal.PlatformDependent/]: Platform: Windows
[20mar2025 11:40:03.195] [modloading-worker-0/DEBUG] [io.netty.util.internal.PlatformDependent/]: -Dio.netty.maxDirectMemory: -1 bytes
[20mar2025 11:40:03.195] [modloading-worker-0/DEBUG] [io.netty.util.internal.PlatformDependent/]: -Dio.netty.uninitializedArrayAllocationThreshold: -1
[20mar2025 11:40:03.196] [modloading-worker-0/DEBUG] [io.netty.util.internal.CleanerJava9/]: java.nio.ByteBuffer.cleaner(): available
[20mar2025 11:40:03.197] [modloading-worker-0/DEBUG] [io.netty.util.internal.PlatformDependent/]: -Dio.netty.noPreferDirect: false
[20mar2025 11:40:03.196] [modloading-worker-0/DEBUG] [net.minecraftforge.fml.javafmlmod.AutomaticEventSubscriber/LOADING]: Auto-subscribing com.blocklegend001.immersiveores.util.tools.hammer.ModEventsVibraniumHammer to FORGE
[20mar2025 11:40:03.198] [modloading-worker-0/DEBUG] [net.minecraftforge.fml.javafmlmod.AutomaticEventSubscriber/LOADING]: Auto-subscribing com.blocklegend001.immersiveores.util.tools.hammer.ModEventsVulpusHammer to FORGE
[20mar2025 11:40:03.231] [modloading-worker-0/DEBUG] [net.minecraftforge.network.NetworkInitialization/FORGE_NETWORK]: Registering Network forge:login v0
[20mar2025 11:40:03.231] [modloading-worker-0/DEBUG] [net.minecraftforge.network.NetworkInitialization/FORGE_NETWORK]: Registering Network forge:handshake v0
[20mar2025 11:40:03.231] [modloading-worker-0/DEBUG] [net.minecraftforge.network.NetworkInitialization/FORGE_NETWORK]: Registering Network forge:handshake v0
[20mar2025 11:40:03.231] [modloading-worker-0/DEBUG] [net.minecraftforge.network.NetworkInitialization/FORGE_NETWORK]: Registering Network forge:channel_registration v0
[20mar2025 11:40:03.249] [modloading-worker-0/DEBUG] [net.minecraftforge.fml.config.ConfigTracker/CONFIG]: Config file forge-client.toml for forge tracking
[20mar2025 11:40:03.251] [modloading-worker-0/DEBUG] [net.minecraftforge.fml.config.ConfigTracker/CONFIG]: Config file forge-server.toml for forge tracking
[20mar2025 11:40:03.251] [modloading-worker-0/DEBUG] [net.minecraftforge.fml.config.ConfigTracker/CONFIG]: Config file forge-common.toml for forge tracking
[20mar2025 11:40:03.268] [modloading-worker-0/DEBUG] [net.minecraftforge.fml.javafmlmod.AutomaticEventSubscriber/LOADING]: Attempting to inject @EventBusSubscriber classes into the eventbus for forge
[20mar2025 11:40:03.269] [modloading-worker-0/DEBUG] [net.minecraftforge.fml.javafmlmod.AutomaticEventSubscriber/LOADING]: Auto-subscribing net.minecraftforge.common.ForgeSpawnEggItem$CommonHandler to MOD
[20mar2025 11:40:03.270] [modloading-worker-0/DEBUG] [net.minecraftforge.fml.javafmlmod.AutomaticEventSubscriber/LOADING]: Auto-subscribing net.minecraftforge.common.ForgeSpawnEggItem$ColorRegisterHandler to MOD
[20mar2025 11:40:03.272] [modloading-worker-0/DEBUG] [net.minecraftforge.fml.javafmlmod.AutomaticEventSubscriber/LOADING]: Auto-subscribing net.minecraftforge.client.model.data.ModelDataManager to FORGE
[20mar2025 11:40:03.274] [modloading-worker-0/DEBUG] [net.minecraftforge.fml.javafmlmod.AutomaticEventSubscriber/LOADING]: Auto-subscribing net.minecraftforge.client.ClientForgeMod to MOD
[20mar2025 11:40:03.284] [main/DEBUG] [net.minecraftforge.registries.ObjectHolderRegistry/REGISTRIES]: Processing ObjectHolder annotations
[20mar2025 11:40:03.289] [main/DEBUG] [net.minecraftforge.common.capabilities.CapabilityManager/CAPABILITIES]: Attempting to automatically register: Lnet/minecraftforge/energy/IEnergyStorage;
[20mar2025 11:40:03.290] [main/DEBUG] [net.minecraftforge.common.capabilities.CapabilityManager/CAPABILITIES]: Attempting to automatically register: Lnet/minecraftforge/fluids/capability/IFluidHandler;
[20mar2025 11:40:03.290] [main/DEBUG] [net.minecraftforge.common.capabilities.CapabilityManager/CAPABILITIES]: Attempting to automatically register: Lnet/minecraftforge/fluids/capability/IFluidHandlerItem;
[20mar2025 11:40:03.290] [main/DEBUG] [net.minecraftforge.common.capabilities.CapabilityManager/CAPABILITIES]: Attempting to automatically register: Lnet/minecraftforge/items/IItemHandler;
[20mar2025 11:40:03.291] [main/DEBUG] [net.minecraftforge.registries.GameData/REGISTRIES]: Unfreezing vanilla registries
[20mar2025 11:40:03.292] [main/DEBUG] [net.minecraftforge.registries.GameData/REGISTRIES]: Applying holder lookups: minecraft:sound_event
[20mar2025 11:40:03.292] [main/DEBUG] [net.minecraftforge.registries.GameData/REGISTRIES]: Holder lookups applied: minecraft:sound_event
[20mar2025 11:40:03.292] [main/DEBUG] [net.minecraftforge.registries.GameData/REGISTRIES]: Applying holder lookups: minecraft:fluid
[20mar2025 11:40:03.292] [main/DEBUG] [net.minecraftforge.registries.GameData/REGISTRIES]: Holder lookups applied: minecraft:fluid
[20mar2025 11:40:03.293] [main/DEBUG] [net.minecraftforge.registries.GameData/REGISTRIES]: Applying holder lookups: minecraft:attribute
[20mar2025 11:40:03.293] [main/DEBUG] [net.minecraftforge.registries.GameData/REGISTRIES]: Holder lookups applied: minecraft:attribute
[20mar2025 11:40:03.293] [main/DEBUG] [net.minecraftforge.registries.GameData/REGISTRIES]: Applying holder lookups: minecraft:particle_type
[20mar2025 11:40:03.295] [main/DEBUG] [net.minecraftforge.registries.GameData/REGISTRIES]: Holder lookups applied: minecraft:particle_type
[20mar2025 11:40:03.295] [main/DEBUG] [net.minecraftforge.registries.GameData/REGISTRIES]: Applying holder lookups: minecraft:mob_effect
[20mar2025 11:40:03.295] [main/DEBUG] [net.minecraftforge.registries.GameData/REGISTRIES]: Holder lookups applied: minecraft:mob_effect
[20mar2025 11:40:03.296] [main/DEBUG] [net.minecraftforge.registries.GameData/REGISTRIES]: Applying holder lookups: minecraft:block
[20mar2025 11:40:03.296] [main/DEBUG] [net.minecraftforge.registries.GameData/REGISTRIES]: Holder lookups applied: minecraft:block
[20mar2025 11:40:03.297] [main/DEBUG] [net.minecraftforge.registries.GameData/REGISTRIES]: Applying holder lookups: minecraft:enchantment_effect_component_type
[20mar2025 11:40:03.297] [main/DEBUG] [net.minecraftforge.registries.GameData/REGISTRIES]: Holder lookups applied: minecraft:enchantment_effect_component_type
[20mar2025 11:40:03.297] [main/DEBUG] [net.minecraftforge.registries.GameData/REGISTRIES]: Applying holder lookups: minecraft:data_component_type
[20mar2025 11:40:03.297] [main/DEBUG] [net.minecraftforge.registries.GameData/REGISTRIES]: Holder lookups applied: minecraft:data_component_type
[20mar2025 11:40:03.297] [main/DEBUG] [net.minecraftforge.registries.GameData/REGISTRIES]: Applying holder lookups: minecraft:entity_type
[20mar2025 11:40:03.297] [main/DEBUG] [net.minecraftforge.registries.GameData/REGISTRIES]: Holder lookups applied: minecraft:entity_type
[20mar2025 11:40:03.308] [main/DEBUG] [net.minecraftforge.registries.GameData/REGISTRIES]: Applying holder lookups: minecraft:item
[20mar2025 11:40:03.308] [main/DEBUG] [net.minecraftforge.registries.GameData/REGISTRIES]: Holder lookups applied: minecraft:item
[20mar2025 11:40:03.308] [main/DEBUG] [net.minecraftforge.registries.GameData/REGISTRIES]: Applying holder lookups: minecraft:game_event
[20mar2025 11:40:03.308] [main/DEBUG] [net.minecraftforge.registries.GameData/REGISTRIES]: Holder lookups applied: minecraft:game_event
[20mar2025 11:40:03.308] [main/DEBUG] [net.minecraftforge.registries.GameData/REGISTRIES]: Applying holder lookups: minecraft:potion
[20mar2025 11:40:03.308] [main/DEBUG] [net.minecraftforge.registries.GameData/REGISTRIES]: Holder lookups applied: minecraft:potion
[20mar2025 11:40:03.309] [main/DEBUG] [net.minecraftforge.registries.GameData/REGISTRIES]: Applying holder lookups: minecraft:block_entity_type
[20mar2025 11:40:03.309] [main/DEBUG] [net.minecraftforge.registries.GameData/REGISTRIES]: Holder lookups applied: minecraft:block_entity_type
[20mar2025 11:40:03.309] [main/DEBUG] [net.minecraftforge.registries.GameData/REGISTRIES]: Applying holder lookups: minecraft:stat_type
[20mar2025 11:40:03.309] [main/DEBUG] [net.minecraftforge.registries.GameData/REGISTRIES]: Holder lookups applied: minecraft:stat_type
[20mar2025 11:40:03.309] [main/DEBUG] [net.minecraftforge.registries.GameData/REGISTRIES]: Applying holder lookups: minecraft:custom_stat
[20mar2025 11:40:03.309] [main/DEBUG] [net.minecraftforge.registries.GameData/REGISTRIES]: Holder lookups applied: minecraft:custom_stat
[20mar2025 11:40:03.310] [main/DEBUG] [net.minecraftforge.registries.GameData/REGISTRIES]: Applying holder lookups: minecraft:chunk_status
[20mar2025 11:40:03.310] [main/DEBUG] [net.minecraftforge.registries.GameData/REGISTRIES]: Holder lookups applied: minecraft:chunk_status
[20mar2025 11:40:03.310] [main/DEBUG] [net.minecraftforge.registries.GameData/REGISTRIES]: Applying holder lookups: minecraft:rule_test
[20mar2025 11:40:03.310] [main/DEBUG] [net.minecraftforge.registries.GameData/REGISTRIES]: Holder lookups applied: minecraft:rule_test
[20mar2025 11:40:03.310] [main/DEBUG] [net.minecraftforge.registries.GameData/REGISTRIES]: Applying holder lookups: minecraft:rule_block_entity_modifier
[20mar2025 11:40:03.310] [main/DEBUG] [net.minecraftforge.registries.GameData/REGISTRIES]: Holder lookups applied: minecraft:rule_block_entity_modifier
[20mar2025 11:40:03.310] [main/DEBUG] [net.minecraftforge.registries.GameData/REGISTRIES]: Applying holder lookups: minecraft:pos_rule_test
[20mar2025 11:40:03.310] [main/DEBUG] [net.minecraftforge.registries.GameData/REGISTRIES]: Holder lookups applied: minecraft:pos_rule_test
[20mar2025 11:40:03.310] [main/DEBUG] [net.minecraftforge.registries.GameData/REGISTRIES]: Applying holder lookups: minecraft:menu
[20mar2025 11:40:03.310] [main/DEBUG] [net.minecraftforge.registries.GameData/REGISTRIES]: Holder lookups applied: minecraft:menu
[20mar2025 11:40:03.310] [main/DEBUG] [net.minecraftforge.registries.GameData/REGISTRIES]: Applying holder lookups: minecraft:recipe_type
[20mar2025 11:40:03.311] [main/DEBUG] [net.minecraftforge.registries.GameData/REGISTRIES]: Holder lookups applied: minecraft:recipe_type
[20mar2025 11:40:03.312] [main/DEBUG] [net.minecraftforge.registries.GameData/REGISTRIES]: Applying holder lookups: minecraft:recipe_serializer
[20mar2025 11:40:03.312] [main/DEBUG] [net.minecraftforge.registries.GameData/REGISTRIES]: Holder lookups applied: minecraft:recipe_serializer
[20mar2025 11:40:03.313] [main/DEBUG] [net.minecraftforge.registries.GameData/REGISTRIES]: Applying holder lookups: minecraft:position_source_type
[20mar2025 11:40:03.313] [main/DEBUG] [net.minecraftforge.registries.GameData/REGISTRIES]: Holder lookups applied: minecraft:position_source_type
[20mar2025 11:40:03.314] [main/DEBUG] [net.minecraftforge.registries.GameData/REGISTRIES]: Applying holder lookups: minecraft:command_argument_type
[20mar2025 11:40:03.314] [main/DEBUG] [net.minecraftforge.registries.GameData/REGISTRIES]: Holder lookups applied: minecraft:command_argument_type
[20mar2025 11:40:03.314] [main/DEBUG] [net.minecraftforge.registries.GameData/REGISTRIES]: Applying holder lookups: minecraft:villager_type
[20mar2025 11:40:03.314] [main/DEBUG] [net.minecraftforge.registries.GameData/REGISTRIES]: Holder lookups applied: minecraft:villager_type
[20mar2025 11:40:03.314] [main/DEBUG] [net.minecraftforge.registries.GameData/REGISTRIES]: Applying holder lookups: minecraft:villager_profession
[20mar2025 11:40:03.314] [main/DEBUG] [net.minecraftforge.registries.GameData/REGISTRIES]: Holder lookups applied: minecraft:villager_profession
[20mar2025 11:40:03.314] [main/DEBUG] [net.minecraftforge.registries.GameData/REGISTRIES]: Applying holder lookups: minecraft:point_of_interest_type
[20mar2025 11:40:03.314] [main/DEBUG] [net.minecraftforge.registries.GameData/REGISTRIES]: Holder lookups applied: minecraft:point_of_interest_type
[20mar2025 11:40:03.314] [main/DEBUG] [net.minecraftforge.registries.GameData/REGISTRIES]: Applying holder lookups: minecraft:memory_module_type
[20mar2025 11:40:03.314] [main/DEBUG] [net.minecraftforge.registries.GameData/REGISTRIES]: Holder lookups applied: minecraft:memory_module_type
[20mar2025 11:40:03.316] [main/DEBUG] [net.minecraftforge.registries.GameData/REGISTRIES]: Applying holder lookups: minecraft:sensor_type
[20mar2025 11:40:03.316] [main/DEBUG] [net.minecraftforge.registries.GameData/REGISTRIES]: Holder lookups applied: minecraft:sensor_type
[20mar2025 11:40:03.316] [main/DEBUG] [net.minecraftforge.registries.GameData/REGISTRIES]: Applying holder lookups: minecraft:activity
[20mar2025 11:40:03.316] [main/DEBUG] [net.minecraftforge.registries.GameData/REGISTRIES]: Holder lookups applied: minecraft:activity
[20mar2025 11:40:03.316] [main/DEBUG] [net.minecraftforge.registries.GameData/REGISTRIES]: Applying holder lookups: minecraft:schedule
[20mar2025 11:40:03.316] [main/DEBUG] [net.minecraftforge.registries.GameData/REGISTRIES]: Holder lookups applied: minecraft:schedule
[20mar2025 11:40:03.316] [main/DEBUG] [net.minecraftforge.registries.GameData/REGISTRIES]: Applying holder lookups: minecraft:loot_score_provider_type
[20mar2025 11:40:03.316] [main/DEBUG] [net.minecraftforge.registries.GameData/REGISTRIES]: Holder lookups applied: minecraft:loot_score_provider_type
[20mar2025 11:40:03.316] [main/DEBUG] [net.minecraftforge.registries.GameData/REGISTRIES]: Applying holder lookups: minecraft:loot_number_provider_type
[20mar2025 11:40:03.316] [main/DEBUG] [net.minecraftforge.registries.GameData/REGISTRIES]: Holder lookups applied: minecraft:loot_number_provider_type
[20mar2025 11:40:03.316] [main/DEBUG] [net.minecraftforge.registries.GameData/REGISTRIES]: Applying holder lookups: minecraft:map_decoration_type
[20mar2025 11:40:03.316] [main/DEBUG] [net.minecraftforge.registries.GameData/REGISTRIES]: Holder lookups applied: minecraft:map_decoration_type
[20mar2025 11:40:03.317] [main/DEBUG] [net.minecraftforge.registries.GameData/REGISTRIES]: Applying holder lookups: minecraft:loot_nbt_provider_type
[20mar2025 11:40:03.317] [main/DEBUG] [net.minecraftforge.registries.GameData/REGISTRIES]: Holder lookups applied: minecraft:loot_nbt_provider_type
[20mar2025 11:40:03.317] [main/DEBUG] [net.minecraftforge.registries.GameData/REGISTRIES]: Applying holder lookups: minecraft:loot_function_type
[20mar2025 11:40:03.317] [main/DEBUG] [net.minecraftforge.registries.GameData/REGISTRIES]: Holder lookups applied: minecraft:loot_function_type
[20mar2025 11:40:03.317] [main/DEBUG] [net.minecraftforge.registries.GameData/REGISTRIES]: Applying holder lookups: minecraft:loot_pool_entry_type
[20mar2025 11:40:03.317] [main/DEBUG] [net.minecraftforge.registries.GameData/REGISTRIES]: Holder lookups applied: minecraft:loot_pool_entry_type
[20mar2025 11:40:03.320] [main/DEBUG] [net.minecraftforge.registries.GameData/REGISTRIES]: Applying holder lookups: minecraft:loot_condition_type
[20mar2025 11:40:03.320] [main/DEBUG] [net.minecraftforge.registries.GameData/REGISTRIES]: Holder lookups applied: minecraft:loot_condition_type
[20mar2025 11:40:03.320] [main/DEBUG] [net.minecraftforge.registries.GameData/REGISTRIES]: Applying holder lookups: minecraft:float_provider_type
[20mar2025 11:40:03.320] [main/DEBUG] [net.minecraftforge.registries.GameData/REGISTRIES]: Holder lookups applied: minecraft:float_provider_type
[20mar2025 11:40:03.320] [main/DEBUG] [net.minecraftforge.registries.GameData/REGISTRIES]: Applying holder lookups: minecraft:int_provider_type
[20mar2025 11:40:03.320] [main/DEBUG] [net.minecraftforge.registries.GameData/REGISTRIES]: Holder lookups applied: minecraft:int_provider_type
[20mar2025 11:40:03.320] [main/DEBUG] [net.minecraftforge.registries.GameData/REGISTRIES]: Applying holder lookups: minecraft:height_provider_type
[20mar2025 11:40:03.320] [main/DEBUG] [net.minecraftforge.registries.GameData/REGISTRIES]: Holder lookups applied: minecraft:height_provider_type
[20mar2025 11:40:03.320] [main/DEBUG] [net.minecraftforge.registries.GameData/REGISTRIES]: Applying holder lookups: minecraft:block_predicate_type
[20mar2025 11:40:03.320] [main/DEBUG] [net.minecraftforge.registries.GameData/REGISTRIES]: Holder lookups applied: minecraft:block_predicate_type
[20mar2025 11:40:03.321] [main/DEBUG] [net.minecraftforge.registries.GameData/REGISTRIES]: Applying holder lookups: minecraft:worldgen/carver
[20mar2025 11:40:03.321] [main/DEBUG] [net.minecraftforge.registries.GameData/REGISTRIES]: Holder lookups applied: minecraft:worldgen/carver
[20mar2025 11:40:03.321] [main/DEBUG] [net.minecraftforge.registries.GameData/REGISTRIES]: Applying holder lookups: minecraft:worldgen/structure_processor
[20mar2025 11:40:03.321] [main/DEBUG] [net.minecraftforge.registries.GameData/REGISTRIES]: Holder lookups applied: minecraft:worldgen/structure_processor
[20mar2025 11:40:03.321] [main/DEBUG] [net.minecraftforge.registries.GameData/REGISTRIES]: Applying holder lookups: minecraft:worldgen/feature
[20mar2025 11:40:03.321] [main/DEBUG] [net.minecraftforge.registries.GameData/REGISTRIES]: Holder lookups applied: minecraft:worldgen/feature
[20mar2025 11:40:03.321] [main/DEBUG] [net.minecraftforge.registries.GameData/REGISTRIES]: Applying holder lookups: minecraft:worldgen/structure_placement
[20mar2025 11:40:03.321] [main/DEBUG] [net.minecraftforge.registries.GameData/REGISTRIES]: Holder lookups applied: minecraft:worldgen/structure_placement
[20mar2025 11:40:03.321] [main/DEBUG] [net.minecraftforge.registries.GameData/REGISTRIES]: Applying holder lookups: minecraft:worldgen/structure_piece
[20mar2025 11:40:03.321] [main/DEBUG] [net.minecraftforge.registries.GameData/REGISTRIES]: Holder lookups applied: minecraft:worldgen/structure_piece
[20mar2025 11:40:03.321] [main/DEBUG] [net.minecraftforge.registries.GameData/REGISTRIES]: Applying holder lookups: minecraft:worldgen/structure_type
[20mar2025 11:40:03.321] [main/DEBUG] [net.minecraftforge.registries.GameData/REGISTRIES]: Holder lookups applied: minecraft:worldgen/structure_type
[20mar2025 11:40:03.321] [main/DEBUG] [net.minecraftforge.registries.GameData/REGISTRIES]: Applying holder lookups: minecraft:worldgen/placement_modifier_type
[20mar2025 11:40:03.321] [main/DEBUG] [net.minecraftforge.registries.GameData/REGISTRIES]: Holder lookups applied: minecraft:worldgen/placement_modifier_type
[20mar2025 11:40:03.322] [main/DEBUG] [net.minecraftforge.registries.GameData/REGISTRIES]: Applying holder lookups: minecraft:worldgen/block_state_provider_type
[20mar2025 11:40:03.322] [main/DEBUG] [net.minecraftforge.registries.GameData/REGISTRIES]: Holder lookups applied: minecraft:worldgen/block_state_provider_type
[20mar2025 11:40:03.322] [main/DEBUG] [net.minecraftforge.registries.GameData/REGISTRIES]: Applying holder lookups: minecraft:worldgen/foliage_placer_type
[20mar2025 11:40:03.322] [main/DEBUG] [net.minecraftforge.registries.GameData/REGISTRIES]: Holder lookups applied: minecraft:worldgen/foliage_placer_type
[20mar2025 11:40:03.322] [main/DEBUG] [net.minecraftforge.registries.GameData/REGISTRIES]: Applying holder lookups: minecraft:worldgen/trunk_placer_type
[20mar2025 11:40:03.322] [main/DEBUG] [net.minecraftforge.registries.GameData/REGISTRIES]: Holder lookups applied: minecraft:worldgen/trunk_placer_type
[20mar2025 11:40:03.322] [main/DEBUG] [net.minecraftforge.registries.GameData/REGISTRIES]: Applying holder lookups: minecraft:worldgen/root_placer_type
[20mar2025 11:40:03.322] [main/DEBUG] [net.minecraftforge.registries.GameData/REGISTRIES]: Holder lookups applied: minecraft:worldgen/root_placer_type
[20mar2025 11:40:03.322] [main/DEBUG] [net.minecraftforge.registries.GameData/REGISTRIES]: Applying holder lookups: minecraft:worldgen/tree_decorator_type
[20mar2025 11:40:03.322] [main/DEBUG] [net.minecraftforge.registries.GameData/REGISTRIES]: Holder lookups applied: minecraft:worldgen/tree_decorator_type
[20mar2025 11:40:03.322] [main/DEBUG] [net.minecraftforge.registries.GameData/REGISTRIES]: Applying holder lookups: minecraft:worldgen/feature_size_type
[20mar2025 11:40:03.322] [main/DEBUG] [net.minecraftforge.registries.GameData/REGISTRIES]: Holder lookups applied: minecraft:worldgen/feature_size_type
[20mar2025 11:40:03.322] [main/DEBUG] [net.minecraftforge.registries.GameData/REGISTRIES]: Applying holder lookups: minecraft:worldgen/biome_source
[20mar2025 11:40:03.322] [main/DEBUG] [net.minecraftforge.registries.GameData/REGISTRIES]: Holder lookups applied: minecraft:worldgen/biome_source
[20mar2025 11:40:03.322] [main/DEBUG] [net.minecraftforge.registries.GameData/REGISTRIES]: Applying holder lookups: minecraft:worldgen/chunk_generator
[20mar2025 11:40:03.323] [main/DEBUG] [net.minecraftforge.registries.GameData/REGISTRIES]: Holder lookups applied: minecraft:worldgen/chunk_generator
[20mar2025 11:40:03.323] [main/DEBUG] [net.minecraftforge.registries.GameData/REGISTRIES]: Applying holder lookups: minecraft:worldgen/material_condition
[20mar2025 11:40:03.323] [main/DEBUG] [net.minecraftforge.registries.GameData/REGISTRIES]: Holder lookups applied: minecraft:worldgen/material_condition
[20mar2025 11:40:03.323] [main/DEBUG] [net.minecraftforge.registries.GameData/REGISTRIES]: Applying holder lookups: minecraft:worldgen/material_rule
[20mar2025 11:40:03.323] [main/DEBUG] [net.minecraftforge.registries.GameData/REGISTRIES]: Holder lookups applied: minecraft:worldgen/material_rule
[20mar2025 11:40:03.323] [main/DEBUG] [net.minecraftforge.registries.GameData/REGISTRIES]: Applying holder lookups: minecraft:worldgen/density_function_type
[20mar2025 11:40:03.323] [main/DEBUG] [net.minecraftforge.registries.GameData/REGISTRIES]: Holder lookups applied: minecraft:worldgen/density_function_type
[20mar2025 11:40:03.323] [main/DEBUG] [net.minecraftforge.registries.GameData/REGISTRIES]: Applying holder lookups: minecraft:block_type
[20mar2025 11:40:03.325] [main/DEBUG] [net.minecraftforge.registries.GameData/REGISTRIES]: Holder lookups applied: minecraft:block_type
[20mar2025 11:40:03.325] [main/DEBUG] [net.minecraftforge.registries.GameData/REGISTRIES]: Applying holder lookups: minecraft:worldgen/structure_pool_element
[20mar2025 11:40:03.325] [main/DEBUG] [net.minecraftforge.registries.GameData/REGISTRIES]: Holder lookups applied: minecraft:worldgen/structure_pool_element
[20mar2025 11:40:03.325] [main/DEBUG] [net.minecraftforge.registries.GameData/REGISTRIES]: Applying holder lookups: minecraft:worldgen/pool_alias_binding
[20mar2025 11:40:03.325] [main/DEBUG] [net.minecraftforge.registries.GameData/REGISTRIES]: Holder lookups applied: minecraft:worldgen/pool_alias_binding
[20mar2025 11:40:03.326] [main/DEBUG] [net.minecraftforge.registries.GameData/REGISTRIES]: Applying holder lookups: minecraft:cat_variant
[20mar2025 11:40:03.326] [main/DEBUG] [net.minecraftforge.registries.GameData/REGISTRIES]: Holder lookups applied: minecraft:cat_variant
[20mar2025 11:40:03.326] [main/DEBUG] [net.minecraftforge.registries.GameData/REGISTRIES]: Applying holder lookups: minecraft:frog_variant
[20mar2025 11:40:03.326] [main/DEBUG] [net.minecraftforge.registries.GameData/REGISTRIES]: Holder lookups applied: minecraft:frog_variant
[20mar2025 11:40:03.326] [main/DEBUG] [net.minecraftforge.registries.GameData/REGISTRIES]: Applying holder lookups: minecraft:decorated_pot_pattern
[20mar2025 11:40:03.326] [main/DEBUG] [net.minecraftforge.registries.GameData/REGISTRIES]: Holder lookups applied: minecraft:decorated_pot_pattern
[20mar2025 11:40:03.327] [main/DEBUG] [net.minecraftforge.registries.GameData/REGISTRIES]: Applying holder lookups: minecraft:creative_mode_tab
[20mar2025 11:40:03.327] [main/DEBUG] [net.minecraftforge.registries.GameData/REGISTRIES]: Holder lookups applied: minecraft:creative_mode_tab
[20mar2025 11:40:03.328] [main/DEBUG] [net.minecraftforge.registries.GameData/REGISTRIES]: Applying holder lookups: minecraft:trigger_type
[20mar2025 11:40:03.328] [main/DEBUG] [net.minecraftforge.registries.GameData/REGISTRIES]: Holder lookups applied: minecraft:trigger_type
[20mar2025 11:40:03.328] [main/DEBUG] [net.minecraftforge.registries.GameData/REGISTRIES]: Applying holder lookups: minecraft:number_format_type
[20mar2025 11:40:03.328] [main/DEBUG] [net.minecraftforge.registries.GameData/REGISTRIES]: Holder lookups applied: minecraft:number_format_type
[20mar2025 11:40:03.329] [main/DEBUG] [net.minecraftforge.registries.GameData/REGISTRIES]: Applying holder lookups: minecraft:entity_sub_predicate_type
[20mar2025 11:40:03.329] [main/DEBUG] [net.minecraftforge.registries.GameData/REGISTRIES]: Holder lookups applied: minecraft:entity_sub_predicate_type
[20mar2025 11:40:03.330] [main/DEBUG] [net.minecraftforge.registries.GameData/REGISTRIES]: Applying holder lookups: minecraft:item_sub_predicate_type
[20mar2025 11:40:03.330] [main/DEBUG] [net.minecraftforge.registries.GameData/REGISTRIES]: Holder lookups applied: minecraft:item_sub_predicate_type
[20mar2025 11:40:03.330] [main/DEBUG] [net.minecraftforge.registries.GameData/REGISTRIES]: Applying holder lookups: minecraft:enchantment_level_based_value_type
[20mar2025 11:40:03.330] [main/DEBUG] [net.minecraftforge.registries.GameData/REGISTRIES]: Holder lookups applied: minecraft:enchantment_level_based_value_type
[20mar2025 11:40:03.330] [main/DEBUG] [net.minecraftforge.registries.GameData/REGISTRIES]: Applying holder lookups: minecraft:enchantment_entity_effect_type
[20mar2025 11:40:03.331] [main/DEBUG] [net.minecraftforge.registries.GameData/REGISTRIES]: Holder lookups applied: minecraft:enchantment_entity_effect_type
[20mar2025 11:40:03.331] [main/DEBUG] [net.minecraftforge.registries.GameData/REGISTRIES]: Applying holder lookups: minecraft:enchantment_location_based_effect_type
[20mar2025 11:40:03.331] [main/DEBUG] [net.minecraftforge.registries.GameData/REGISTRIES]: Holder lookups applied: minecraft:enchantment_location_based_effect_type
[20mar2025 11:40:03.331] [main/DEBUG] [net.minecraftforge.registries.GameData/REGISTRIES]: Applying holder lookups: minecraft:enchantment_value_effect_type
[20mar2025 11:40:03.331] [main/DEBUG] [net.minecraftforge.registries.GameData/REGISTRIES]: Holder lookups applied: minecraft:enchantment_value_effect_type
[20mar2025 11:40:03.332] [main/DEBUG] [net.minecraftforge.registries.GameData/REGISTRIES]: Applying holder lookups: minecraft:enchantment_provider_type
[20mar2025 11:40:03.332] [main/DEBUG] [net.minecraftforge.registries.GameData/REGISTRIES]: Holder lookups applied: minecraft:enchantment_provider_type
[20mar2025 11:40:03.332] [main/DEBUG] [net.minecraftforge.registries.GameData/REGISTRIES]: Applying holder lookups: minecraft:consume_effect_type
[20mar2025 11:40:03.332] [main/DEBUG] [net.minecraftforge.registries.GameData/REGISTRIES]: Holder lookups applied: minecraft:consume_effect_type
[20mar2025 11:40:03.332] [main/DEBUG] [net.minecraftforge.registries.GameData/REGISTRIES]: Applying holder lookups: minecraft:recipe_display
[20mar2025 11:40:03.332] [main/DEBUG] [net.minecraftforge.registries.GameData/REGISTRIES]: Holder lookups applied: minecraft:recipe_display
[20mar2025 11:40:03.333] [main/DEBUG] [net.minecraftforge.registries.GameData/REGISTRIES]: Applying holder lookups: minecraft:slot_display
[20mar2025 11:40:03.333] [main/DEBUG] [net.minecraftforge.registries.GameData/REGISTRIES]: Holder lookups applied: minecraft:slot_display
[20mar2025 11:40:03.333] [main/DEBUG] [net.minecraftforge.registries.GameData/REGISTRIES]: Applying holder lookups: minecraft:recipe_book_category
[20mar2025 11:40:03.333] [main/DEBUG] [net.minecraftforge.registries.GameData/REGISTRIES]: Holder lookups applied: minecraft:recipe_book_category
[20mar2025 11:40:03.340] [main/DEBUG] [net.minecraftforge.registries.GameData/REGISTRIES]: Applying holder lookups: forge:biome_modifier_serializers
[20mar2025 11:40:03.340] [main/DEBUG] [net.minecraftforge.registries.GameData/REGISTRIES]: Holder lookups applied: forge:biome_modifier_serializers
[20mar2025 11:40:03.346] [main/DEBUG] [net.minecraftforge.registries.GameData/REGISTRIES]: Applying holder lookups: forge:condition_codecs
[20mar2025 11:40:03.346] [main/DEBUG] [net.minecraftforge.registries.GameData/REGISTRIES]: Holder lookups applied: forge:condition_codecs
[20mar2025 11:40:03.346] [main/DEBUG] [net.minecraftforge.registries.GameData/REGISTRIES]: Applying holder lookups: forge:display_contexts
[20mar2025 11:40:03.346] [main/DEBUG] [net.minecraftforge.registries.GameData/REGISTRIES]: Holder lookups applied: forge:display_contexts
[20mar2025 11:40:03.348] [main/DEBUG] [net.minecraftforge.registries.GameData/REGISTRIES]: Applying holder lookups: forge:entity_data_serializers
[20mar2025 11:40:03.348] [main/DEBUG] [net.minecraftforge.registries.GameData/REGISTRIES]: Holder lookups applied: forge:entity_data_serializers
[20mar2025 11:40:03.350] [main/DEBUG] [net.minecraftforge.registries.GameData/REGISTRIES]: Applying holder lookups: forge:fluid_type
[20mar2025 11:40:03.350] [main/DEBUG] [net.minecraftforge.registries.GameData/REGISTRIES]: Holder lookups applied: forge:fluid_type
[20mar2025 11:40:03.352] [main/DEBUG] [net.minecraftforge.registries.GameData/REGISTRIES]: Applying holder lookups: forge:global_loot_modifier_serializers
[20mar2025 11:40:03.352] [main/DEBUG] [net.minecraftforge.registries.GameData/REGISTRIES]: Holder lookups applied: forge:global_loot_modifier_serializers
[20mar2025 11:40:03.355] [main/DEBUG] [net.minecraftforge.registries.GameData/REGISTRIES]: Applying holder lookups: forge:holder_set_type
[20mar2025 11:40:03.357] [main/DEBUG] [net.minecraftforge.registries.GameData/REGISTRIES]: Holder lookups applied: forge:holder_set_type
[20mar2025 11:40:03.365] [main/DEBUG] [net.minecraftforge.registries.GameData/REGISTRIES]: Applying holder lookups: forge:ingredient_serializers
[20mar2025 11:40:03.365] [main/DEBUG] [net.minecraftforge.registries.GameData/REGISTRIES]: Holder lookups applied: forge:ingredient_serializers
[20mar2025 11:40:03.365] [main/DEBUG] [net.minecraftforge.registries.GameData/REGISTRIES]: Applying holder lookups: forge:structure_modifier_serializers
[20mar2025 11:40:03.365] [main/DEBUG] [net.minecraftforge.registries.GameData/REGISTRIES]: Holder lookups applied: forge:structure_modifier_serializers
[20mar2025 11:40:03.365] [main/DEBUG] [net.minecraftforge.registries.GameData/REGISTRIES]: Applying holder lookups: minecraft:painting_variant
[20mar2025 11:40:03.365] [main/DEBUG] [net.minecraftforge.registries.GameData/REGISTRIES]: Holder lookups applied: minecraft:painting_variant
[20mar2025 11:40:03.366] [main/DEBUG] [net.minecraftforge.registries.GameData/REGISTRIES]: Applying holder lookups: minecraft:worldgen/biome
[20mar2025 11:40:03.366] [main/DEBUG] [net.minecraftforge.registries.GameData/REGISTRIES]: Holder lookups applied: minecraft:worldgen/biome
[20mar2025 11:40:03.416] [main/INFO] [net.minecraftforge.data.loading.DatagenModLoader/]: Initializing Data Gatherer for mods [immersiveores]
[20mar2025 11:40:03.498] [main/WARN] [net.minecraft.server.packs.VanillaPackResourcesBuilder/]: Assets URL 'union:/C:/Users/rosar/.gradle/caches/forge_gradle/minecraft_user_repo/net/minecraftforge/forge/1.21.3-53.0.37_mapped_official_1.21.3/forge-1.21.3-53.0.37_mapped_official_1.21.3.jar%230!/assets/.mcassetsroot' uses unexpected schema
[20mar2025 11:40:03.499] [main/WARN] [net.minecraft.server.packs.VanillaPackResourcesBuilder/]: Assets URL 'union:/C:/Users/rosar/.gradle/caches/forge_gradle/minecraft_user_repo/net/minecraftforge/forge/1.21.3-53.0.37_mapped_official_1.21.3/forge-1.21.3-53.0.37_mapped_official_1.21.3.jar%230!/data/.mcassetsroot' uses unexpected schema
[20mar2025 11:40:03.653] [main/INFO] [net.minecraft.data.DataGenerator/]: Starting provider: Recipes
[20mar2025 11:40:03.935] [main/INFO] [net.minecraft.data.DataGenerator/]: Recipes finished after 281 ms
[20mar2025 11:40:03.935] [main/INFO] [net.minecraft.data.DataGenerator/]: Starting provider: Block States: immersiveores
[20mar2025 11:40:03.953] [main/INFO] [net.minecraft.data.DataGenerator/]: Block States: immersiveores finished after 18 ms
[20mar2025 11:40:03.953] [main/INFO] [net.minecraft.data.DataGenerator/]: Starting provider: Item Models: immersiveores
[20mar2025 11:40:04.000] [main/INFO] [net.minecraft.data.DataGenerator/]: Item Models: immersiveores finished after 47 ms
[20mar2025 11:40:04.000] [main/INFO] [net.minecraft.data.DataGenerator/]: Starting provider: Loot Tables
[20mar2025 11:40:04.018] [main/INFO] [net.minecraft.data.DataGenerator/]: Loot Tables finished after 16 ms
[20mar2025 11:40:04.018] [main/INFO] [net.minecraft.data.DataGenerator/]: Starting provider: Tags for minecraft:block mod id immersiveores
[20mar2025 11:40:04.026] [main/INFO] [net.minecraft.data.DataGenerator/]: Tags for minecraft:block mod id immersiveores finished after 8 ms
[20mar2025 11:40:04.026] [main/INFO] [net.minecraft.data.DataGenerator/]: Starting provider: Tags for minecraft:item mod id immersiveores
[20mar2025 11:40:04.035] [main/INFO] [net.minecraft.data.DataGenerator/]: Tags for minecraft:item mod id immersiveores finished after 6 ms
[20mar2025 11:40:04.035] [main/INFO] [net.minecraft.data.DataGenerator/]: Starting provider: Registries
[20mar2025 11:40:04.092] [main/INFO] [net.minecraft.data.DataGenerator/]: Registries finished after 57 ms
[20mar2025 11:40:04.092] [main/INFO] [net.minecraft.data.DataGenerator/]: Starting provider: Advancements
[20mar2025 11:40:04.112] [main/INFO] [net.minecraft.data.DataGenerator/]: Advancements finished after 19 ms
[20mar2025 11:40:04.112] [main/INFO] [net.minecraft.data.DataGenerator/]: All providers took: 459 ms
[20mar2025 11:40:04.120] [main/INFO] [net.minecraft.data.HashCache/]: Caching: total files: 428, old count: 425, new count: 429, removed stale: 0, written: 3
